ID,Item,Damage_Rate,Cost,Company_Info,Report_Date,Completion_Date,Repair_Days
EST_00001,보호펜스,3,173000,신세계시설관리,2020-01-01,2020-03-14,73
EST_00002,축구골대,3,3168000,우신산업,2020-01-01,2020-04-15,105
EST_00003,농구대,2,799000,신세계토목,2020-01-01,2020-02-15,45
EST_00004,농구대,3,1780000,국토개발,2020-01-02,2020-04-17,106
EST_00005,그네,2,1059000,신세계건설,2020-01-02,2020-04-05,94
EST_00006,농구대,2,695000,미래안전,2020-01-02,2020-02-25,54
EST_00007,미끄럼틀,3,4473000,대명테크,2020-01-02,2020-05-29,148
EST_00008,등받이없는벤치,3,531000,한성건설,2020-01-02,2020-02-14,43
EST_00009,달리기,1,720000,한성안전,2020-01-03,2020-02-03,31
EST_00010,보호펜스,2,101000,현대건설,2020-01-03,2020-02-13,41
EST_00011,트랜치,3,206000,동화시스템,2020-01-03,2020-02-03,31
EST_00012,미끄럼틀,2,2350000,한성시설관리,2020-01-03,2020-04-05,93
EST_00013,보호시설물볼라드,3,284000,대명건설,2020-01-04,2020-02-28,55
EST_00014,축구골대,2,1333000,우신테크,2020-01-04,2020-02-26,53
EST_00015,등받이있는벤치,3,531000,신세계조경,2020-01-04,2020-02-18,45
EST_00016,맨홀,2,542000,중앙테크,2020-01-05,2020-02-06,32
EST_00017,보호시설물무단횡단방지시설,1,95000,미래시설관리,2020-01-05,2020-01-30,25
EST_00018,그네,2,1317000,동화시설관리,2020-01-05,2020-03-18,73
EST_00019,등받이있는벤치,1,200000,우신조경,2020-01-05,2020-01-22,17
EST_00020,보호시설물무단횡단방지시설,3,458000,태영테크,2020-01-05,2020-02-29,55
EST_00021,보호시설물볼라드,1,45000,중앙테크,2020-01-06,2020-01-21,15
EST_00022,점자블록,3,63000,중앙산업,2020-01-06,2020-02-06,31
EST_00023,보도블록,2,22000,대명시설관리,2020-01-06,2020-01-22,16
EST_00024,보호펜스,3,180000,에코시설,2020-01-06,2020-03-14,68
EST_00025,그네,2,887000,한성시설관리,2020-01-06,2020-03-15,69
EST_00026,등받이있는벤치,2,263000,대명건설,2020-01-06,2020-02-04,29
EST_00027,트랜치,2,125000,중앙건설,2020-01-07,2020-01-23,16
EST_00028,보호펜스,2,106000,그린플레이,2020-01-07,2020-02-18,42
EST_00029,가로수보호덮개,1,89000,현대시스템,2020-01-07,2020-01-17,10
EST_00030,보호시설물볼라드,3,190000,에코시설,2020-01-07,2020-02-27,51
EST_00031,점자블록,3,88000,동화조경,2020-01-08,2020-02-13,36
EST_00032,보호시설물볼라드,1,62000,우신조경,2020-01-08,2020-01-25,17
EST_00033,트랜치,2,125000,미래시스템,2020-01-08,2020-01-24,16
EST_00034,등받이없는벤치,3,517000,우신시설관리,2020-01-08,2020-02-22,45
EST_00035,등받이있는벤치,3,555000,제일안전,2020-01-08,2020-02-16,39
EST_00036,보호시설물무단횡단방지시설,1,94000,한성산업,2020-01-08,2020-01-30,22
EST_00037,농구대,3,1432000,대명산업,2020-01-08,2020-03-20,72
EST_00038,보호펜스,2,84000,우신조경,2020-01-09,2020-02-11,33
EST_00039,등받이없는벤치,3,607000,미래안전,2020-01-10,2020-03-05,55
EST_00040,그네,3,1932000,제일산업,2020-01-10,2020-06-06,148
EST_00041,보도블록,1,14000,태영안전,2020-01-10,2020-01-20,10
EST_00042,점자블록,1,12000,동화조경,2020-01-10,2020-01-22,12
EST_00043,가로수보호덮개,1,90000,한성토목,2020-01-11,2020-01-22,11
EST_00044,보차도경계석,1,16000,신세계시설관리,2020-01-11,2020-01-28,17
EST_00045,점자블록,3,92000,신세계시설관리,2020-01-11,2020-02-20,40
EST_00046,그네,1,449000,제일안전,2020-01-11,2020-02-26,46
EST_00047,보차도경계석,3,150000,신세계시스템,2020-01-12,2020-02-29,48
EST_00048,트랜치,3,193000,태영안전,2020-01-12,2020-02-09,28
EST_00049,점자블록,3,62000,그린플레이,2020-01-12,2020-02-14,33
EST_00050,점자블록,1,15000,한성건설,2020-01-12,2020-01-24,12
EST_00051,농구대,2,1013000,제일시설관리,2020-01-12,2020-02-22,41
EST_00052,가로수보호덮개,3,377000,신세계조경,2020-01-12,2020-02-12,31
EST_00053,보차도경계석,3,143000,한성건설,2020-01-12,2020-03-13,61
EST_00054,보호시설물볼라드,2,102000,동화조경,2020-01-13,2020-02-03,21
EST_00055,가로수보호덮개,2,197000,한성산업,2020-01-13,2020-02-02,20
EST_00056,보도블록,2,22000,우신테크,2020-01-13,2020-02-03,21
EST_00057,맨홀,1,171000,태영안전,2020-01-13,2020-02-05,23
EST_00058,보도블록,3,50000,태영테크,2020-01-13,2020-02-12,30
EST_00059,맨홀,2,590000,중앙건설,2020-01-13,2020-02-20,38
EST_00060,보도블록,2,33000,제일안전,2020-01-13,2020-01-31,18
EST_00061,보호시설물볼라드,1,55000,중앙토목,2020-01-13,2020-01-28,15
EST_00062,보호시설물무단횡단방지시설,1,104000,미래안전,2020-01-14,2020-02-06,23
EST_00063,트랜치,1,59000,신세계안전,2020-01-14,2020-01-25,11
EST_00064,점자블록,2,33000,한성시설관리,2020-01-14,2020-02-03,20
EST_00065,보호시설물무단횡단방지시설,2,194000,중앙산업,2020-01-14,2020-02-23,40
EST_00066,달리기,3,2469000,한성건설,2020-01-15,2020-05-01,107
EST_00067,그네,1,507000,태영테크,2020-01-15,2020-03-11,56
EST_00068,맨홀,3,940000,제일테크,2020-01-15,2020-03-17,62
EST_00069,등받이없는벤치,2,288000,대명건설,2020-01-15,2020-02-07,23
EST_00070,등받이있는벤치,1,172000,동화조경,2020-01-15,2020-02-01,17
EST_00071,트랜치,3,208000,우신산업,2020-01-15,2020-02-28,44
EST_00072,보도블록,2,28000,미래안전,2020-01-16,2020-02-03,18
EST_00073,트랜치,2,120000,제일토목,2020-01-16,2020-02-05,20
EST_00074,보호시설물무단횡단방지시설,1,63000,제일안전,2020-01-16,2020-02-09,24
EST_00075,보차도경계석,2,80000,태영테크,2020-01-16,2020-02-12,27
EST_00076,등받이있는벤치,3,538000,우신시설관리,2020-01-16,2020-02-21,36
EST_00077,보차도경계석,3,148000,제일조경,2020-01-16,2020-02-26,41
EST_00078,축구골대,3,3608000,우신조경,2020-01-16,2020-04-24,99
EST_00079,등받이있는벤치,1,157000,우신시설관리,2020-01-16,2020-01-31,15
EST_00080,보호시설물볼라드,1,68000,동화조경,2020-01-17,2020-01-31,14
EST_00081,보호시설물무단횡단방지시설,3,452000,신세계테크,2020-01-17,2020-04-03,77
EST_00082,농구대,1,481000,미래토목,2020-01-17,2020-02-12,26
EST_00083,등받이없는벤치,3,512000,중앙건설,2020-01-17,2020-03-07,50
EST_00084,보호펜스,3,151000,대명건설,2020-01-17,2020-03-11,54
EST_00085,그네,1,313000,제일토목,2020-01-18,2020-03-06,48
EST_00086,농구대,3,1532000,제일테크,2020-01-19,2020-04-20,92
EST_00087,트랜치,1,57000,대명산업,2020-01-19,2020-01-31,12
EST_00088,보호시설물볼라드,1,42000,태영건설,2020-01-19,2020-02-03,15
EST_00089,보호시설물무단횡단방지시설,2,242000,신세계토목,2020-01-20,2020-02-21,32
EST_00090,가로수보호덮개,3,288000,대명안전,2020-01-20,2020-03-02,42
EST_00091,등받이없는벤치,1,120000,신세계조경,2020-01-21,2020-02-06,16
EST_00092,가로수보호덮개,3,289000,제일테크,2020-01-21,2020-03-04,43
EST_00093,그네,3,1990000,제일토목,2020-01-21,2020-06-27,158
EST_00094,트랜치,3,216000,그린플레이,2020-01-21,2020-02-24,34
EST_00095,보호시설물볼라드,3,197000,도시정비단,2020-01-21,2020-03-13,52
EST_00096,보호시설물볼라드,1,42000,동화테크,2020-01-22,2020-02-08,17
EST_00097,가로수보호덮개,3,461000,중앙건설,2020-01-22,2020-03-04,42
EST_00098,보호펜스,3,192000,우신산업,2020-01-22,2020-03-16,54
EST_00099,보차도경계석,1,25000,대명테크,2020-01-22,2020-02-08,17
EST_00100,맨홀,1,229000,대명시설관리,2020-01-23,2020-02-15,23
EST_00101,보호펜스,1,26000,동화테크,2020-01-23,2020-02-14,22
EST_00102,등받이없는벤치,2,259000,신세계안전,2020-01-23,2020-02-15,23
EST_00103,보호시설물볼라드,3,229000,우신산업,2020-01-23,2020-03-06,43
EST_00104,보호시설물볼라드,2,96000,중앙토목,2020-01-24,2020-02-20,27
EST_00105,축구골대,1,572000,신세계안전,2020-01-24,2020-02-27,34
EST_00106,보호시설물볼라드,2,138000,미래토목,2020-01-24,2020-02-17,24
EST_00107,점자블록,3,62000,신세계시설관리,2020-01-25,2020-02-25,31
EST_00108,맨홀,3,888000,신세계토목,2020-01-25,2020-04-11,77
EST_00109,그네,3,2036000,중앙테크,2020-01-25,2020-06-18,145
EST_00110,점자블록,1,22000,신세계테크,2020-01-25,2020-02-04,10
EST_00111,농구대,2,814000,중앙안전,2020-01-25,2020-03-11,46
EST_00112,달리기,2,1422000,중앙안전,2020-01-25,2020-03-26,61
EST_00113,보차도경계석,1,20000,제일안전,2020-01-25,2020-02-09,15
EST_00114,보차도경계석,3,107000,제일안전,2020-01-25,2020-03-19,54
EST_00115,등받이있는벤치,3,646000,신세계토목,2020-01-25,2020-03-09,44
EST_00116,축구골대,2,1775000,대명건설,2020-01-26,2020-03-15,49
EST_00117,맨홀,1,214000,신세계조경,2020-01-26,2020-02-20,25
EST_00118,가로수보호덮개,3,430000,대명산업,2020-01-26,2020-03-09,43
EST_00119,등받이없는벤치,2,309000,에코시설,2020-01-26,2020-02-16,21
EST_00120,가로수보호덮개,1,76000,신세계건설,2020-01-27,2020-02-07,11
EST_00121,보호시설물무단횡단방지시설,1,85000,그린플레이,2020-01-27,2020-02-21,25
EST_00122,등받이있는벤치,1,146000,대명시설관리,2020-01-27,2020-02-14,18
EST_00123,그네,3,2473000,제일조경,2020-01-27,2020-05-31,125
EST_00124,달리기,2,1491000,한성산업,2020-01-27,2020-03-15,48
EST_00125,보도블록,1,15000,현대시스템,2020-01-28,2020-02-09,12
EST_00126,가로수보호덮개,1,58000,한성시설관리,2020-01-28,2020-02-07,10
EST_00127,등받이없는벤치,3,601000,한성토목,2020-01-28,2020-03-20,52
EST_00128,농구대,1,511000,태영안전,2020-01-29,2020-02-26,28
EST_00129,미끄럼틀,3,4018000,동화조경,2020-01-29,2020-07-08,161
EST_00130,보도블록,3,51000,제일조경,2020-01-29,2020-03-02,33
EST_00131,보도블록,2,20000,그린플레이,2020-01-29,2020-02-18,20
EST_00132,등받이있는벤치,3,714000,신세계조경,2020-01-30,2020-03-16,46
EST_00133,보호시설물무단횡단방지시설,3,491000,제일토목,2020-01-30,2020-04-08,69
EST_00134,보호펜스,3,149000,신세계시스템,2020-01-30,2020-05-01,92
EST_00135,가로수보호덮개,1,106000,미래시설관리,2020-01-31,2020-02-11,11
EST_00136,그네,2,1038000,동화테크,2020-01-31,2020-04-20,80
EST_00137,점자블록,1,21000,대명안전,2020-01-31,2020-02-10,10
EST_00138,등받이없는벤치,3,546000,제일토목,2020-02-01,2020-03-11,39
EST_00139,축구골대,1,688000,대명안전,2020-02-01,2020-03-10,38
EST_00140,점자블록,2,43000,태영건설,2020-02-01,2020-02-17,16
EST_00141,축구골대,3,3952000,태영안전,2020-02-01,2020-05-14,103
EST_00142,그네,3,2436000,제일테크,2020-02-01,2020-06-30,150
EST_00143,보호시설물무단횡단방지시설,2,174000,우신산업,2020-02-01,2020-03-13,41
EST_00144,맨홀,1,273000,제일테크,2020-02-01,2020-02-25,24
EST_00145,맨홀,2,542000,동화토목,2020-02-01,2020-03-14,42
EST_00146,맨홀,1,190000,제일토목,2020-02-01,2020-02-23,22
EST_00147,농구대,2,1075000,신세계시설관리,2020-02-02,2020-03-15,42
EST_00148,달리기,2,1332000,미래시설관리,2020-02-02,2020-04-02,60
EST_00149,점자블록,1,18000,우신조경,2020-02-02,2020-02-13,11
EST_00150,농구대,1,464000,중앙건설,2020-02-02,2020-02-27,25
EST_00151,달리기,2,1510000,제일토목,2020-02-02,2020-03-24,51
EST_00152,등받이있는벤치,1,100000,신세계안전,2020-02-03,2020-02-20,17
EST_00153,가로수보호덮개,1,56000,미래안전,2020-02-03,2020-02-15,12
EST_00154,가로수보호덮개,3,411000,신세계안전,2020-02-04,2020-03-09,34
EST_00155,미끄럼틀,3,3361000,대명산업,2020-02-04,2020-06-28,145
EST_00156,미끄럼틀,2,2078000,에코시설,2020-02-04,2020-04-25,81
EST_00157,등받이있는벤치,3,795000,신세계건설,2020-02-04,2020-03-30,55
EST_00158,농구대,2,683000,태영안전,2020-02-04,2020-03-27,52
EST_00159,등받이있는벤치,1,172000,미래토목,2020-02-04,2020-02-21,17
EST_00160,등받이있는벤치,2,307000,태영안전,2020-02-04,2020-02-29,25
EST_00161,등받이없는벤치,1,94000,중앙토목,2020-02-04,2020-02-21,17
EST_00162,미끄럼틀,1,910000,제일토목,2020-02-04,2020-03-23,48
EST_00163,맨홀,2,547000,제일테크,2020-02-05,2020-03-13,37
EST_00164,그네,2,1172000,에코시설,2020-02-05,2020-04-15,70
EST_00165,맨홀,3,766000,한성토목,2020-02-06,2020-05-04,88
EST_00166,보도블록,2,29000,국토개발,2020-02-06,2020-02-25,19
EST_00167,등받이없는벤치,1,113000,대명테크,2020-02-06,2020-02-23,17
EST_00168,보도블록,1,14000,대명테크,2020-02-07,2020-02-18,11
EST_00169,보호시설물무단횡단방지시설,2,274000,제일안전,2020-02-07,2020-03-22,44
EST_00170,보차도경계석,1,29000,미래시스템,2020-02-07,2020-02-23,16
EST_00171,그네,3,2064000,중앙안전,2020-02-07,2020-06-18,132
EST_00172,등받이없는벤치,1,96000,중앙산업,2020-02-07,2020-02-25,18
EST_00173,가로수보호덮개,1,75000,태영안전,2020-02-07,2020-02-17,10
EST_00174,그네,3,2118000,동화시설관리,2020-02-08,2020-08-25,199
EST_00175,가로수보호덮개,3,297000,한성시설관리,2020-02-08,2020-03-15,36
EST_00176,보호펜스,3,225000,신세계시설관리,2020-02-08,2020-05-07,89
EST_00177,트랜치,2,120000,미래시스템,2020-02-08,2020-02-23,15
EST_00178,등받이있는벤치,2,358000,중앙토목,2020-02-08,2020-03-06,27
EST_00179,보호펜스,3,207000,한성산업,2020-02-09,2020-04-13,64
EST_00180,등받이없는벤치,1,137000,동화시스템,2020-02-09,2020-02-23,14
EST_00181,보호시설물볼라드,3,189000,중앙건설,2020-02-09,2020-03-22,42
EST_00182,농구대,2,856000,대명건설,2020-02-09,2020-03-21,41
EST_00183,맨홀,2,448000,중앙건설,2020-02-09,2020-03-15,35
EST_00184,등받이없는벤치,2,283000,도시정비단,2020-02-10,2020-03-08,27
EST_00185,등받이있는벤치,1,168000,중앙토목,2020-02-10,2020-02-24,14
EST_00186,보호시설물볼라드,3,285000,제일시설관리,2020-02-10,2020-04-02,52
EST_00187,농구대,1,500000,현대건설,2020-02-11,2020-03-09,27
EST_00188,가로수보호덮개,1,64000,제일안전,2020-02-11,2020-02-21,10
EST_00189,트랜치,3,254000,현대시스템,2020-02-11,2020-03-13,31
EST_00190,보호시설물볼라드,2,135000,동화조경,2020-02-12,2020-03-11,28
EST_00191,보차도경계석,2,50000,신세계건설,2020-02-12,2020-03-07,24
EST_00192,그네,3,1765000,신세계토목,2020-02-12,2020-07-26,165
EST_00193,등받이있는벤치,2,354000,중앙안전,2020-02-12,2020-03-05,22
EST_00194,등받이없는벤치,3,432000,신세계시설관리,2020-02-12,2020-04-12,60
EST_00195,보호시설물무단횡단방지시설,3,462000,제일테크,2020-02-13,2020-05-16,93
EST_00196,등받이없는벤치,1,117000,대명시설관리,2020-02-13,2020-02-27,14
EST_00197,점자블록,2,42000,신세계테크,2020-02-13,2020-03-02,18
EST_00198,그네,3,2444000,중앙안전,2020-02-13,2020-07-30,168
EST_00199,보차도경계석,3,126000,제일토목,2020-02-13,2020-03-21,37
EST_00200,축구골대,2,1468000,미래토목,2020-02-13,2020-04-06,53
EST_00201,축구골대,1,912000,신세계토목,2020-02-13,2020-03-21,37
EST_00202,보호시설물볼라드,3,244000,대명건설,2020-02-14,2020-03-23,38
EST_00203,보호시설물볼라드,2,128000,동화토목,2020-02-14,2020-03-10,25
EST_00204,점자블록,2,45000,동화토목,2020-02-14,2020-03-02,17
EST_00205,달리기,2,1482000,대명테크,2020-02-14,2020-04-09,55
EST_00206,등받이없는벤치,1,141000,제일산업,2020-02-14,2020-03-01,16
EST_00207,농구대,1,405000,대명시설관리,2020-02-14,2020-03-15,30
EST_00208,보도블록,1,13000,중앙테크,2020-02-15,2020-02-27,12
EST_00209,축구골대,3,3972000,신세계토목,2020-02-15,2020-06-15,121
EST_00210,맨홀,1,257000,대명산업,2020-02-15,2020-03-11,25
EST_00211,보차도경계석,3,153000,대명건설,2020-02-15,2020-04-13,58
EST_00212,농구대,2,1106000,동화토목,2020-02-16,2020-03-25,38
EST_00213,맨홀,2,419000,신세계테크,2020-02-17,2020-03-19,31
EST_00214,보차도경계석,2,63000,에코시설,2020-02-18,2020-03-18,29
EST_00215,트랜치,2,117000,동화테크,2020-02-18,2020-03-04,15
EST_00216,보호시설물무단횡단방지시설,1,120000,미래토목,2020-02-18,2020-03-11,22
EST_00217,보차도경계석,1,23000,한성건설,2020-02-18,2020-03-03,14
EST_00218,등받이없는벤치,1,96000,그린플레이,2020-02-18,2020-03-06,17
EST_00219,보도블록,1,8000,신세계시스템,2020-02-18,2020-02-28,10
EST_00220,보도블록,2,20000,신세계시설관리,2020-02-18,2020-03-06,17
EST_00221,가로수보호덮개,2,147000,중앙건설,2020-02-19,2020-03-06,16
EST_00222,맨홀,3,921000,미래시스템,2020-02-19,2020-04-19,60
EST_00223,등받이없는벤치,1,113000,제일토목,2020-02-20,2020-03-08,17
EST_00224,그네,1,467000,대명산업,2020-02-20,2020-04-12,52
EST_00225,보도블록,1,13000,동화시스템,2020-02-21,2020-03-03,11
EST_00226,등받이있는벤치,3,699000,태영테크,2020-02-21,2020-04-02,41
EST_00227,농구대,2,792000,동화테크,2020-02-21,2020-04-12,51
EST_00228,보호시설물무단횡단방지시설,3,536000,국토개발,2020-02-21,2020-04-22,61
EST_00229,농구대,1,309000,중앙산업,2020-02-21,2020-03-18,26
EST_00230,농구대,3,2172000,미래시설관리,2020-02-22,2020-05-22,90
EST_00231,보도블록,3,54000,동화시스템,2020-02-22,2020-04-02,40
EST_00232,미끄럼틀,1,627000,우신산업,2020-02-22,2020-04-07,45
EST_00233,보호시설물볼라드,3,271000,제일시설관리,2020-02-22,2020-04-24,62
EST_00234,등받이있는벤치,2,415000,제일시설관리,2020-02-22,2020-03-19,26
EST_00235,그네,1,481000,제일토목,2020-02-23,2020-04-15,52
EST_00236,등받이없는벤치,3,532000,대명안전,2020-02-23,2020-03-30,36
EST_00237,보차도경계석,3,104000,제일시설관리,2020-02-23,2020-04-11,48
EST_00238,미끄럼틀,1,1051000,동화시설관리,2020-02-23,2020-04-11,48
EST_00239,보도블록,1,7000,동화토목,2020-02-24,2020-03-06,11
EST_00240,보호펜스,2,104000,그린플레이,2020-02-24,2020-04-04,40
EST_00241,보호시설물볼라드,3,241000,미래안전,2020-02-24,2020-04-12,48
EST_00242,달리기,2,1141000,한성토목,2020-02-24,2020-04-21,57
EST_00243,보호시설물무단횡단방지시설,1,107000,동화시설관리,2020-02-24,2020-03-17,22
EST_00244,보호시설물무단횡단방지시설,3,443000,미래안전,2020-02-24,2020-05-04,70
EST_00245,보호시설물무단횡단방지시설,2,189000,중앙건설,2020-02-24,2020-04-07,43
EST_00246,가로수보호덮개,2,205000,동화조경,2020-02-24,2020-03-14,19
EST_00247,등받이없는벤치,3,425000,한성건설,2020-02-25,2020-04-05,40
EST_00248,달리기,1,754000,대명시설관리,2020-02-25,2020-03-29,33
EST_00249,보호펜스,3,160000,대명안전,2020-02-25,2020-05-29,94
EST_00250,보차도경계석,3,137000,제일산업,2020-02-25,2020-04-02,37
EST_00251,보차도경계석,1,22000,태영건설,2020-02-25,2020-03-10,14
EST_00252,미끄럼틀,3,3267000,제일조경,2020-02-26,2020-07-05,130
EST_00253,미끄럼틀,2,1628000,동화시스템,2020-02-26,2020-05-11,75
EST_00254,등받이없는벤치,3,419000,신세계시설관리,2020-02-27,2020-04-15,48
EST_00255,보도블록,3,47000,도시정비단,2020-02-27,2020-04-05,38
EST_00256,농구대,3,2017000,그린플레이,2020-02-27,2020-05-10,73
EST_00257,그네,3,1853000,대명테크,2020-02-27,2020-09-06,192
EST_00258,등받이있는벤치,1,129000,동화시설관리,2020-02-27,2020-03-12,14
EST_00259,트랜치,1,43000,국토개발,2020-02-27,2020-03-09,11
EST_00260,보호펜스,2,100000,제일조경,2020-02-27,2020-03-30,32
EST_00261,농구대,1,366000,중앙테크,2020-02-27,2020-03-23,25
EST_00262,농구대,1,444000,대명건설,2020-02-27,2020-03-26,28
EST_00263,트랜치,3,185000,동화테크,2020-02-27,2020-04-06,39
EST_00264,점자블록,1,18000,신세계조경,2020-02-28,2020-03-10,11
EST_00265,점자블록,3,61000,동화조경,2020-02-28,2020-04-09,41
EST_00266,가로수보호덮개,1,50000,제일산업,2020-02-28,2020-03-10,11
EST_00267,등받이있는벤치,1,166000,신세계시스템,2020-02-28,2020-03-15,16
EST_00268,점자블록,2,32000,동화시설관리,2020-02-28,2020-03-16,17
EST_00269,보차도경계석,1,21000,제일조경,2020-02-28,2020-03-15,16
EST_00270,보호펜스,3,144000,중앙건설,2020-02-28,2020-05-19,81
EST_00271,가로수보호덮개,1,58000,제일안전,2020-02-28,2020-03-09,10
EST_00272,점자블록,2,43000,동화조경,2020-02-28,2020-03-18,19
EST_00273,등받이없는벤치,1,110000,그린플레이,2020-02-28,2020-03-14,15
EST_00274,보호시설물무단횡단방지시설,2,257000,그린플레이,2020-02-28,2020-04-12,44
EST_00275,가로수보호덮개,2,148000,현대건설,2020-02-28,2020-03-14,15
EST_00276,등받이없는벤치,1,142000,제일테크,2020-02-28,2020-03-13,14
EST_00277,등받이없는벤치,3,547000,중앙건설,2020-02-28,2020-04-04,36
EST_00278,보호펜스,3,157000,한성건설,2020-02-28,2020-04-26,58
EST_00279,보차도경계석,1,27000,우신조경,2020-02-29,2020-03-14,14
EST_00280,보호시설물볼라드,1,42000,동화토목,2020-02-29,2020-03-17,17
EST_00281,맨홀,2,500000,제일안전,2020-02-29,2020-03-31,31
EST_00282,보호펜스,2,114000,우신산업,2020-02-29,2020-04-04,35
EST_00283,보차도경계석,2,50000,신세계시설관리,2020-03-01,2020-03-25,24
EST_00284,그네,1,547000,동화토목,2020-03-01,2020-04-19,49
EST_00285,그네,2,1323000,대명시설관리,2020-03-01,2020-05-23,83
EST_00286,맨홀,3,1084000,신세계테크,2020-03-01,2020-04-27,57
EST_00287,미끄럼틀,1,776000,동화조경,2020-03-01,2020-04-16,46
EST_00288,보호펜스,3,209000,태영안전,2020-03-02,2020-06-03,93
EST_00289,보차도경계석,2,82000,미래안전,2020-03-02,2020-03-26,24
EST_00290,보차도경계석,3,119000,한성토목,2020-03-02,2020-04-27,56
EST_00291,미끄럼틀,2,2057000,미래토목,2020-03-02,2020-05-16,75
EST_00292,보호시설물볼라드,2,127000,에코시설,2020-03-03,2020-03-30,27
EST_00293,그네,2,1030000,미래안전,2020-03-03,2020-05-28,86
EST_00294,축구골대,2,1565000,태영건설,2020-03-04,2020-04-26,53
EST_00295,보호시설물볼라드,3,218000,현대시스템,2020-03-04,2020-04-20,47
EST_00296,농구대,3,1444000,대명산업,2020-03-04,2020-06-22,110
EST_00297,보호시설물무단횡단방지시설,1,113000,동화시설관리,2020-03-04,2020-03-25,21
EST_00298,보차도경계석,3,112000,한성산업,2020-03-05,2020-04-19,45
EST_00299,점자블록,3,92000,미래시스템,2020-03-05,2020-03-31,26
EST_00300,점자블록,1,15000,우신테크,2020-03-05,2020-03-17,12
EST_00301,보호시설물무단횡단방지시설,3,356000,대명산업,2020-03-06,2020-05-07,62
EST_00302,보호시설물무단횡단방지시설,3,545000,제일테크,2020-03-06,2020-05-23,78
EST_00303,달리기,2,1635000,신세계토목,2020-03-06,2020-04-27,52
EST_00304,보호펜스,3,152000,에코시설,2020-03-06,2020-05-12,67
EST_00305,그네,1,416000,동화시설관리,2020-03-06,2020-05-02,57
EST_00306,농구대,3,1832000,동화시스템,2020-03-06,2020-06-13,99
EST_00307,달리기,2,1495000,동화시설관리,2020-03-06,2020-05-02,57
EST_00308,그네,3,1804000,태영테크,2020-03-07,2020-09-06,183
EST_00309,그네,2,1336000,대명건설,2020-03-07,2020-06-02,87
EST_00310,미끄럼틀,3,3871000,동화시스템,2020-03-08,2020-07-29,143
EST_00311,보차도경계석,3,140000,우신시설관리,2020-03-08,2020-04-25,48
EST_00312,보호시설물볼라드,1,56000,한성시설관리,2020-03-08,2020-03-25,17
EST_00313,보호펜스,2,93000,제일테크,2020-03-08,2020-04-11,34
EST_00314,미끄럼틀,1,733000,중앙토목,2020-03-08,2020-05-04,57
EST_00315,트랜치,1,30000,우신산업,2020-03-08,2020-03-18,10
EST_00316,등받이없는벤치,1,88000,한성산업,2020-03-08,2020-03-22,14
EST_00317,등받이있는벤치,2,372000,미래토목,2020-03-08,2020-04-02,25
EST_00318,달리기,2,1425000,신세계테크,2020-03-09,2020-05-13,65
EST_00319,등받이없는벤치,3,463000,제일안전,2020-03-10,2020-04-17,38
EST_00320,축구골대,3,2580000,대명건설,2020-03-10,2020-06-23,105
EST_00321,축구골대,2,1438000,태영건설,2020-03-10,2020-05-03,54
EST_00322,맨홀,1,215000,우신테크,2020-03-10,2020-04-04,25
EST_00323,가로수보호덮개,3,426000,제일토목,2020-03-11,2020-04-14,34
EST_00324,보호펜스,3,148000,제일산업,2020-03-11,2020-05-02,52
EST_00325,그네,1,492000,우신조경,2020-03-11,2020-05-04,54
EST_00326,보호시설물볼라드,3,239000,신세계테크,2020-03-11,2020-05-12,62
EST_00327,맨홀,3,1070000,신세계안전,2020-03-12,2020-05-28,77
EST_00328,농구대,1,299000,우신테크,2020-03-12,2020-04-07,26
EST_00329,가로수보호덮개,1,74000,대명테크,2020-03-12,2020-03-23,11
EST_00330,등받이있는벤치,2,410000,신세계테크,2020-03-12,2020-04-04,23
EST_00331,등받이없는벤치,1,126000,태영건설,2020-03-12,2020-03-28,16
EST_00332,보호펜스,2,77000,태영안전,2020-03-12,2020-04-18,37
EST_00333,보도블록,1,14000,우신시설관리,2020-03-12,2020-03-24,12
EST_00334,그네,3,2157000,제일시설관리,2020-03-12,2020-08-08,149
EST_00335,맨홀,2,510000,현대건설,2020-03-13,2020-04-21,39
EST_00336,축구골대,1,618000,신세계토목,2020-03-13,2020-04-19,37
EST_00337,보도블록,2,29000,한성안전,2020-03-13,2020-04-01,19
EST_00338,농구대,2,1038000,중앙안전,2020-03-13,2020-05-02,50
EST_00339,보도블록,1,9000,동화테크,2020-03-13,2020-03-23,10
EST_00340,그네,1,289000,신세계테크,2020-03-14,2020-04-29,46
EST_00341,보도블록,2,30000,우신산업,2020-03-14,2020-03-31,17
EST_00342,농구대,3,1627000,동화조경,2020-03-14,2020-05-25,72
EST_00343,트랜치,3,241000,중앙테크,2020-03-15,2020-04-11,27
EST_00344,등받이있는벤치,2,351000,우신조경,2020-03-15,2020-04-11,27
EST_00345,축구골대,1,501000,신세계건설,2020-03-15,2020-04-14,30
EST_00346,맨홀,3,1107000,동화시스템,2020-03-15,2020-06-04,81
EST_00347,보차도경계석,3,147000,동화토목,2020-03-16,2020-04-23,38
EST_00348,가로수보호덮개,2,226000,제일안전,2020-03-17,2020-04-05,19
EST_00349,보호시설물무단횡단방지시설,3,430000,우신산업,2020-03-17,2020-05-09,53
EST_00350,등받이있는벤치,1,173000,우신테크,2020-03-17,2020-04-01,15
EST_00351,점자블록,2,42000,중앙테크,2020-03-17,2020-04-01,15
EST_00352,보호시설물볼라드,1,65000,우신산업,2020-03-17,2020-03-31,14
EST_00353,농구대,3,1559000,대명시설관리,2020-03-18,2020-06-15,89
EST_00354,등받이없는벤치,1,67000,국토개발,2020-03-18,2020-04-01,14
EST_00355,트랜치,2,83000,태영테크,2020-03-18,2020-04-04,17
EST_00356,가로수보호덮개,3,305000,한성토목,2020-03-18,2020-04-29,42
EST_00357,보호펜스,2,90000,태영안전,2020-03-19,2020-04-27,39
EST_00358,점자블록,1,12000,도시정비단,2020-03-19,2020-03-30,11
EST_00359,점자블록,2,45000,중앙안전,2020-03-19,2020-04-07,19
EST_00360,그네,3,2311000,미래시설관리,2020-03-20,2020-09-05,169
EST_00361,가로수보호덮개,3,447000,중앙토목,2020-03-21,2020-04-26,36
EST_00362,보호시설물무단횡단방지시설,3,463000,한성시설관리,2020-03-21,2020-06-12,83
EST_00363,미끄럼틀,2,1994000,동화시설관리,2020-03-21,2020-05-29,69
EST_00364,보차도경계석,2,80000,중앙산업,2020-03-21,2020-04-12,22
EST_00365,맨홀,3,934000,에코시설,2020-03-21,2020-06-10,81
EST_00366,보호시설물볼라드,3,290000,태영안전,2020-03-22,2020-04-28,37
EST_00367,농구대,2,839000,제일시설관리,2020-03-22,2020-05-06,45
EST_00368,가로수보호덮개,2,211000,미래안전,2020-03-22,2020-04-12,21
EST_00369,등받이없는벤치,3,599000,한성산업,2020-03-22,2020-05-19,58
EST_00370,보도블록,1,9000,중앙안전,2020-03-22,2020-04-03,12
EST_00371,보호시설물무단횡단방지시설,1,74000,제일안전,2020-03-22,2020-04-13,22
EST_00372,보호시설물볼라드,3,278000,우신시설관리,2020-03-22,2020-05-02,41
EST_00373,트랜치,1,46000,미래안전,2020-03-23,2020-04-02,10
EST_00374,보호시설물무단횡단방지시설,3,451000,신세계시스템,2020-03-23,2020-05-29,67
EST_00375,보차도경계석,3,144000,대명테크,2020-03-23,2020-05-02,40
EST_00376,보호시설물볼라드,3,203000,신세계조경,2020-03-23,2020-05-08,46
EST_00377,등받이없는벤치,1,78000,중앙건설,2020-03-23,2020-04-07,15
EST_00378,트랜치,3,245000,중앙토목,2020-03-23,2020-04-21,29
EST_00379,등받이없는벤치,2,286000,제일토목,2020-03-23,2020-04-19,27
EST_00380,맨홀,2,613000,국토개발,2020-03-24,2020-05-01,38
EST_00381,점자블록,2,39000,중앙테크,2020-03-24,2020-04-14,21
EST_00382,보호펜스,3,186000,신세계토목,2020-03-24,2020-06-13,81
EST_00383,보호시설물무단횡단방지시설,1,93000,대명안전,2020-03-25,2020-04-16,22
EST_00384,보도블록,2,29000,그린플레이,2020-03-25,2020-04-14,20
EST_00385,보차도경계석,3,109000,도시정비단,2020-03-25,2020-05-23,59
EST_00386,맨홀,1,190000,제일테크,2020-03-25,2020-04-18,24
EST_00387,트랜치,3,235000,대명건설,2020-03-26,2020-05-01,36
EST_00388,보차도경계석,2,57000,신세계조경,2020-03-27,2020-04-20,24
EST_00389,트랜치,3,178000,우신조경,2020-03-27,2020-04-24,28
EST_00390,보도블록,3,57000,한성안전,2020-03-27,2020-04-27,31
EST_00391,미끄럼틀,2,1723000,제일산업,2020-03-27,2020-06-10,75
EST_00392,가로수보호덮개,1,70000,제일테크,2020-03-27,2020-04-08,12
EST_00393,보호시설물볼라드,3,284000,동화토목,2020-03-27,2020-05-02,36
EST_00394,미끄럼틀,2,1907000,중앙산업,2020-03-28,2020-07-03,97
EST_00395,축구골대,1,500000,동화시설관리,2020-03-28,2020-05-04,37
EST_00396,트랜치,3,172000,신세계시설관리,2020-03-28,2020-05-02,35
EST_00397,등받이있는벤치,3,713000,우신조경,2020-03-29,2020-05-06,38
EST_00398,트랜치,3,180000,제일조경,2020-03-29,2020-04-27,29
EST_00399,농구대,1,370000,신세계조경,2020-03-30,2020-04-28,29
EST_00400,등받이없는벤치,1,128000,동화테크,2020-03-30,2020-04-15,16
EST_00401,미끄럼틀,1,904000,동화테크,2020-03-30,2020-05-15,46
EST_00402,가로수보호덮개,1,105000,동화시스템,2020-03-30,2020-04-10,11
EST_00403,축구골대,3,3844000,신세계조경,2020-03-30,2020-08-06,129
EST_00404,보도블록,2,20000,한성건설,2020-03-30,2020-04-16,17
EST_00405,농구대,3,1956000,그린플레이,2020-03-30,2020-06-05,67
EST_00406,축구골대,3,3903000,동화테크,2020-03-31,2020-08-10,132
EST_00407,보호펜스,1,34000,신세계테크,2020-03-31,2020-04-24,24
EST_00408,보호시설물무단횡단방지시설,3,522000,제일토목,2020-03-31,2020-06-13,74
EST_00409,등받이없는벤치,1,71000,중앙산업,2020-03-31,2020-04-16,16
EST_00410,보호펜스,2,116000,제일산업,2020-03-31,2020-05-05,35
EST_00411,미끄럼틀,2,1662000,제일조경,2020-04-01,2020-06-11,71
EST_00412,농구대,3,1360000,대명테크,2020-04-01,2020-06-16,76
EST_00413,보호펜스,2,105000,신세계테크,2020-04-01,2020-05-08,37
EST_00414,보호펜스,1,36000,현대건설,2020-04-02,2020-04-23,21
EST_00415,보호시설물무단횡단방지시설,1,73000,한성토목,2020-04-02,2020-04-23,21
EST_00416,미끄럼틀,3,3530000,중앙테크,2020-04-02,2020-08-04,124
EST_00417,축구골대,2,1596000,신세계시설관리,2020-04-02,2020-05-25,53
EST_00418,등받이있는벤치,3,827000,신세계토목,2020-04-02,2020-05-20,48
EST_00419,보호시설물무단횡단방지시설,1,123000,신세계시설관리,2020-04-02,2020-04-28,26
EST_00420,농구대,1,467000,우신산업,2020-04-02,2020-04-29,27
EST_00421,미끄럼틀,3,3287000,중앙산업,2020-04-03,2020-07-31,119
EST_00422,보호펜스,3,189000,신세계토목,2020-04-03,2020-06-02,60
EST_00423,달리기,3,2616000,제일시설관리,2020-04-03,2020-07-01,89
EST_00424,보호펜스,3,157000,그린플레이,2020-04-03,2020-06-28,86
EST_00425,맨홀,3,945000,동화조경,2020-04-03,2020-05-24,51
EST_00426,농구대,2,987000,제일산업,2020-04-03,2020-05-21,48
EST_00427,보호시설물무단횡단방지시설,2,185000,신세계건설,2020-04-03,2020-05-16,43
EST_00428,달리기,1,531000,대명건설,2020-04-04,2020-05-04,30
EST_00429,등받이없는벤치,1,88000,중앙토목,2020-04-04,2020-04-20,16
EST_00430,보차도경계석,1,17000,현대건설,2020-04-04,2020-04-18,14
EST_00431,맨홀,2,370000,미래안전,2020-04-04,2020-05-15,41
EST_00432,트랜치,3,180000,에코시설,2020-04-04,2020-05-08,34
EST_00433,그네,3,2444000,한성안전,2020-04-04,2020-09-15,164
EST_00434,보호시설물무단횡단방지시설,2,264000,대명테크,2020-04-04,2020-05-19,45
EST_00435,그네,1,442000,중앙건설,2020-04-05,2020-05-25,50
EST_00436,농구대,3,1914000,한성토목,2020-04-05,2020-06-21,77
EST_00437,가로수보호덮개,3,344000,중앙건설,2020-04-05,2020-05-04,29
EST_00438,보호시설물무단횡단방지시설,1,86000,대명시설관리,2020-04-05,2020-04-26,21
EST_00439,트랜치,2,114000,그린플레이,2020-04-05,2020-04-21,16
EST_00440,보호시설물무단횡단방지시설,3,532000,신세계안전,2020-04-05,2020-06-12,68
EST_00441,등받이있는벤치,2,279000,제일산업,2020-04-06,2020-04-29,23
EST_00442,농구대,3,2062000,우신테크,2020-04-06,2020-07-25,110
EST_00443,보차도경계석,1,36000,신세계시설관리,2020-04-06,2020-04-24,18
EST_00444,축구골대,1,855000,미래시스템,2020-04-06,2020-05-13,37
EST_00445,달리기,2,1427000,대명안전,2020-04-07,2020-05-27,50
EST_00446,등받이있는벤치,2,365000,제일조경,2020-04-07,2020-04-28,21
EST_00447,보도블록,1,10000,동화조경,2020-04-07,2020-04-18,11
EST_00448,트랜치,3,191000,한성산업,2020-04-08,2020-05-22,44
EST_00449,보호펜스,1,55000,동화토목,2020-04-08,2020-04-30,22
EST_00450,가로수보호덮개,2,231000,신세계건설,2020-04-08,2020-04-26,18
EST_00451,보호시설물볼라드,1,50000,중앙산업,2020-04-09,2020-04-25,16
EST_00452,점자블록,2,34000,한성산업,2020-04-09,2020-04-30,21
EST_00453,보도블록,1,15000,제일시설관리,2020-04-09,2020-04-21,12
EST_00454,농구대,3,1524000,신세계건설,2020-04-10,2020-07-07,88
EST_00455,등받이없는벤치,1,137000,미래시설관리,2020-04-10,2020-04-26,16
EST_00456,축구골대,2,1410000,중앙건설,2020-04-10,2020-06-09,60
EST_00457,등받이있는벤치,3,781000,중앙산업,2020-04-11,2020-06-11,61
EST_00458,보차도경계석,1,22000,한성건설,2020-04-11,2020-04-25,14
EST_00459,농구대,1,461000,그린플레이,2020-04-11,2020-05-10,29
EST_00460,등받이없는벤치,3,484000,한성시설관리,2020-04-11,2020-05-22,41
EST_00461,보차도경계석,1,36000,신세계테크,2020-04-12,2020-04-28,16
EST_00462,그네,1,516000,동화테크,2020-04-12,2020-06-05,54
EST_00463,보호시설물무단횡단방지시설,1,116000,국토개발,2020-04-12,2020-05-08,26
EST_00464,축구골대,2,1787000,신세계시설관리,2020-04-12,2020-06-09,58
EST_00465,보호시설물볼라드,3,284000,한성시설관리,2020-04-12,2020-05-23,41
EST_00466,달리기,2,1086000,태영테크,2020-04-13,2020-06-10,58
EST_00467,농구대,2,773000,미래시설관리,2020-04-13,2020-05-29,46
EST_00468,보호펜스,1,40000,태영안전,2020-04-13,2020-05-08,25
EST_00469,그네,1,361000,제일산업,2020-04-13,2020-06-02,50
EST_00470,가로수보호덮개,2,225000,동화토목,2020-04-13,2020-04-29,16
EST_00471,가로수보호덮개,2,159000,중앙테크,2020-04-13,2020-04-28,15
EST_00472,보호시설물무단횡단방지시설,3,512000,제일안전,2020-04-13,2020-06-07,55
EST_00473,보도블록,3,61000,신세계시설관리,2020-04-13,2020-05-13,30
EST_00474,보호시설물무단횡단방지시설,1,91000,제일시설관리,2020-04-14,2020-05-07,23
EST_00475,축구골대,2,2040000,신세계건설,2020-04-14,2020-06-06,53
EST_00476,축구골대,1,420000,태영건설,2020-04-14,2020-05-22,38
EST_00477,그네,2,1016000,미래시스템,2020-04-14,2020-07-07,84
EST_00478,트랜치,1,34000,제일산업,2020-04-14,2020-04-24,10
EST_00479,보도블록,1,13000,동화시스템,2020-04-14,2020-04-24,10
EST_00480,트랜치,1,42000,제일시설관리,2020-04-15,2020-04-25,10
EST_00481,그네,3,2264000,동화조경,2020-04-15,2020-10-28,196
EST_00482,축구골대,1,712000,태영건설,2020-04-15,2020-05-20,35
EST_00483,보호시설물무단횡단방지시설,2,208000,태영건설,2020-04-15,2020-05-25,40
EST_00484,등받이없는벤치,2,269000,한성산업,2020-04-16,2020-05-13,27
EST_00485,보호시설물무단횡단방지시설,3,479000,제일토목,2020-04-16,2020-07-05,80
EST_00486,미끄럼틀,1,605000,미래시스템,2020-04-16,2020-06-04,49
EST_00487,보도블록,2,25000,제일산업,2020-04-16,2020-05-01,15
EST_00488,등받이있는벤치,2,360000,제일조경,2020-04-16,2020-05-07,21
EST_00489,축구골대,1,831000,중앙건설,2020-04-16,2020-05-21,35
EST_00490,미끄럼틀,1,925000,우신산업,2020-04-17,2020-06-07,51
EST_00491,보호펜스,3,154000,한성건설,2020-04-17,2020-06-19,63
EST_00492,가로수보호덮개,1,69000,동화조경,2020-04-17,2020-04-28,11
EST_00493,보차도경계석,1,20000,대명시설관리,2020-04-17,2020-05-01,14
EST_00494,등받이없는벤치,3,526000,에코시설,2020-04-17,2020-05-28,41
EST_00495,농구대,2,787000,신세계테크,2020-04-17,2020-06-01,45
EST_00496,등받이있는벤치,2,365000,대명시설관리,2020-04-18,2020-05-10,22
EST_00497,그네,2,1199000,미래시스템,2020-04-18,2020-07-16,89
EST_00498,보호시설물무단횡단방지시설,1,111000,한성토목,2020-04-18,2020-05-12,24
EST_00499,보호시설물무단횡단방지시설,2,200000,신세계시스템,2020-04-19,2020-06-01,43
EST_00500,달리기,1,675000,중앙안전,2020-04-19,2020-05-21,32
EST_00501,미끄럼틀,1,1203000,대명산업,2020-04-19,2020-06-05,47
EST_00502,보차도경계석,2,61000,신세계테크,2020-04-20,2020-05-14,24
EST_00503,가로수보호덮개,2,200000,한성건설,2020-04-20,2020-05-06,16
EST_00504,트랜치,2,134000,대명안전,2020-04-21,2020-05-07,16
EST_00505,보호시설물무단횡단방지시설,2,191000,에코시설,2020-04-21,2020-06-02,42
EST_00506,보호펜스,3,183000,동화테크,2020-04-21,2020-07-15,85
EST_00507,보차도경계석,2,77000,중앙테크,2020-04-22,2020-05-16,24
EST_00508,축구골대,2,1578000,미래시설관리,2020-04-22,2020-06-06,45
EST_00509,농구대,2,1117000,제일산업,2020-04-22,2020-06-10,49
EST_00510,그네,3,2379000,신세계시스템,2020-04-22,2020-11-01,193
EST_00511,등받이있는벤치,2,343000,중앙토목,2020-04-22,2020-05-15,23
EST_00512,맨홀,1,215000,현대건설,2020-04-23,2020-05-15,22
EST_00513,달리기,2,1067000,우신테크,2020-04-23,2020-06-19,57
EST_00514,보도블록,2,22000,중앙토목,2020-04-23,2020-05-11,18
EST_00515,등받이없는벤치,1,98000,대명건설,2020-04-23,2020-05-09,16
EST_00516,트랜치,3,200000,신세계조경,2020-04-24,2020-06-04,41
EST_00517,축구골대,3,3919000,신세계시스템,2020-04-24,2020-07-20,87
EST_00518,축구골대,2,1932000,한성토목,2020-04-24,2020-06-28,65
EST_00519,등받이없는벤치,2,301000,현대시스템,2020-04-24,2020-05-23,29
EST_00520,그네,3,2254000,동화시스템,2020-04-24,2020-09-15,144
EST_00521,맨홀,3,1172000,한성토목,2020-04-24,2020-07-16,83
EST_00522,보호시설물볼라드,2,156000,제일조경,2020-04-24,2020-05-15,21
EST_00523,보호시설물무단횡단방지시설,3,548000,한성산업,2020-04-24,2020-06-23,60
EST_00524,보호시설물무단횡단방지시설,2,270000,대명안전,2020-04-24,2020-06-05,42
EST_00525,가로수보호덮개,3,433000,미래안전,2020-04-24,2020-05-28,34
EST_00526,등받이없는벤치,2,205000,동화시스템,2020-04-25,2020-05-23,28
EST_00527,축구골대,1,780000,우신조경,2020-04-25,2020-05-26,31
EST_00528,트랜치,2,83000,대명산업,2020-04-25,2020-05-11,16
EST_00529,가로수보호덮개,1,81000,동화시설관리,2020-04-25,2020-05-07,12
EST_00530,농구대,1,474000,미래시설관리,2020-04-26,2020-05-26,30
EST_00531,농구대,3,1936000,태영테크,2020-04-26,2020-07-11,76
EST_00532,트랜치,2,98000,중앙산업,2020-04-27,2020-05-13,16
EST_00533,그네,1,621000,중앙테크,2020-04-27,2020-06-24,58
EST_00534,등받이있는벤치,1,134000,한성토목,2020-04-27,2020-05-13,16
EST_00535,보호시설물무단횡단방지시설,2,184000,중앙산업,2020-04-27,2020-06-10,44
EST_00536,농구대,2,812000,한성안전,2020-04-27,2020-06-14,48
EST_00537,맨홀,1,205000,동화토목,2020-04-27,2020-05-21,24
EST_00538,맨홀,2,605000,제일토목,2020-04-28,2020-06-04,37
EST_00539,보도블록,3,61000,태영건설,2020-04-28,2020-06-03,36
EST_00540,등받이없는벤치,2,251000,중앙건설,2020-04-29,2020-05-23,24
EST_00541,보호시설물무단횡단방지시설,3,467000,동화시스템,2020-04-29,2020-07-04,66
EST_00542,보호시설물볼라드,1,68000,제일테크,2020-04-30,2020-05-15,15
EST_00543,맨홀,3,801000,대명건설,2020-04-30,2020-06-24,55
EST_00544,달리기,2,1254000,한성산업,2020-04-30,2020-06-24,55
EST_00545,농구대,2,789000,제일산업,2020-04-30,2020-06-18,49
EST_00546,보차도경계석,3,99000,도시정비단,2020-04-30,2020-06-13,44
EST_00547,보호시설물무단횡단방지시설,3,530000,미래시스템,2020-04-30,2020-07-09,70
EST_00548,그네,1,408000,현대건설,2020-04-30,2020-06-18,49
EST_00549,농구대,1,289000,태영테크,2020-04-30,2020-06-01,32
EST_00550,점자블록,1,22000,태영건설,2020-05-01,2020-05-11,10
EST_00551,보호시설물볼라드,1,50000,미래시스템,2020-05-01,2020-05-17,16
EST_00552,보도블록,2,21000,우신테크,2020-05-01,2020-05-18,17
EST_00553,보차도경계석,1,31000,우신시설관리,2020-05-01,2020-05-19,18
EST_00554,보호시설물무단횡단방지시설,3,408000,신세계건설,2020-05-02,2020-06-27,56
EST_00555,보도블록,1,9000,대명건설,2020-05-02,2020-05-14,12
EST_00556,보호시설물무단횡단방지시설,2,220000,한성시설관리,2020-05-02,2020-06-09,38
EST_00557,보차도경계석,3,102000,그린플레이,2020-05-02,2020-07-01,60
EST_00558,가로수보호덮개,3,394000,중앙토목,2020-05-03,2020-06-10,38
EST_00559,점자블록,2,35000,미래토목,2020-05-03,2020-05-18,15
EST_00560,농구대,2,977000,에코시설,2020-05-04,2020-06-23,50
EST_00561,농구대,2,1028000,신세계시스템,2020-05-04,2020-06-26,53
EST_00562,축구골대,2,1937000,대명테크,2020-05-04,2020-06-19,46
EST_00563,등받이없는벤치,3,541000,동화조경,2020-05-05,2020-07-04,60
EST_00564,미끄럼틀,1,587000,신세계토목,2020-05-05,2020-06-23,49
EST_00565,보호시설물무단횡단방지시설,3,494000,태영안전,2020-05-05,2020-08-06,93
EST_00566,등받이있는벤치,1,156000,한성안전,2020-05-05,2020-05-22,17
EST_00567,등받이있는벤치,1,161000,우신테크,2020-05-05,2020-05-19,14
EST_00568,축구골대,2,1936000,한성토목,2020-05-05,2020-06-26,52
EST_00569,보차도경계석,2,50000,한성토목,2020-05-05,2020-06-02,28
EST_00570,등받이있는벤치,2,308000,제일시설관리,2020-05-05,2020-05-28,23
EST_00571,보호시설물무단횡단방지시설,2,277000,중앙테크,2020-05-05,2020-06-06,32
EST_00572,트랜치,1,41000,우신산업,2020-05-05,2020-05-15,10
EST_00573,트랜치,1,30000,신세계토목,2020-05-06,2020-05-16,10
EST_00574,농구대,3,1558000,대명시설관리,2020-05-06,2020-07-09,64
EST_00575,등받이없는벤치,3,587000,제일산업,2020-05-06,2020-06-27,52
EST_00576,보호시설물무단횡단방지시설,3,486000,현대건설,2020-05-06,2020-07-05,60
EST_00577,트랜치,3,216000,신세계건설,2020-05-06,2020-06-11,36
EST_00578,보호펜스,1,25000,미래시스템,2020-05-06,2020-05-27,21
EST_00579,보차도경계석,2,70000,대명시설관리,2020-05-06,2020-06-03,28
EST_00580,달리기,2,1444000,도시정비단,2020-05-06,2020-07-02,57
EST_00581,달리기,2,1562000,태영건설,2020-05-06,2020-06-29,54
EST_00582,농구대,2,1064000,대명건설,2020-05-07,2020-06-25,49
EST_00583,달리기,2,1233000,신세계테크,2020-05-07,2020-07-11,65
EST_00584,트랜치,3,222000,미래시스템,2020-05-07,2020-06-07,31
EST_00585,점자블록,1,20000,제일토목,2020-05-07,2020-05-19,12
EST_00586,보호시설물무단횡단방지시설,1,59000,태영안전,2020-05-08,2020-05-31,23
EST_00587,보호시설물볼라드,3,299000,제일산업,2020-05-09,2020-06-19,41
EST_00588,등받이있는벤치,1,162000,대명산업,2020-05-09,2020-05-24,15
EST_00589,미끄럼틀,1,857000,중앙토목,2020-05-09,2020-06-26,48
EST_00590,보도블록,2,22000,동화토목,2020-05-09,2020-05-24,15
EST_00591,점자블록,2,33000,중앙테크,2020-05-10,2020-05-30,20
EST_00592,달리기,3,2414000,동화조경,2020-05-11,2020-09-17,129
EST_00593,축구골대,1,811000,우신조경,2020-05-11,2020-06-11,31
EST_00594,그네,1,551000,중앙건설,2020-05-11,2020-06-26,46
EST_00595,가로수보호덮개,3,378000,대명안전,2020-05-11,2020-06-17,37
EST_00596,미끄럼틀,1,1098000,동화토목,2020-05-12,2020-07-01,50
EST_00597,보호펜스,3,184000,미래안전,2020-05-12,2020-07-22,71
EST_00598,농구대,1,390000,대명시설관리,2020-05-12,2020-06-09,28
EST_00599,보도블록,3,55000,대명시설관리,2020-05-12,2020-06-25,44
EST_00600,맨홀,2,377000,현대건설,2020-05-12,2020-06-24,43
EST_00601,축구골대,1,596000,동화테크,2020-05-12,2020-06-14,33
EST_00602,보도블록,2,30000,신세계조경,2020-05-13,2020-06-03,21
EST_00603,축구골대,2,1712000,현대건설,2020-05-13,2020-07-02,50
EST_00604,등받이있는벤치,3,598000,우신산업,2020-05-13,2020-07-07,55
EST_00605,등받이있는벤치,1,104000,제일산업,2020-05-13,2020-05-29,16
EST_00606,달리기,2,1019000,중앙안전,2020-05-14,2020-07-12,59
EST_00607,미끄럼틀,1,624000,태영테크,2020-05-14,2020-06-30,47
EST_00608,등받이없는벤치,3,588000,미래토목,2020-05-14,2020-07-10,57
EST_00609,점자블록,1,10000,동화시설관리,2020-05-15,2020-05-26,11
EST_00610,보호펜스,1,53000,신세계건설,2020-05-15,2020-06-07,23
EST_00611,농구대,3,1927000,대명테크,2020-05-15,2020-07-31,77
EST_00612,달리기,1,557000,우신시설관리,2020-05-16,2020-06-17,32
EST_00613,보호시설물볼라드,3,275000,한성산업,2020-05-16,2020-07-02,47
EST_00614,가로수보호덮개,2,182000,제일조경,2020-05-16,2020-06-05,20
EST_00615,보호시설물볼라드,2,108000,제일시설관리,2020-05-16,2020-06-06,21
EST_00616,미끄럼틀,2,2389000,대명산업,2020-05-16,2020-08-22,98
EST_00617,보차도경계석,3,101000,신세계시스템,2020-05-16,2020-06-29,44
EST_00618,농구대,2,738000,현대건설,2020-05-16,2020-07-09,54
EST_00619,보호시설물무단횡단방지시설,3,435000,태영건설,2020-05-16,2020-07-30,75
EST_00620,점자블록,3,86000,중앙토목,2020-05-17,2020-06-22,36
EST_00621,축구골대,1,955000,한성토목,2020-05-17,2020-06-16,30
EST_00622,등받이없는벤치,2,251000,동화시스템,2020-05-17,2020-06-08,22
EST_00623,보차도경계석,2,53000,신세계조경,2020-05-17,2020-06-13,27
EST_00624,맨홀,2,526000,대명시설관리,2020-05-17,2020-06-16,30
EST_00625,등받이없는벤치,2,236000,현대시스템,2020-05-17,2020-06-13,27
EST_00626,미끄럼틀,1,1154000,제일토목,2020-05-17,2020-07-02,46
EST_00627,등받이없는벤치,1,132000,대명산업,2020-05-18,2020-06-02,15
EST_00628,등받이없는벤치,2,206000,제일토목,2020-05-18,2020-06-11,24
EST_00629,맨홀,2,488000,태영건설,2020-05-18,2020-06-24,37
EST_00630,보호시설물무단횡단방지시설,1,126000,현대건설,2020-05-18,2020-06-11,24
EST_00631,달리기,2,1542000,우신테크,2020-05-18,2020-07-20,63
EST_00632,그네,1,442000,한성안전,2020-05-18,2020-07-10,53
EST_00633,농구대,2,1116000,그린플레이,2020-05-18,2020-07-04,47
EST_00634,맨홀,2,521000,제일시설관리,2020-05-19,2020-06-24,36
EST_00635,트랜치,3,243000,신세계건설,2020-05-19,2020-06-15,27
EST_00636,트랜치,3,163000,국토개발,2020-05-19,2020-06-21,33
EST_00637,점자블록,2,36000,에코시설,2020-05-20,2020-06-04,15
EST_00638,트랜치,1,39000,대명시설관리,2020-05-21,2020-06-02,12
EST_00639,트랜치,2,120000,미래시설관리,2020-05-21,2020-06-08,18
EST_00640,보차도경계석,3,103000,신세계시설관리,2020-05-21,2020-06-29,39
EST_00641,농구대,2,688000,중앙안전,2020-05-21,2020-07-14,54
EST_00642,보호시설물볼라드,3,270000,우신시설관리,2020-05-21,2020-07-14,54
EST_00643,등받이있는벤치,3,703000,대명안전,2020-05-21,2020-07-02,42
EST_00644,보차도경계석,2,54000,한성토목,2020-05-22,2020-06-19,28
EST_00645,보도블록,1,11000,동화시스템,2020-05-22,2020-06-03,12
EST_00646,보호시설물무단횡단방지시설,1,60000,제일시설관리,2020-05-22,2020-06-13,22
EST_00647,보호시설물무단횡단방지시설,2,230000,중앙산업,2020-05-22,2020-06-25,34
EST_00648,그네,1,274000,제일테크,2020-05-23,2020-07-07,45
EST_00649,맨홀,2,491000,신세계안전,2020-05-23,2020-06-24,32
EST_00650,보호시설물무단횡단방지시설,1,86000,우신산업,2020-05-23,2020-06-16,24
EST_00651,가로수보호덮개,1,67000,한성시설관리,2020-05-23,2020-06-03,11
EST_00652,맨홀,3,1129000,제일안전,2020-05-23,2020-07-27,65
EST_00653,보호시설물무단횡단방지시설,1,121000,태영건설,2020-05-24,2020-06-17,24
EST_00654,가로수보호덮개,1,61000,신세계조경,2020-05-25,2020-06-06,12
EST_00655,그네,3,1646000,신세계테크,2020-05-25,2020-12-13,202
EST_00656,가로수보호덮개,2,182000,동화토목,2020-05-25,2020-06-15,21
EST_00657,축구골대,3,2819000,국토개발,2020-05-25,2020-08-27,94
EST_00658,보호시설물볼라드,2,151000,태영테크,2020-05-25,2020-06-22,28
EST_00659,보차도경계석,2,56000,대명안전,2020-05-26,2020-06-23,28
EST_00660,그네,3,1950000,제일조경,2020-05-26,2020-10-22,149
EST_00661,등받이없는벤치,2,228000,태영테크,2020-05-27,2020-06-22,26
EST_00662,등받이있는벤치,1,97000,미래시설관리,2020-05-27,2020-06-12,16
EST_00663,보도블록,2,25000,미래시스템,2020-05-27,2020-06-14,18
EST_00664,보호시설물볼라드,1,35000,그린플레이,2020-05-27,2020-06-11,15
EST_00665,보차도경계석,3,152000,신세계시설관리,2020-05-27,2020-07-08,42
EST_00666,보호시설물볼라드,3,270000,미래토목,2020-05-28,2020-07-12,45
EST_00667,등받이있는벤치,1,133000,우신조경,2020-05-28,2020-06-14,17
EST_00668,보호시설물무단횡단방지시설,2,250000,신세계테크,2020-05-29,2020-07-05,37
EST_00669,축구골대,3,3090000,대명테크,2020-05-29,2020-09-01,95
EST_00670,달리기,2,1387000,동화조경,2020-05-29,2020-07-15,47
EST_00671,점자블록,3,81000,미래안전,2020-05-29,2020-07-11,43
EST_00672,등받이없는벤치,2,262000,한성안전,2020-05-29,2020-06-25,27
EST_00673,보호시설물볼라드,3,209000,우신테크,2020-05-29,2020-07-16,48
EST_00674,트랜치,3,174000,대명테크,2020-05-30,2020-07-03,34
EST_00675,축구골대,1,571000,동화토목,2020-05-30,2020-07-07,38
EST_00676,농구대,2,1108000,동화시설관리,2020-05-30,2020-07-16,47
EST_00677,보호펜스,2,82000,신세계건설,2020-05-30,2020-07-04,35
EST_00678,보호시설물볼라드,1,46000,국토개발,2020-05-30,2020-06-14,15
EST_00679,보차도경계석,3,130000,동화토목,2020-05-30,2020-07-14,45
EST_00680,등받이있는벤치,3,710000,미래안전,2020-05-30,2020-07-07,38
EST_00681,달리기,2,1576000,동화시스템,2020-05-31,2020-08-03,64
EST_00682,보호펜스,3,175000,중앙산업,2020-05-31,2020-08-22,83
EST_00683,등받이없는벤치,1,103000,제일산업,2020-06-01,2020-06-17,16
EST_00684,점자블록,2,35000,우신시설관리,2020-06-01,2020-06-17,16
EST_00685,등받이없는벤치,3,519000,제일산업,2020-06-01,2020-07-10,39
EST_00686,등받이있는벤치,1,191000,그린플레이,2020-06-01,2020-06-15,14
EST_00687,등받이있는벤치,1,182000,대명시설관리,2020-06-01,2020-06-18,17
EST_00688,보도블록,3,64000,대명시설관리,2020-06-01,2020-07-04,33
EST_00689,달리기,3,2504000,대명건설,2020-06-01,2020-09-11,102
EST_00690,트랜치,3,181000,한성건설,2020-06-01,2020-07-06,35
EST_00691,보차도경계석,3,107000,대명안전,2020-06-02,2020-07-25,53
EST_00692,미끄럼틀,2,1895000,신세계안전,2020-06-02,2020-09-02,92
EST_00693,그네,3,2586000,도시정비단,2020-06-02,2020-10-17,137
EST_00694,축구골대,3,2747000,태영안전,2020-06-02,2020-08-25,84
EST_00695,보차도경계석,3,130000,미래시스템,2020-06-03,2020-07-15,42
EST_00696,트랜치,2,105000,동화시설관리,2020-06-03,2020-06-24,21
EST_00697,트랜치,2,106000,우신조경,2020-06-03,2020-06-23,20
EST_00698,달리기,2,1582000,동화조경,2020-06-03,2020-07-27,54
EST_00699,보호시설물볼라드,2,136000,중앙테크,2020-06-03,2020-07-02,29
EST_00700,등받이있는벤치,1,112000,한성안전,2020-06-03,2020-06-20,17
EST_00701,보호시설물무단횡단방지시설,1,124000,제일안전,2020-06-04,2020-06-29,25
EST_00702,달리기,2,993000,동화테크,2020-06-04,2020-08-06,63
EST_00703,그네,1,359000,동화테크,2020-06-05,2020-07-21,46
EST_00704,점자블록,1,20000,대명시설관리,2020-06-06,2020-06-17,11
EST_00705,달리기,1,728000,신세계테크,2020-06-06,2020-07-12,36
EST_00706,등받이있는벤치,1,92000,현대건설,2020-06-07,2020-06-22,15
EST_00707,등받이있는벤치,3,700000,우신시설관리,2020-06-07,2020-07-17,40
EST_00708,보호시설물볼라드,2,135000,한성시설관리,2020-06-07,2020-06-30,23
EST_00709,축구골대,1,947000,태영건설,2020-06-07,2020-07-09,32
EST_00710,점자블록,2,41000,대명안전,2020-06-07,2020-06-23,16
EST_00711,등받이있는벤치,2,343000,제일안전,2020-06-08,2020-07-01,23
EST_00712,등받이있는벤치,3,672000,현대시스템,2020-06-08,2020-07-28,50
EST_00713,보도블록,3,57000,신세계토목,2020-06-08,2020-07-04,26
EST_00714,달리기,1,383000,신세계테크,2020-06-08,2020-07-09,31
EST_00715,축구골대,3,3227000,제일조경,2020-06-09,2020-09-28,111
EST_00716,미끄럼틀,3,4403000,대명시설관리,2020-06-09,2020-11-29,173
EST_00717,등받이있는벤치,2,341000,우신조경,2020-06-09,2020-06-30,21
EST_00718,보차도경계석,2,51000,신세계조경,2020-06-09,2020-07-03,24
EST_00719,등받이있는벤치,1,106000,동화테크,2020-06-09,2020-06-23,14
EST_00720,달리기,1,427000,동화토목,2020-06-09,2020-07-10,31
EST_00721,보호시설물볼라드,1,69000,제일안전,2020-06-10,2020-06-27,17
EST_00722,등받이없는벤치,3,474000,신세계안전,2020-06-10,2020-07-29,49
EST_00723,미끄럼틀,2,2600000,제일조경,2020-06-10,2020-08-22,73
EST_00724,점자블록,2,42000,도시정비단,2020-06-10,2020-06-25,15
EST_00725,농구대,2,688000,미래시스템,2020-06-11,2020-07-22,41
EST_00726,보호시설물무단횡단방지시설,3,441000,제일테크,2020-06-11,2020-08-11,61
EST_00727,축구골대,2,1767000,제일시설관리,2020-06-11,2020-07-30,49
EST_00728,보호펜스,2,119000,태영테크,2020-06-12,2020-07-27,45
EST_00729,보차도경계석,2,74000,에코시설,2020-06-12,2020-07-03,21
EST_00730,등받이있는벤치,3,758000,제일산업,2020-06-12,2020-08-02,51
EST_00731,보도블록,3,51000,대명시설관리,2020-06-13,2020-07-25,42
EST_00732,등받이있는벤치,3,554000,신세계안전,2020-06-13,2020-08-01,49
EST_00733,맨홀,1,132000,우신시설관리,2020-06-13,2020-07-03,20
EST_00734,보차도경계석,3,120000,신세계시설관리,2020-06-13,2020-08-01,49
EST_00735,보차도경계석,3,138000,태영건설,2020-06-13,2020-08-04,52
EST_00736,가로수보호덮개,3,380000,동화시스템,2020-06-14,2020-07-19,35
EST_00737,보호시설물볼라드,2,133000,미래토목,2020-06-14,2020-07-13,29
EST_00738,그네,1,467000,중앙건설,2020-06-14,2020-08-02,49
EST_00739,보호시설물무단횡단방지시설,2,181000,미래시스템,2020-06-15,2020-07-25,40
EST_00740,트랜치,3,186000,우신산업,2020-06-15,2020-07-16,31
EST_00741,보도블록,1,12000,제일토목,2020-06-15,2020-06-26,11
EST_00742,가로수보호덮개,3,459000,제일토목,2020-06-16,2020-07-14,28
EST_00743,그네,2,1279000,그린플레이,2020-06-16,2020-09-03,79
EST_00744,보호시설물볼라드,1,47000,신세계건설,2020-06-16,2020-07-02,16
EST_00745,보호시설물무단횡단방지시설,3,367000,한성안전,2020-06-16,2020-08-16,61
EST_00746,보도블록,3,40000,중앙산업,2020-06-17,2020-07-22,35
EST_00747,보호시설물볼라드,1,64000,제일시설관리,2020-06-17,2020-07-03,16
EST_00748,축구골대,3,3135000,에코시설,2020-06-17,2020-09-07,82
EST_00749,달리기,3,2233000,대명산업,2020-06-17,2020-09-17,92
EST_00750,트랜치,3,184000,동화테크,2020-06-17,2020-07-31,44
EST_00751,보호펜스,3,195000,그린플레이,2020-06-18,2020-09-09,83
EST_00752,농구대,2,1099000,현대건설,2020-06-18,2020-08-07,50
EST_00753,보호펜스,2,89000,우신시설관리,2020-06-18,2020-07-24,36
EST_00754,보도블록,3,61000,신세계안전,2020-06-19,2020-07-14,25
EST_00755,보호펜스,1,50000,한성산업,2020-06-20,2020-07-12,22
EST_00756,맨홀,3,911000,동화토목,2020-06-20,2020-08-14,55
EST_00757,보차도경계석,1,28000,우신산업,2020-06-20,2020-07-04,14
EST_00758,가로수보호덮개,3,316000,중앙안전,2020-06-20,2020-07-31,41
EST_00759,트랜치,1,38000,동화테크,2020-06-20,2020-07-02,12
EST_00760,가로수보호덮개,2,190000,미래안전,2020-06-20,2020-07-05,15
EST_00761,맨홀,2,601000,그린플레이,2020-06-20,2020-07-20,30
EST_00762,보호시설물무단횡단방지시설,1,101000,중앙테크,2020-06-20,2020-07-11,21
EST_00763,보도블록,3,49000,신세계토목,2020-06-20,2020-07-26,36
EST_00764,보차도경계석,3,134000,한성토목,2020-06-20,2020-08-08,49
EST_00765,미끄럼틀,2,1712000,신세계건설,2020-06-21,2020-09-06,77
EST_00766,보도블록,1,12000,현대건설,2020-06-21,2020-07-01,10
EST_00767,등받이있는벤치,2,339000,중앙테크,2020-06-21,2020-07-14,23
EST_00768,맨홀,3,879000,동화테크,2020-06-21,2020-08-22,62
EST_00769,보차도경계석,1,33000,중앙산업,2020-06-22,2020-07-08,16
EST_00770,점자블록,1,11000,우신시설관리,2020-06-22,2020-07-04,12
EST_00771,그네,2,951000,중앙건설,2020-06-22,2020-09-08,78
EST_00772,트랜치,3,208000,미래안전,2020-06-22,2020-07-30,38
EST_00773,등받이있는벤치,3,533000,신세계테크,2020-06-23,2020-08-03,41
EST_00774,보차도경계석,3,108000,우신조경,2020-06-23,2020-07-29,36
EST_00775,보호시설물볼라드,3,267000,대명테크,2020-06-23,2020-08-20,58
EST_00776,트랜치,2,124000,미래안전,2020-06-23,2020-07-13,20
EST_00777,등받이있는벤치,1,173000,동화조경,2020-06-25,2020-07-12,17
EST_00778,보호시설물볼라드,1,57000,제일토목,2020-06-25,2020-07-09,14
EST_00779,농구대,2,738000,중앙건설,2020-06-25,2020-08-17,53
EST_00780,점자블록,2,45000,대명건설,2020-06-25,2020-07-12,17
EST_00781,미끄럼틀,1,791000,태영건설,2020-06-26,2020-08-18,53
EST_00782,그네,1,409000,한성산업,2020-06-26,2020-08-19,54
EST_00783,등받이있는벤치,3,704000,중앙안전,2020-06-26,2020-08-02,37
EST_00784,보호시설물볼라드,3,241000,우신조경,2020-06-26,2020-08-10,45
EST_00785,미끄럼틀,2,1692000,신세계조경,2020-06-26,2020-09-02,68
EST_00786,트랜치,2,83000,동화시스템,2020-06-27,2020-07-14,17
EST_00787,맨홀,1,125000,중앙테크,2020-06-27,2020-07-21,24
EST_00788,보호시설물무단횡단방지시설,3,446000,미래시스템,2020-06-27,2020-09-11,76
EST_00789,보도블록,3,57000,한성안전,2020-06-27,2020-08-05,39
EST_00790,농구대,1,472000,그린플레이,2020-06-28,2020-07-29,31
EST_00791,달리기,1,698000,중앙토목,2020-06-29,2020-07-29,30
EST_00792,농구대,1,238000,신세계시스템,2020-06-29,2020-07-28,29
EST_00793,미끄럼틀,1,1041000,중앙테크,2020-06-29,2020-08-25,57
EST_00794,미끄럼틀,2,2274000,미래시설관리,2020-06-29,2020-09-10,73
EST_00795,보도블록,2,29000,미래시스템,2020-06-29,2020-07-15,16
EST_00796,트랜치,1,35000,제일산업,2020-06-29,2020-07-09,10
EST_00797,미끄럼틀,3,4803000,중앙테크,2020-06-29,2021-01-16,201
EST_00798,등받이없는벤치,3,585000,중앙안전,2020-06-29,2020-08-04,36
EST_00799,축구골대,3,3534000,대명테크,2020-06-30,2020-10-22,114
EST_00800,보호펜스,1,25000,중앙안전,2020-06-30,2020-07-25,25
EST_00801,달리기,3,2953000,미래토목,2020-06-30,2020-10-13,105
EST_00802,가로수보호덮개,2,190000,제일테크,2020-06-30,2020-07-18,18
EST_00803,보호시설물무단횡단방지시설,3,498000,신세계시설관리,2020-06-30,2020-09-09,71
EST_00804,달리기,3,2911000,에코시설,2020-06-30,2020-10-21,113
EST_00805,보도블록,2,31000,신세계조경,2020-06-30,2020-07-21,21
EST_00806,보차도경계석,1,29000,신세계안전,2020-07-01,2020-07-17,16
EST_00807,달리기,3,2588000,제일산업,2020-07-01,2020-11-05,127
EST_00808,그네,1,616000,신세계시설관리,2020-07-01,2020-08-17,47
EST_00809,트랜치,3,174000,대명안전,2020-07-01,2020-08-01,31
EST_00810,미끄럼틀,2,2083000,신세계건설,2020-07-01,2020-09-19,80
EST_00811,농구대,1,244000,우신조경,2020-07-01,2020-08-02,32
EST_00812,농구대,1,278000,한성산업,2020-07-01,2020-07-26,25
EST_00813,등받이없는벤치,3,386000,제일산업,2020-07-01,2020-08-08,38
EST_00814,축구골대,3,3675000,도시정비단,2020-07-02,2020-10-16,106
EST_00815,가로수보호덮개,3,402000,대명시설관리,2020-07-02,2020-07-31,29
EST_00816,그네,1,410000,신세계안전,2020-07-02,2020-08-24,53
EST_00817,축구골대,3,2792000,중앙산업,2020-07-02,2020-10-12,102
EST_00818,보도블록,1,14000,제일시설관리,2020-07-03,2020-07-13,10
EST_00819,보호시설물볼라드,1,35000,현대시스템,2020-07-03,2020-07-21,18
EST_00820,보호시설물무단횡단방지시설,3,472000,동화시스템,2020-07-03,2020-08-29,57
EST_00821,보도블록,1,7000,중앙테크,2020-07-03,2020-07-15,12
EST_00822,보호시설물볼라드,1,40000,신세계시스템,2020-07-03,2020-07-19,16
EST_00823,보호시설물볼라드,3,221000,우신테크,2020-07-03,2020-08-23,51
EST_00824,그네,3,2214000,한성시설관리,2020-07-04,2020-11-06,125
EST_00825,트랜치,3,187000,태영안전,2020-07-04,2020-08-15,42
EST_00826,보호펜스,1,31000,대명건설,2020-07-04,2020-07-30,26
EST_00827,농구대,3,1518000,제일시설관리,2020-07-04,2020-09-29,87
EST_00828,보호시설물무단횡단방지시설,3,550000,동화테크,2020-07-04,2020-10-06,94
EST_00829,축구골대,1,605000,신세계토목,2020-07-04,2020-08-05,32
EST_00830,보차도경계석,1,31000,동화시설관리,2020-07-04,2020-07-21,17
EST_00831,보호시설물볼라드,3,226000,신세계테크,2020-07-05,2020-08-17,43
EST_00832,농구대,1,481000,우신시설관리,2020-07-06,2020-08-05,30
EST_00833,보호시설물볼라드,3,222000,미래토목,2020-07-06,2020-08-29,54
EST_00834,그네,2,915000,우신산업,2020-07-06,2020-10-02,88
EST_00835,보호펜스,2,103000,중앙토목,2020-07-06,2020-08-06,31
EST_00836,달리기,3,2735000,신세계테크,2020-07-06,2020-10-10,96
EST_00837,등받이있는벤치,3,710000,중앙토목,2020-07-06,2020-08-15,40
EST_00838,보호시설물볼라드,3,280000,신세계시스템,2020-07-06,2020-08-27,52
EST_00839,보도블록,3,49000,제일토목,2020-07-06,2020-08-03,28
EST_00840,미끄럼틀,2,1693000,중앙테크,2020-07-06,2020-10-10,96
EST_00841,점자블록,2,39000,미래안전,2020-07-06,2020-07-21,15
EST_00842,달리기,3,2672000,제일시설관리,2020-07-07,2020-09-26,81
EST_00843,농구대,3,2140000,신세계건설,2020-07-08,2020-10-01,85
EST_00844,보호펜스,2,109000,한성토목,2020-07-08,2020-08-15,38
EST_00845,보호시설물볼라드,2,154000,중앙건설,2020-07-08,2020-08-04,27
EST_00846,등받이있는벤치,2,374000,중앙테크,2020-07-08,2020-07-31,23
EST_00847,보호시설물볼라드,1,67000,국토개발,2020-07-08,2020-07-25,17
EST_00848,보도블록,3,55000,신세계건설,2020-07-09,2020-08-10,32
EST_00849,축구골대,3,3727000,동화테크,2020-07-09,2020-11-17,131
EST_00850,맨홀,3,778000,우신조경,2020-07-09,2020-10-05,88
EST_00851,가로수보호덮개,1,107000,제일테크,2020-07-09,2020-07-20,11
EST_00852,농구대,1,471000,신세계건설,2020-07-09,2020-08-06,28
EST_00853,등받이있는벤치,1,90000,미래시설관리,2020-07-09,2020-07-25,16
EST_00854,보호시설물볼라드,1,55000,대명시설관리,2020-07-10,2020-07-26,16
EST_00855,트랜치,2,101000,에코시설,2020-07-10,2020-07-27,17
EST_00856,축구골대,1,770000,신세계시스템,2020-07-10,2020-08-17,38
EST_00857,등받이있는벤치,2,369000,현대건설,2020-07-10,2020-08-09,30
EST_00858,보호시설물무단횡단방지시설,1,126000,미래토목,2020-07-11,2020-08-06,26
EST_00859,보호펜스,1,32000,한성토목,2020-07-11,2020-08-05,25
EST_00860,등받이있는벤치,3,665000,태영안전,2020-07-11,2020-09-09,60
EST_00861,등받이없는벤치,3,490000,우신조경,2020-07-12,2020-08-20,39
EST_00862,트랜치,2,97000,신세계조경,2020-07-12,2020-07-27,15
EST_00863,트랜치,1,58000,대명안전,2020-07-13,2020-07-23,10
EST_00864,달리기,1,561000,대명시설관리,2020-07-13,2020-08-13,31
EST_00865,점자블록,2,37000,신세계시스템,2020-07-13,2020-08-03,21
EST_00866,농구대,1,511000,태영안전,2020-07-13,2020-08-08,26
EST_00867,농구대,3,1359000,미래시설관리,2020-07-13,2020-10-22,101
EST_00868,보호시설물볼라드,2,137000,에코시설,2020-07-14,2020-08-04,21
EST_00869,가로수보호덮개,1,74000,대명산업,2020-07-14,2020-07-26,12
EST_00870,달리기,1,715000,제일테크,2020-07-14,2020-08-16,33
EST_00871,트랜치,1,48000,한성시설관리,2020-07-14,2020-07-26,12
EST_00872,농구대,3,2059000,동화토목,2020-07-14,2020-09-28,76
EST_00873,트랜치,1,32000,태영안전,2020-07-14,2020-07-26,12
EST_00874,등받이없는벤치,3,474000,신세계조경,2020-07-14,2020-08-30,47
EST_00875,보차도경계석,1,23000,우신테크,2020-07-15,2020-08-01,17
EST_00876,보차도경계석,3,140000,신세계건설,2020-07-15,2020-08-22,38
EST_00877,보호펜스,1,34000,에코시설,2020-07-15,2020-08-05,21
EST_00878,농구대,3,2081000,신세계안전,2020-07-15,2020-10-14,91
EST_00879,보도블록,1,14000,중앙산업,2020-07-15,2020-07-25,10
EST_00880,보호펜스,2,98000,우신테크,2020-07-15,2020-08-24,40
EST_00881,축구골대,2,1673000,한성토목,2020-07-15,2020-09-17,64
EST_00882,그네,1,571000,미래안전,2020-07-16,2020-09-02,48
EST_00883,등받이없는벤치,1,81000,동화시스템,2020-07-16,2020-07-31,15
EST_00884,보호펜스,2,100000,제일조경,2020-07-16,2020-08-29,44
EST_00885,미끄럼틀,1,610000,제일테크,2020-07-16,2020-09-12,58
EST_00886,그네,1,519000,태영안전,2020-07-16,2020-09-08,54
EST_00887,미끄럼틀,1,1170000,제일테크,2020-07-17,2020-09-10,55
EST_00888,등받이있는벤치,3,719000,그린플레이,2020-07-17,2020-09-14,59
EST_00889,보도블록,2,22000,제일테크,2020-07-17,2020-08-04,18
EST_00890,가로수보호덮개,1,82000,중앙테크,2020-07-17,2020-07-28,11
EST_00891,보호시설물볼라드,3,227000,그린플레이,2020-07-17,2020-08-23,37
EST_00892,보호시설물볼라드,2,100000,중앙토목,2020-07-18,2020-08-15,28
EST_00893,보차도경계석,1,22000,그린플레이,2020-07-18,2020-08-02,15
EST_00894,보호시설물무단횡단방지시설,3,505000,그린플레이,2020-07-19,2020-10-08,81
EST_00895,등받이있는벤치,1,99000,동화시스템,2020-07-19,2020-08-03,15
EST_00896,보호시설물볼라드,1,64000,제일시설관리,2020-07-19,2020-08-05,17
EST_00897,가로수보호덮개,2,230000,한성건설,2020-07-19,2020-08-09,21
EST_00898,등받이있는벤치,3,736000,신세계테크,2020-07-20,2020-09-09,51
EST_00899,등받이없는벤치,2,244000,미래안전,2020-07-20,2020-08-12,23
EST_00900,그네,2,1194000,우신테크,2020-07-20,2020-10-03,75
EST_00901,그네,2,1272000,제일토목,2020-07-20,2020-10-20,92
EST_00902,농구대,1,377000,대명시설관리,2020-07-20,2020-08-19,30
EST_00903,등받이있는벤치,3,616000,중앙건설,2020-07-20,2020-09-18,60
EST_00904,축구골대,1,876000,태영안전,2020-07-20,2020-08-25,36
EST_00905,보호펜스,3,202000,제일산업,2020-07-20,2020-09-27,69
EST_00906,보호시설물무단횡단방지시설,3,480000,대명시설관리,2020-07-21,2020-10-22,93
EST_00907,등받이있는벤치,2,320000,동화조경,2020-07-21,2020-08-19,29
EST_00908,보도블록,2,27000,중앙테크,2020-07-21,2020-08-07,17
EST_00909,보호시설물볼라드,3,240000,제일산업,2020-07-21,2020-09-01,42
EST_00910,등받이없는벤치,2,278000,현대시스템,2020-07-21,2020-08-15,25
EST_00911,달리기,3,2061000,미래안전,2020-07-22,2020-10-27,97
EST_00912,미끄럼틀,1,1008000,국토개발,2020-07-22,2020-09-16,56
EST_00913,점자블록,1,15000,대명시설관리,2020-07-22,2020-08-03,12
EST_00914,보호시설물무단횡단방지시설,3,390000,우신조경,2020-07-22,2020-10-19,89
EST_00915,미끄럼틀,2,2188000,에코시설,2020-07-22,2020-10-22,92
EST_00916,점자블록,1,16000,우신조경,2020-07-22,2020-08-01,10
EST_00917,등받이있는벤치,1,137000,도시정비단,2020-07-22,2020-08-09,18
EST_00918,등받이없는벤치,2,193000,한성시설관리,2020-07-23,2020-08-21,29
EST_00919,등받이있는벤치,1,197000,제일토목,2020-07-23,2020-08-06,14
EST_00920,보차도경계석,2,71000,동화시스템,2020-07-24,2020-08-21,28
EST_00921,가로수보호덮개,1,91000,신세계안전,2020-07-24,2020-08-05,12
EST_00922,달리기,3,3006000,제일안전,2020-07-24,2020-10-26,94
EST_00923,맨홀,3,877000,한성건설,2020-07-24,2020-09-16,54
EST_00924,보차도경계석,1,32000,미래시스템,2020-07-25,2020-08-10,16
EST_00925,달리기,2,1344000,신세계테크,2020-07-25,2020-09-19,56
EST_00926,점자블록,3,72000,태영안전,2020-07-25,2020-09-05,42
EST_00927,보호시설물무단횡단방지시설,2,196000,신세계건설,2020-07-26,2020-08-29,34
EST_00928,보도블록,1,8000,신세계조경,2020-07-26,2020-08-06,11
EST_00929,보호시설물볼라드,2,135000,동화토목,2020-07-26,2020-08-22,27
EST_00930,등받이없는벤치,1,67000,중앙테크,2020-07-26,2020-08-13,18
EST_00931,보호시설물무단횡단방지시설,2,241000,중앙토목,2020-07-26,2020-09-03,39
EST_00932,축구골대,2,1761000,미래토목,2020-07-26,2020-09-23,59
EST_00933,축구골대,2,1396000,동화시설관리,2020-07-26,2020-09-19,55
EST_00934,보도블록,2,28000,대명안전,2020-07-26,2020-08-10,15
EST_00935,등받이있는벤치,1,160000,대명안전,2020-07-26,2020-08-11,16
EST_00936,등받이없는벤치,1,110000,중앙건설,2020-07-26,2020-08-10,15
EST_00937,보차도경계석,2,80000,대명산업,2020-07-27,2020-08-25,29
EST_00938,등받이없는벤치,2,198000,제일테크,2020-07-27,2020-08-21,25
EST_00939,보도블록,1,7000,한성안전,2020-07-27,2020-08-08,12
EST_00940,보호시설물무단횡단방지시설,3,535000,한성건설,2020-07-28,2020-10-12,76
EST_00941,가로수보호덮개,2,206000,우신조경,2020-07-28,2020-08-13,16
EST_00942,보도블록,3,51000,제일토목,2020-07-28,2020-09-10,44
EST_00943,점자블록,3,66000,국토개발,2020-07-28,2020-09-06,40
EST_00944,점자블록,3,78000,태영안전,2020-07-28,2020-09-02,36
EST_00945,농구대,2,1019000,대명산업,2020-07-28,2020-09-12,46
EST_00946,보호시설물볼라드,1,57000,에코시설,2020-07-29,2020-08-12,14
EST_00947,트랜치,3,257000,제일조경,2020-07-30,2020-09-11,43
EST_00948,보차도경계석,3,121000,대명산업,2020-07-30,2020-09-18,50
EST_00949,맨홀,2,496000,대명테크,2020-07-30,2020-09-01,33
EST_00950,트랜치,2,115000,우신조경,2020-07-30,2020-08-18,19
EST_00951,미끄럼틀,1,1167000,현대건설,2020-07-30,2020-09-15,47
EST_00952,가로수보호덮개,3,340000,신세계시설관리,2020-07-30,2020-09-04,36
EST_00953,트랜치,3,236000,신세계시스템,2020-07-31,2020-09-03,34
EST_00954,등받이있는벤치,2,403000,태영건설,2020-07-31,2020-08-26,26
EST_00955,점자블록,3,92000,중앙토목,2020-07-31,2020-09-02,33
EST_00956,맨홀,1,191000,중앙토목,2020-08-01,2020-08-26,25
EST_00957,미끄럼틀,1,1023000,그린플레이,2020-08-01,2020-09-23,53
EST_00958,보차도경계석,1,28000,중앙토목,2020-08-01,2020-08-16,15
EST_00959,미끄럼틀,2,2061000,중앙건설,2020-08-01,2020-10-11,71
EST_00960,보호시설물무단횡단방지시설,3,402000,동화시설관리,2020-08-01,2020-11-01,92
EST_00961,보차도경계석,3,147000,그린플레이,2020-08-01,2020-09-05,35
EST_00962,등받이없는벤치,3,458000,제일테크,2020-08-01,2020-09-25,55
EST_00963,농구대,1,482000,미래토목,2020-08-02,2020-08-28,26
EST_00964,달리기,1,369000,미래시스템,2020-08-02,2020-09-09,38
EST_00965,축구골대,1,944000,신세계건설,2020-08-02,2020-09-09,38
EST_00966,맨홀,2,456000,신세계테크,2020-08-02,2020-09-07,36
EST_00967,미끄럼틀,3,4155000,대명테크,2020-08-03,2021-02-12,193
EST_00968,미끄럼틀,3,3469000,한성토목,2020-08-03,2020-12-22,141
EST_00969,축구골대,3,3816000,동화시설관리,2020-08-03,2020-12-03,122
EST_00970,그네,1,297000,우신조경,2020-08-04,2020-10-01,58
EST_00971,축구골대,3,3491000,신세계시설관리,2020-08-05,2020-11-21,108
EST_00972,맨홀,1,197000,동화시스템,2020-08-06,2020-08-27,21
EST_00973,달리기,1,659000,동화테크,2020-08-06,2020-09-10,35
EST_00974,가로수보호덮개,1,93000,한성토목,2020-08-06,2020-08-17,11
EST_00975,맨홀,1,174000,중앙토목,2020-08-06,2020-08-31,25
EST_00976,보도블록,3,41000,우신시설관리,2020-08-06,2020-09-07,32
EST_00977,미끄럼틀,2,2310000,중앙산업,2020-08-06,2020-11-01,87
EST_00978,보호펜스,1,24000,제일토목,2020-08-06,2020-09-02,27
EST_00979,맨홀,1,152000,대명안전,2020-08-07,2020-08-31,24
EST_00980,농구대,2,807000,미래시설관리,2020-08-07,2020-09-24,48
EST_00981,보호시설물볼라드,3,211000,미래시스템,2020-08-07,2020-09-28,52
EST_00982,보호시설물무단횡단방지시설,1,121000,미래토목,2020-08-07,2020-08-31,24
EST_00983,맨홀,3,1048000,그린플레이,2020-08-07,2020-10-12,66
EST_00984,보호펜스,3,213000,미래시스템,2020-08-07,2020-10-17,71
EST_00985,달리기,3,2264000,미래안전,2020-08-07,2020-10-30,84
EST_00986,맨홀,3,839000,미래시스템,2020-08-07,2020-11-01,86
EST_00987,등받이있는벤치,1,135000,태영안전,2020-08-08,2020-08-22,14
EST_00988,맨홀,3,1105000,현대건설,2020-08-08,2020-10-20,73
EST_00989,달리기,2,1350000,미래안전,2020-08-08,2020-09-24,47
EST_00990,미끄럼틀,2,2432000,우신조경,2020-08-08,2020-11-04,88
EST_00991,보차도경계석,2,49000,신세계시설관리,2020-08-08,2020-09-06,29
EST_00992,점자블록,2,32000,신세계조경,2020-08-09,2020-08-29,20
EST_00993,그네,2,1018000,제일조경,2020-08-09,2020-11-11,94
EST_00994,보차도경계석,1,34000,대명건설,2020-08-09,2020-08-23,14
EST_00995,보도블록,2,31000,동화토목,2020-08-09,2020-08-28,19
EST_00996,보호펜스,2,95000,태영테크,2020-08-09,2020-09-09,31
EST_00997,미끄럼틀,1,748000,중앙안전,2020-08-09,2020-09-29,51
EST_00998,축구골대,3,2859000,대명산업,2020-08-09,2020-12-06,119
EST_00999,그네,2,982000,국토개발,2020-08-09,2020-10-21,73
EST_01000,보호시설물무단횡단방지시설,2,177000,미래시스템,2020-08-10,2020-09-20,41
EST_01001,트랜치,1,42000,신세계안전,2020-08-10,2020-08-22,12
EST_01002,트랜치,1,50000,제일안전,2020-08-10,2020-08-21,11
EST_01003,농구대,3,1801000,신세계시설관리,2020-08-10,2020-11-07,89
EST_01004,등받이있는벤치,3,742000,제일산업,2020-08-10,2020-09-28,49
EST_01005,그네,1,518000,한성토목,2020-08-10,2020-09-28,49
EST_01006,맨홀,2,535000,제일산업,2020-08-10,2020-09-22,43
EST_01007,등받이있는벤치,2,374000,대명건설,2020-08-11,2020-09-10,30
EST_01008,보도블록,1,9000,그린플레이,2020-08-11,2020-08-21,10
EST_01009,점자블록,1,22000,대명시설관리,2020-08-11,2020-08-22,11
EST_01010,농구대,3,1529000,현대건설,2020-08-11,2020-11-01,82
EST_01011,보도블록,1,10000,신세계조경,2020-08-11,2020-08-21,10
EST_01012,달리기,3,2808000,신세계시설관리,2020-08-11,2020-11-02,83
EST_01013,등받이있는벤치,3,568000,우신조경,2020-08-12,2020-09-26,45
EST_01014,보호시설물무단횡단방지시설,2,177000,대명건설,2020-08-12,2020-09-17,36
EST_01015,맨홀,1,203000,동화시설관리,2020-08-12,2020-09-04,23
EST_01016,달리기,1,679000,태영안전,2020-08-12,2020-09-16,35
EST_01017,보도블록,1,10000,한성토목,2020-08-12,2020-08-23,11
EST_01018,보호시설물볼라드,3,294000,동화테크,2020-08-12,2020-09-29,48
EST_01019,그네,1,489000,우신조경,2020-08-12,2020-10-07,56
EST_01020,농구대,2,1008000,동화토목,2020-08-12,2020-09-28,47
EST_01021,농구대,1,367000,대명건설,2020-08-13,2020-09-09,27
EST_01022,맨홀,1,260000,제일테크,2020-08-13,2020-09-05,23
EST_01023,트랜치,1,60000,태영테크,2020-08-14,2020-08-24,10
EST_01024,가로수보호덮개,1,53000,한성안전,2020-08-14,2020-08-24,10
EST_01025,등받이있는벤치,2,320000,미래안전,2020-08-14,2020-09-04,21
EST_01026,달리기,1,584000,중앙안전,2020-08-14,2020-09-17,34
EST_01027,등받이있는벤치,3,761000,중앙테크,2020-08-14,2020-09-25,42
EST_01028,보도블록,3,49000,신세계안전,2020-08-15,2020-09-11,27
EST_01029,등받이있는벤치,3,547000,신세계토목,2020-08-15,2020-09-23,39
EST_01030,보호시설물볼라드,2,118000,그린플레이,2020-08-16,2020-09-10,25
EST_01031,보도블록,1,7000,에코시설,2020-08-16,2020-08-27,11
EST_01032,그네,2,925000,중앙토목,2020-08-17,2020-10-23,67
EST_01033,달리기,1,692000,제일토목,2020-08-17,2020-09-21,35
EST_01034,점자블록,1,20000,신세계안전,2020-08-17,2020-08-29,12
EST_01035,그네,2,1113000,중앙토목,2020-08-17,2020-11-22,97
EST_01036,맨홀,2,430000,대명건설,2020-08-18,2020-09-20,33
EST_01037,맨홀,1,270000,제일테크,2020-08-18,2020-09-07,20
EST_01038,축구골대,3,3255000,한성시설관리,2020-08-18,2020-12-21,125
EST_01039,보호시설물볼라드,2,145000,동화시스템,2020-08-18,2020-09-11,24
EST_01040,그네,2,1132000,미래토목,2020-08-18,2020-11-07,81
EST_01041,맨홀,1,275000,제일안전,2020-08-19,2020-09-13,25
EST_01042,미끄럼틀,3,3205000,미래시스템,2020-08-19,2021-02-15,180
EST_01043,등받이있는벤치,1,116000,미래시스템,2020-08-20,2020-09-06,17
EST_01044,달리기,1,494000,제일산업,2020-08-20,2020-09-23,34
EST_01045,트랜치,3,239000,한성시설관리,2020-08-20,2020-09-16,27
EST_01046,축구골대,2,1289000,그린플레이,2020-08-20,2020-10-15,56
EST_01047,점자블록,2,30000,그린플레이,2020-08-21,2020-09-11,21
EST_01048,그네,3,2198000,신세계테크,2020-08-21,2020-12-24,125
EST_01049,축구골대,1,613000,동화토목,2020-08-21,2020-09-28,38
EST_01050,보호시설물볼라드,3,220000,대명시설관리,2020-08-21,2020-10-20,60
EST_01051,가로수보호덮개,2,210000,대명안전,2020-08-21,2020-09-07,17
EST_01052,트랜치,1,60000,신세계시스템,2020-08-21,2020-08-31,10
EST_01053,트랜치,3,190000,동화테크,2020-08-22,2020-09-22,31
EST_01054,달리기,2,1511000,중앙산업,2020-08-22,2020-10-18,57
EST_01055,트랜치,1,33000,에코시설,2020-08-23,2020-09-04,12
EST_01056,등받이없는벤치,1,145000,동화토목,2020-08-23,2020-09-07,15
EST_01057,맨홀,2,373000,동화시설관리,2020-08-23,2020-09-24,32
EST_01058,등받이있는벤치,1,122000,우신산업,2020-08-23,2020-09-07,15
EST_01059,보도블록,1,7000,태영테크,2020-08-24,2020-09-03,10
EST_01060,가로수보호덮개,3,377000,동화토목,2020-08-24,2020-09-21,28
EST_01061,트랜치,2,129000,신세계시스템,2020-08-25,2020-09-10,16
EST_01062,보도블록,3,48000,대명산업,2020-08-26,2020-10-03,38
EST_01063,보호펜스,3,175000,신세계안전,2020-08-26,2020-11-22,88
EST_01064,맨홀,3,1032000,제일시설관리,2020-08-26,2020-11-18,84
EST_01065,보도블록,3,63000,한성건설,2020-08-26,2020-10-01,36
EST_01066,등받이있는벤치,3,593000,중앙테크,2020-08-27,2020-10-01,35
EST_01067,등받이없는벤치,2,260000,신세계건설,2020-08-27,2020-09-19,23
EST_01068,보호펜스,2,72000,신세계안전,2020-08-27,2020-10-03,37
EST_01069,점자블록,1,10000,미래시스템,2020-08-27,2020-09-07,11
EST_01070,달리기,3,2172000,동화시설관리,2020-08-27,2020-12-30,125
EST_01071,보차도경계석,2,50000,우신시설관리,2020-08-28,2020-09-20,23
EST_01072,등받이있는벤치,2,362000,신세계조경,2020-08-28,2020-09-19,22
EST_01073,보호펜스,2,87000,중앙건설,2020-08-28,2020-10-10,43
EST_01074,등받이있는벤치,1,165000,우신조경,2020-08-28,2020-09-14,17
EST_01075,보호시설물무단횡단방지시설,2,241000,동화시설관리,2020-08-28,2020-09-29,32
EST_01076,미끄럼틀,2,2226000,미래토목,2020-08-28,2020-11-30,94
EST_01077,미끄럼틀,2,2347000,태영테크,2020-08-29,2020-11-30,93
EST_01078,점자블록,3,68000,제일시설관리,2020-08-29,2020-10-09,41
EST_01079,보차도경계석,3,139000,우신시설관리,2020-08-29,2020-10-09,41
EST_01080,보도블록,2,30000,중앙토목,2020-08-29,2020-09-16,18
EST_01081,트랜치,1,45000,제일시설관리,2020-08-29,2020-09-09,11
EST_01082,트랜치,3,163000,신세계시스템,2020-08-29,2020-09-24,26
EST_01083,보차도경계석,2,67000,우신테크,2020-08-30,2020-09-23,24
EST_01084,그네,1,337000,미래시설관리,2020-08-30,2020-10-14,45
EST_01085,점자블록,2,30000,현대시스템,2020-08-30,2020-09-16,17
EST_01086,달리기,1,577000,동화시설관리,2020-08-30,2020-10-05,36
EST_01087,그네,3,1962000,태영건설,2020-08-30,2021-01-02,125
EST_01088,축구골대,1,670000,현대시스템,2020-08-30,2020-10-03,34
EST_01089,등받이있는벤치,2,407000,신세계조경,2020-08-30,2020-09-29,30
EST_01090,보호시설물무단횡단방지시설,1,128000,중앙산업,2020-08-30,2020-09-21,22
EST_01091,트랜치,3,190000,우신시설관리,2020-08-30,2020-10-13,44
EST_01092,미끄럼틀,1,1113000,미래토목,2020-08-31,2020-10-21,51
EST_01093,농구대,1,428000,대명안전,2020-09-01,2020-09-30,29
EST_01094,맨홀,2,605000,동화시설관리,2020-09-01,2020-10-07,36
EST_01095,달리기,1,633000,우신시설관리,2020-09-01,2020-10-02,31
EST_01096,가로수보호덮개,2,157000,한성산업,2020-09-01,2020-09-18,17
EST_01097,농구대,1,348000,동화시스템,2020-09-01,2020-09-30,29
EST_01098,축구골대,3,2698000,신세계토목,2020-09-02,2020-12-28,117
EST_01099,보호시설물볼라드,1,41000,대명테크,2020-09-02,2020-09-16,14
EST_01100,미끄럼틀,3,3579000,대명산업,2020-09-02,2021-03-09,188
EST_01101,등받이없는벤치,2,293000,대명시설관리,2020-09-02,2020-09-30,28
EST_01102,보도블록,2,21000,대명건설,2020-09-02,2020-09-19,17
EST_01103,보호펜스,1,54000,중앙테크,2020-09-02,2020-09-28,26
EST_01104,달리기,3,2856000,신세계시스템,2020-09-02,2020-11-27,86
EST_01105,농구대,1,304000,그린플레이,2020-09-02,2020-09-29,27
EST_01106,달리기,2,1033000,신세계테크,2020-09-03,2020-10-25,52
EST_01107,등받이있는벤치,3,749000,에코시설,2020-09-03,2020-10-11,38
EST_01108,그네,2,967000,우신산업,2020-09-03,2020-12-03,91
EST_01109,달리기,2,1116000,제일조경,2020-09-03,2020-10-26,53
EST_01110,농구대,2,1026000,신세계조경,2020-09-03,2020-10-14,41
EST_01111,등받이있는벤치,2,286000,신세계조경,2020-09-03,2020-10-01,28
EST_01112,점자블록,3,78000,중앙안전,2020-09-03,2020-10-16,43
EST_01113,트랜치,2,86000,신세계토목,2020-09-04,2020-09-20,16
EST_01114,농구대,1,500000,도시정비단,2020-09-04,2020-09-30,26
EST_01115,보호펜스,2,107000,동화시스템,2020-09-05,2020-10-16,41
EST_01116,그네,1,452000,대명시설관리,2020-09-06,2020-10-26,50
EST_01117,등받이없는벤치,2,215000,현대시스템,2020-09-06,2020-09-28,22
EST_01118,달리기,3,2484000,중앙테크,2020-09-06,2020-11-25,80
EST_01119,보호시설물볼라드,2,148000,제일테크,2020-09-06,2020-10-06,30
EST_01120,맨홀,1,180000,대명시설관리,2020-09-06,2020-09-26,20
EST_01121,점자블록,1,17000,미래안전,2020-09-06,2020-09-16,10
EST_01122,보호시설물무단횡단방지시설,2,171000,제일테크,2020-09-06,2020-10-18,42
EST_01123,보호시설물볼라드,1,54000,신세계건설,2020-09-06,2020-09-22,16
EST_01124,가로수보호덮개,2,167000,제일안전,2020-09-06,2020-09-25,19
EST_01125,보호시설물무단횡단방지시설,1,70000,한성시설관리,2020-09-07,2020-10-01,24
EST_01126,보호시설물볼라드,2,127000,대명시설관리,2020-09-07,2020-09-30,23
EST_01127,보호펜스,1,32000,동화조경,2020-09-07,2020-09-29,22
EST_01128,등받이있는벤치,1,154000,한성안전,2020-09-08,2020-09-24,16
EST_01129,가로수보호덮개,3,292000,미래시스템,2020-09-09,2020-10-10,31
EST_01130,달리기,3,2556000,대명테크,2020-09-09,2021-01-03,116
EST_01131,트랜치,3,246000,태영건설,2020-09-09,2020-10-06,27
EST_01132,보도블록,3,63000,중앙건설,2020-09-09,2020-10-06,27
EST_01133,농구대,3,1931000,중앙안전,2020-09-09,2020-12-18,100
EST_01134,트랜치,2,119000,중앙테크,2020-09-09,2020-09-30,21
EST_01135,보호시설물무단횡단방지시설,1,93000,국토개발,2020-09-10,2020-10-04,24
EST_01136,등받이있는벤치,1,131000,미래안전,2020-09-11,2020-09-28,17
EST_01137,보도블록,1,13000,중앙안전,2020-09-11,2020-09-22,11
EST_01138,가로수보호덮개,2,167000,한성건설,2020-09-11,2020-10-02,21
EST_01139,등받이있는벤치,1,103000,한성토목,2020-09-11,2020-09-25,14
EST_01140,맨홀,2,383000,동화시설관리,2020-09-11,2020-10-18,37
EST_01141,맨홀,3,1181000,대명테크,2020-09-11,2020-12-06,86
EST_01142,점자블록,2,45000,국토개발,2020-09-12,2020-09-29,17
EST_01143,보호시설물무단횡단방지시설,3,366000,중앙테크,2020-09-12,2020-11-08,57
EST_01144,보호시설물무단횡단방지시설,2,220000,중앙산업,2020-09-12,2020-10-25,43
EST_01145,가로수보호덮개,1,81000,제일조경,2020-09-12,2020-09-22,10
EST_01146,보차도경계석,3,149000,현대시스템,2020-09-12,2020-11-08,57
EST_01147,가로수보호덮개,2,190000,동화토목,2020-09-13,2020-09-30,17
EST_01148,보도블록,2,31000,우신테크,2020-09-13,2020-10-01,18
EST_01149,등받이있는벤치,1,131000,그린플레이,2020-09-13,2020-09-27,14
EST_01150,보차도경계석,2,62000,대명테크,2020-09-13,2020-10-12,29
EST_01151,등받이있는벤치,3,807000,태영테크,2020-09-13,2020-11-06,54
EST_01152,보호시설물무단횡단방지시설,1,129000,대명테크,2020-09-14,2020-10-06,22
EST_01153,보차도경계석,1,31000,제일테크,2020-09-14,2020-09-28,14
EST_01154,보차도경계석,2,68000,제일안전,2020-09-14,2020-10-09,25
EST_01155,보도블록,3,61000,중앙테크,2020-09-14,2020-10-16,32
EST_01156,그네,2,835000,미래토목,2020-09-14,2020-12-21,98
EST_01157,농구대,3,1625000,우신조경,2020-09-14,2020-11-22,69
EST_01158,보도블록,2,21000,중앙토목,2020-09-14,2020-10-03,19
EST_01159,보차도경계석,1,28000,대명시설관리,2020-09-14,2020-09-29,15
EST_01160,등받이있는벤치,3,604000,그린플레이,2020-09-15,2020-10-27,42
EST_01161,달리기,1,742000,대명시설관리,2020-09-15,2020-10-16,31
EST_01162,달리기,3,2399000,대명시설관리,2020-09-15,2021-01-20,127
EST_01163,보호시설물볼라드,3,218000,한성건설,2020-09-15,2020-10-30,45
EST_01164,보차도경계석,1,33000,대명안전,2020-09-16,2020-09-30,14
EST_01165,맨홀,2,374000,한성토목,2020-09-16,2020-10-29,43
EST_01166,보차도경계석,1,19000,미래안전,2020-09-16,2020-10-01,15
EST_01167,등받이없는벤치,1,98000,신세계시설관리,2020-09-16,2020-10-03,17
EST_01168,보차도경계석,2,59000,도시정비단,2020-09-16,2020-10-09,23
EST_01169,등받이있는벤치,2,430000,미래안전,2020-09-16,2020-10-11,25
EST_01170,가로수보호덮개,1,80000,동화시스템,2020-09-17,2020-09-29,12
EST_01171,가로수보호덮개,2,194000,제일안전,2020-09-17,2020-10-03,16
EST_01172,트랜치,2,85000,중앙토목,2020-09-17,2020-10-07,20
EST_01173,보호펜스,3,149000,미래시스템,2020-09-17,2020-11-21,65
EST_01174,축구골대,3,3096000,동화테크,2020-09-18,2020-12-24,97
EST_01175,등받이있는벤치,1,178000,제일토목,2020-09-18,2020-10-03,15
EST_01176,달리기,2,1288000,동화토목,2020-09-18,2020-11-19,62
EST_01177,미끄럼틀,1,600000,한성산업,2020-09-18,2020-11-08,51
EST_01178,농구대,2,1034000,제일조경,2020-09-19,2020-10-29,40
EST_01179,미끄럼틀,2,2321000,제일시설관리,2020-09-19,2020-11-28,70
EST_01180,점자블록,3,76000,동화조경,2020-09-19,2020-10-14,25
EST_01181,그네,1,477000,미래시설관리,2020-09-19,2020-11-15,57
EST_01182,보도블록,2,24000,동화시설관리,2020-09-19,2020-10-05,16
EST_01183,그네,1,392000,한성토목,2020-09-19,2020-11-04,46
EST_01184,달리기,2,1388000,신세계시스템,2020-09-20,2020-11-22,63
EST_01185,등받이없는벤치,2,209000,중앙테크,2020-09-20,2020-10-11,21
EST_01186,등받이없는벤치,3,522000,제일조경,2020-09-21,2020-11-18,58
EST_01187,등받이없는벤치,1,120000,미래안전,2020-09-21,2020-10-07,16
EST_01188,그네,2,1184000,제일시설관리,2020-09-21,2020-12-16,86
EST_01189,점자블록,1,10000,대명안전,2020-09-21,2020-10-03,12
EST_01190,보도블록,2,28000,중앙안전,2020-09-21,2020-10-06,15
EST_01191,보호시설물무단횡단방지시설,3,368000,미래토목,2020-09-21,2020-11-24,64
EST_01192,미끄럼틀,2,1669000,한성토목,2020-09-21,2020-12-28,98
EST_01193,보차도경계석,3,103000,동화시스템,2020-09-21,2020-11-11,51
EST_01194,미끄럼틀,1,555000,우신테크,2020-09-22,2020-11-13,52
EST_01195,미끄럼틀,3,3801000,신세계건설,2020-09-22,2021-01-19,119
EST_01196,등받이있는벤치,2,289000,동화조경,2020-09-22,2020-10-16,24
EST_01197,가로수보호덮개,3,371000,중앙건설,2020-09-22,2020-10-19,27
EST_01198,달리기,3,2336000,우신시설관리,2020-09-22,2021-01-13,113
EST_01199,점자블록,1,14000,우신테크,2020-09-23,2020-10-04,11
EST_01200,보도블록,2,32000,신세계시설관리,2020-09-23,2020-10-13,20
EST_01201,트랜치,2,88000,한성안전,2020-09-23,2020-10-11,18
EST_01202,보호시설물볼라드,2,121000,한성토목,2020-09-23,2020-10-14,21
EST_01203,트랜치,2,83000,동화시설관리,2020-09-24,2020-10-10,16
EST_01204,등받이없는벤치,3,526000,한성건설,2020-09-24,2020-11-14,51
EST_01205,등받이없는벤치,3,464000,신세계토목,2020-09-24,2020-11-08,45
EST_01206,가로수보호덮개,2,219000,제일조경,2020-09-24,2020-10-13,19
EST_01207,점자블록,2,39000,중앙토목,2020-09-24,2020-10-13,19
EST_01208,보호시설물무단횡단방지시설,3,409000,태영건설,2020-09-24,2020-12-03,70
EST_01209,맨홀,3,1084000,중앙토목,2020-09-24,2020-11-17,54
EST_01210,달리기,2,1484000,현대건설,2020-09-25,2020-11-13,49
EST_01211,미끄럼틀,1,531000,도시정비단,2020-09-25,2020-11-14,50
EST_01212,미끄럼틀,1,1090000,대명건설,2020-09-25,2020-11-16,52
EST_01213,미끄럼틀,3,4351000,한성토목,2020-09-25,2021-03-31,187
EST_01214,보호펜스,1,48000,제일조경,2020-09-25,2020-10-16,21
EST_01215,트랜치,3,229000,미래시스템,2020-09-25,2020-11-04,40
EST_01216,미끄럼틀,3,3683000,국토개발,2020-09-26,2021-03-25,180
EST_01217,그네,3,1836000,한성안전,2020-09-26,2021-03-15,170
EST_01218,보호시설물볼라드,2,146000,우신시설관리,2020-09-26,2020-10-18,22
EST_01219,보차도경계석,2,60000,신세계안전,2020-09-27,2020-10-26,29
EST_01220,축구골대,1,501000,미래시스템,2020-09-27,2020-11-04,38
EST_01221,맨홀,3,991000,미래토목,2020-09-27,2020-12-11,75
EST_01222,보호시설물볼라드,1,64000,중앙산업,2020-09-27,2020-10-15,18
EST_01223,가로수보호덮개,1,49000,그린플레이,2020-09-27,2020-10-08,11
EST_01224,달리기,2,1243000,태영안전,2020-09-28,2020-11-29,62
EST_01225,등받이없는벤치,1,94000,중앙안전,2020-09-29,2020-10-13,14
EST_01226,등받이있는벤치,2,363000,중앙건설,2020-09-29,2020-10-27,28
EST_01227,트랜치,3,170000,대명테크,2020-09-30,2020-11-01,32
EST_01228,보호펜스,2,109000,대명테크,2020-09-30,2020-11-09,40
EST_01229,가로수보호덮개,1,64000,미래시설관리,2020-09-30,2020-10-12,12
EST_01230,맨홀,1,215000,신세계건설,2020-09-30,2020-10-24,24
EST_01231,가로수보호덮개,3,459000,국토개발,2020-09-30,2020-10-31,31
EST_01232,보호펜스,1,44000,중앙건설,2020-09-30,2020-10-23,23
EST_01233,그네,2,1315000,미래시스템,2020-10-01,2020-12-17,77
EST_01234,미끄럼틀,3,4264000,우신시설관리,2020-10-01,2021-04-15,196
EST_01235,트랜치,1,48000,동화테크,2020-10-02,2020-10-13,11
EST_01236,보호펜스,1,40000,미래시설관리,2020-10-02,2020-10-27,25
EST_01237,보도블록,2,32000,현대건설,2020-10-02,2020-10-20,18
EST_01238,달리기,2,1068000,제일테크,2020-10-02,2020-11-29,58
EST_01239,등받이있는벤치,3,569000,신세계안전,2020-10-02,2020-11-17,46
EST_01240,농구대,2,1013000,동화시스템,2020-10-02,2020-11-20,49
EST_01241,가로수보호덮개,1,77000,동화토목,2020-10-03,2020-10-14,11
EST_01242,달리기,3,2970000,제일산업,2020-10-03,2021-02-11,131
EST_01243,그네,1,562000,동화테크,2020-10-03,2020-11-29,57
EST_01244,달리기,1,386000,제일테크,2020-10-03,2020-11-04,32
EST_01245,달리기,3,1992000,제일테크,2020-10-03,2020-12-19,77
EST_01246,미끄럼틀,2,2601000,우신산업,2020-10-03,2020-12-24,82
EST_01247,점자블록,3,68000,우신산업,2020-10-03,2020-11-14,42
EST_01248,보호시설물볼라드,3,284000,신세계조경,2020-10-03,2020-11-08,36
EST_01249,등받이있는벤치,2,290000,우신시설관리,2020-10-03,2020-10-27,24
EST_01250,축구골대,2,1564000,미래시스템,2020-10-04,2020-12-03,60
EST_01251,트랜치,1,32000,중앙테크,2020-10-04,2020-10-14,10
EST_01252,보호시설물무단횡단방지시설,1,62000,제일토목,2020-10-05,2020-10-26,21
EST_01253,보도블록,2,23000,에코시설,2020-10-05,2020-10-26,21
EST_01254,농구대,3,1669000,현대건설,2020-10-05,2021-01-20,107
EST_01255,등받이있는벤치,1,198000,제일토목,2020-10-05,2020-10-22,17
EST_01256,축구골대,1,904000,도시정비단,2020-10-05,2020-11-12,38
EST_01257,축구골대,1,642000,신세계토목,2020-10-06,2020-11-13,38
EST_01258,맨홀,1,230000,태영건설,2020-10-06,2020-10-27,21
EST_01259,달리기,3,2409000,우신시설관리,2020-10-06,2021-02-03,120
EST_01260,등받이있는벤치,3,672000,한성산업,2020-10-06,2020-11-30,55
EST_01261,등받이있는벤치,1,146000,제일토목,2020-10-06,2020-10-21,15
EST_01262,보호시설물무단횡단방지시설,3,413000,중앙테크,2020-10-06,2020-12-05,60
EST_01263,보도블록,2,32000,대명건설,2020-10-07,2020-10-27,20
EST_01264,축구골대,3,3637000,동화조경,2020-10-07,2021-02-17,133
EST_01265,가로수보호덮개,2,184000,중앙건설,2020-10-07,2020-10-24,17
EST_01266,미끄럼틀,3,3200000,제일조경,2020-10-07,2021-04-02,177
EST_01267,보차도경계석,1,29000,중앙안전,2020-10-07,2020-10-23,16
EST_01268,등받이있는벤치,2,412000,신세계시설관리,2020-10-07,2020-10-30,23
EST_01269,보호시설물무단횡단방지시설,3,453000,신세계시스템,2020-10-08,2020-12-04,57
EST_01270,등받이없는벤치,3,573000,대명안전,2020-10-08,2020-11-18,41
EST_01271,등받이없는벤치,3,579000,중앙건설,2020-10-08,2020-11-26,49
EST_01272,등받이있는벤치,2,262000,신세계시설관리,2020-10-08,2020-11-06,29
EST_01273,달리기,3,2363000,대명안전,2020-10-08,2021-02-03,118
EST_01274,보호시설물무단횡단방지시설,1,89000,중앙건설,2020-10-08,2020-11-01,24
EST_01275,맨홀,3,1111000,신세계조경,2020-10-09,2020-12-20,72
EST_01276,그네,3,1784000,우신산업,2020-10-09,2021-03-25,167
EST_01277,보차도경계석,2,52000,도시정비단,2020-10-09,2020-11-01,23
EST_01278,등받이있는벤치,2,341000,대명시설관리,2020-10-09,2020-11-06,28
EST_01279,보호시설물볼라드,3,256000,대명안전,2020-10-10,2020-12-06,57
EST_01280,등받이없는벤치,2,287000,대명산업,2020-10-10,2020-11-02,23
EST_01281,보호펜스,1,33000,중앙건설,2020-10-11,2020-11-01,21
EST_01282,보차도경계석,2,75000,중앙안전,2020-10-11,2020-11-08,28
EST_01283,그네,1,369000,동화테크,2020-10-11,2020-11-30,50
EST_01284,미끄럼틀,2,1854000,중앙산업,2020-10-11,2021-01-13,94
EST_01285,그네,1,516000,동화조경,2020-10-11,2020-12-05,55
EST_01286,맨홀,2,573000,대명산업,2020-10-12,2020-11-18,37
EST_01287,그네,3,1721000,제일시설관리,2020-10-12,2021-04-30,200
EST_01288,트랜치,2,104000,신세계조경,2020-10-13,2020-10-28,15
EST_01289,보호펜스,1,47000,대명건설,2020-10-13,2020-11-03,21
EST_01290,등받이있는벤치,1,90000,한성시설관리,2020-10-13,2020-10-28,15
EST_01291,등받이없는벤치,2,299000,우신조경,2020-10-13,2020-11-09,27
EST_01292,등받이있는벤치,1,166000,태영테크,2020-10-13,2020-10-28,15
EST_01293,맨홀,3,991000,신세계토목,2020-10-13,2021-01-04,83
EST_01294,등받이없는벤치,1,131000,중앙토목,2020-10-13,2020-10-28,15
EST_01295,보차도경계석,1,19000,태영테크,2020-10-14,2020-10-30,16
EST_01296,보차도경계석,1,21000,중앙건설,2020-10-14,2020-10-29,15
EST_01297,보호펜스,1,46000,제일테크,2020-10-14,2020-11-05,22
EST_01298,미끄럼틀,2,1804000,동화테크,2020-10-14,2021-01-14,92
EST_01299,보호시설물무단횡단방지시설,1,87000,신세계테크,2020-10-15,2020-11-05,21
EST_01300,등받이없는벤치,3,518000,한성안전,2020-10-15,2020-12-02,48
EST_01301,보도블록,3,42000,대명산업,2020-10-15,2020-11-22,38
EST_01302,가로수보호덮개,2,182000,신세계시스템,2020-10-16,2020-10-31,15
EST_01303,보차도경계석,3,153000,신세계테크,2020-10-16,2020-12-11,56
EST_01304,트랜치,3,240000,신세계조경,2020-10-16,2020-11-15,30
EST_01305,축구골대,3,3068000,국토개발,2020-10-16,2021-02-18,125
EST_01306,맨홀,1,223000,미래토목,2020-10-17,2020-11-09,23
EST_01307,트랜치,3,235000,현대시스템,2020-10-17,2020-11-30,44
EST_01308,보호펜스,1,44000,한성건설,2020-10-17,2020-11-08,22
EST_01309,등받이없는벤치,3,521000,신세계조경,2020-10-17,2020-12-10,54
EST_01310,달리기,2,1076000,신세계시설관리,2020-10-17,2020-12-18,62
EST_01311,보차도경계석,1,20000,제일조경,2020-10-17,2020-11-01,15
EST_01312,등받이없는벤치,3,480000,한성안전,2020-10-17,2020-11-27,41
EST_01313,보호시설물무단횡단방지시설,1,72000,미래토목,2020-10-17,2020-11-12,26
EST_01314,보호시설물볼라드,3,246000,국토개발,2020-10-18,2020-11-27,40
EST_01315,달리기,3,2317000,신세계시설관리,2020-10-18,2021-01-04,78
EST_01316,보도블록,2,23000,태영건설,2020-10-18,2020-11-08,21
EST_01317,보도블록,2,22000,미래토목,2020-10-18,2020-11-06,19
EST_01318,미끄럼틀,2,1749000,우신시설관리,2020-10-19,2021-01-02,75
EST_01319,점자블록,2,46000,중앙토목,2020-10-19,2020-11-06,18
EST_01320,가로수보호덮개,3,371000,국토개발,2020-10-19,2020-11-24,36
EST_01321,농구대,3,1849000,에코시설,2020-10-19,2021-01-12,85
EST_01322,보차도경계석,1,16000,한성건설,2020-10-19,2020-11-02,14
EST_01323,등받이없는벤치,1,87000,신세계건설,2020-10-19,2020-11-05,17
EST_01324,보호시설물볼라드,2,127000,동화테크,2020-10-20,2020-11-15,26
EST_01325,등받이있는벤치,2,262000,한성건설,2020-10-20,2020-11-10,21
EST_01326,등받이없는벤치,1,122000,현대건설,2020-10-20,2020-11-05,16
EST_01327,그네,3,2198000,동화토목,2020-10-20,2021-04-03,165
EST_01328,보도블록,1,11000,대명건설,2020-10-20,2020-11-01,12
EST_01329,보차도경계석,2,72000,한성건설,2020-10-20,2020-11-10,21
EST_01330,등받이없는벤치,3,407000,제일테크,2020-10-20,2020-12-13,54
EST_01331,가로수보호덮개,1,79000,신세계토목,2020-10-21,2020-10-31,10
EST_01332,보호시설물볼라드,3,214000,중앙테크,2020-10-21,2020-12-18,58
EST_01333,점자블록,1,10000,동화시설관리,2020-10-22,2020-11-02,11
EST_01334,보호시설물볼라드,3,263000,한성산업,2020-10-22,2020-11-26,35
EST_01335,점자블록,1,22000,미래토목,2020-10-22,2020-11-03,12
EST_01336,보호펜스,2,79000,그린플레이,2020-10-22,2020-12-01,40
EST_01337,트랜치,3,244000,대명시설관리,2020-10-22,2020-11-23,32
EST_01338,등받이없는벤치,3,506000,중앙테크,2020-10-22,2020-11-29,38
EST_01339,가로수보호덮개,3,310000,미래토목,2020-10-23,2020-12-05,43
EST_01340,맨홀,1,189000,대명시설관리,2020-10-23,2020-11-14,22
EST_01341,맨홀,1,258000,신세계건설,2020-10-23,2020-11-17,25
EST_01342,보호시설물무단횡단방지시설,3,371000,태영건설,2020-10-23,2020-12-29,67
EST_01343,가로수보호덮개,1,51000,한성안전,2020-10-24,2020-11-03,10
EST_01344,보도블록,2,28000,신세계안전,2020-10-24,2020-11-11,18
EST_01345,점자블록,3,81000,중앙안전,2020-10-24,2020-11-26,33
EST_01346,농구대,3,2001000,동화시설관리,2020-10-25,2021-01-31,98
EST_01347,보호펜스,3,183000,대명안전,2020-10-26,2021-01-07,73
EST_01348,달리기,3,2311000,현대건설,2020-10-26,2021-03-09,134
EST_01349,달리기,1,501000,도시정비단,2020-10-26,2020-11-25,30
EST_01350,등받이없는벤치,3,517000,제일테크,2020-10-26,2020-12-26,61
EST_01351,등받이없는벤치,2,274000,한성산업,2020-10-27,2020-11-22,26
EST_01352,점자블록,1,14000,대명안전,2020-10-28,2020-11-07,10
EST_01353,달리기,2,1070000,대명건설,2020-10-28,2020-12-22,55
EST_01354,보호시설물무단횡단방지시설,3,455000,한성시설관리,2020-10-28,2021-01-26,90
EST_01355,보도블록,1,8000,동화조경,2020-10-28,2020-11-08,11
EST_01356,그네,3,2167000,중앙테크,2020-10-29,2021-03-20,142
EST_01357,등받이없는벤치,1,139000,제일조경,2020-10-29,2020-11-14,16
EST_01358,등받이있는벤치,1,111000,우신산업,2020-10-29,2020-11-12,14
EST_01359,보호펜스,1,41000,중앙토목,2020-10-29,2020-11-19,21
EST_01360,보호시설물무단횡단방지시설,1,76000,제일시설관리,2020-10-29,2020-11-21,23
EST_01361,가로수보호덮개,2,226000,중앙안전,2020-10-30,2020-11-20,21
EST_01362,트랜치,3,211000,동화토목,2020-10-30,2020-11-25,26
EST_01363,등받이있는벤치,3,772000,신세계안전,2020-10-30,2020-12-20,51
EST_01364,보도블록,2,24000,미래시스템,2020-10-30,2020-11-15,16
EST_01365,미끄럼틀,2,1591000,중앙건설,2020-10-30,2021-01-17,79
EST_01366,등받이없는벤치,3,602000,동화테크,2020-10-30,2020-12-04,35
EST_01367,보도블록,1,14000,한성안전,2020-10-31,2020-11-12,12
EST_01368,맨홀,3,975000,동화조경,2020-10-31,2021-01-13,74
EST_01369,보호시설물무단횡단방지시설,2,185000,미래시설관리,2020-10-31,2020-12-07,37
EST_01370,축구골대,3,2857000,대명건설,2020-10-31,2021-01-19,80
EST_01371,트랜치,3,185000,대명건설,2020-11-01,2020-11-28,27
EST_01372,농구대,2,728000,도시정비단,2020-11-01,2020-12-18,47
EST_01373,그네,3,1774000,태영건설,2020-11-01,2021-04-28,178
EST_01374,보도블록,2,33000,동화테크,2020-11-01,2020-11-21,20
EST_01375,보호시설물무단횡단방지시설,3,466000,태영안전,2020-11-02,2021-01-16,75
EST_01376,보호시설물볼라드,1,57000,우신테크,2020-11-02,2020-11-16,14
EST_01377,보차도경계석,2,71000,중앙토목,2020-11-02,2020-11-29,27
EST_01378,그네,3,2345000,중앙산업,2020-11-02,2021-04-09,158
EST_01379,트랜치,1,56000,대명시설관리,2020-11-02,2020-11-12,10
EST_01380,보호시설물볼라드,1,54000,제일조경,2020-11-02,2020-11-18,16
EST_01381,점자블록,3,72000,미래시설관리,2020-11-02,2020-12-01,29
EST_01382,보호펜스,1,29000,제일조경,2020-11-03,2020-11-29,26
EST_01383,보호시설물볼라드,2,148000,미래시설관리,2020-11-04,2020-12-01,27
EST_01384,달리기,3,2385000,제일안전,2020-11-04,2021-03-11,127
EST_01385,등받이없는벤치,3,427000,우신산업,2020-11-04,2020-12-30,56
EST_01386,농구대,2,946000,대명산업,2020-11-04,2020-12-23,49
EST_01387,달리기,1,478000,동화토목,2020-11-04,2020-12-09,35
EST_01388,보호펜스,2,108000,그린플레이,2020-11-05,2020-12-09,34
EST_01389,가로수보호덮개,2,180000,신세계건설,2020-11-05,2020-11-26,21
EST_01390,보호시설물무단횡단방지시설,1,102000,우신시설관리,2020-11-05,2020-11-28,23
EST_01391,보차도경계석,3,149000,대명안전,2020-11-05,2020-12-19,44
EST_01392,그네,1,629000,우신시설관리,2020-11-06,2020-12-29,53
EST_01393,그네,1,513000,신세계건설,2020-11-06,2020-12-21,45
EST_01394,그네,2,1210000,제일조경,2020-11-06,2021-02-01,87
EST_01395,가로수보호덮개,1,99000,동화시설관리,2020-11-06,2020-11-17,11
EST_01396,보차도경계석,3,118000,제일안전,2020-11-07,2020-12-20,43
EST_01397,보호펜스,1,40000,미래안전,2020-11-07,2020-12-02,25
EST_01398,점자블록,3,93000,태영건설,2020-11-08,2020-12-04,26
EST_01399,미끄럼틀,2,2050000,중앙안전,2020-11-08,2021-01-28,81
EST_01400,축구골대,3,2661000,미래시설관리,2020-11-08,2021-02-20,104
EST_01401,보호시설물무단횡단방지시설,1,101000,중앙토목,2020-11-08,2020-11-29,21
EST_01402,맨홀,3,832000,동화토목,2020-11-09,2021-01-24,76
EST_01403,등받이없는벤치,1,78000,중앙산업,2020-11-09,2020-11-23,14
EST_01404,그네,3,2312000,한성토목,2020-11-09,2021-03-12,123
EST_01405,가로수보호덮개,1,59000,신세계테크,2020-11-09,2020-11-19,10
EST_01406,트랜치,1,44000,신세계시스템,2020-11-09,2020-11-21,12
EST_01407,보호시설물무단횡단방지시설,2,254000,국토개발,2020-11-10,2020-12-22,42
EST_01408,보차도경계석,3,109000,그린플레이,2020-11-11,2020-12-21,40
EST_01409,등받이있는벤치,2,368000,제일테크,2020-11-11,2020-12-09,28
EST_01410,보차도경계석,2,75000,미래시스템,2020-11-12,2020-12-09,27
EST_01411,보호시설물무단횡단방지시설,2,273000,도시정비단,2020-11-12,2020-12-13,31
EST_01412,달리기,2,991000,동화테크,2020-11-12,2021-01-14,63
EST_01413,그네,3,1662000,우신조경,2020-11-12,2021-04-20,159
EST_01414,보호시설물무단횡단방지시설,2,262000,미래토목,2020-11-12,2020-12-21,39
EST_01415,등받이없는벤치,2,285000,대명산업,2020-11-13,2020-12-06,23
EST_01416,보호시설물볼라드,2,116000,한성토목,2020-11-13,2020-12-11,28
EST_01417,그네,2,860000,중앙토목,2020-11-13,2021-02-16,95
EST_01418,보호펜스,1,28000,중앙테크,2020-11-13,2020-12-07,24
EST_01419,보호펜스,2,72000,동화토목,2020-11-13,2020-12-23,40
EST_01420,축구골대,2,1754000,신세계테크,2020-11-14,2021-01-13,60
EST_01421,맨홀,1,264000,중앙건설,2020-11-14,2020-12-06,22
EST_01422,점자블록,3,73000,우신산업,2020-11-14,2020-12-16,32
EST_01423,보차도경계석,1,19000,신세계시설관리,2020-11-15,2020-11-30,15
EST_01424,맨홀,3,1052000,한성시설관리,2020-11-15,2021-02-03,80
EST_01425,등받이없는벤치,1,142000,신세계토목,2020-11-15,2020-12-02,17
EST_01426,축구골대,3,2980000,대명안전,2020-11-15,2021-03-18,123
EST_01427,맨홀,3,892000,대명시설관리,2020-11-15,2021-01-09,55
EST_01428,점자블록,1,22000,신세계토목,2020-11-16,2020-11-28,12
EST_01429,보호펜스,1,30000,우신시설관리,2020-11-16,2020-12-10,24
EST_01430,보도블록,3,53000,한성토목,2020-11-16,2020-12-26,40
EST_01431,맨홀,1,182000,중앙산업,2020-11-16,2020-12-08,22
EST_01432,등받이없는벤치,2,249000,한성토목,2020-11-16,2020-12-09,23
EST_01433,그네,3,1740000,동화테크,2020-11-17,2021-05-09,173
EST_01434,축구골대,2,1764000,한성건설,2020-11-17,2021-01-04,48
EST_01435,점자블록,2,38000,미래시스템,2020-11-17,2020-12-05,18
EST_01436,달리기,2,1181000,중앙테크,2020-11-17,2021-01-20,64
EST_01437,그네,2,1234000,우신테크,2020-11-18,2021-02-07,81
EST_01438,맨홀,3,938000,대명건설,2020-11-18,2021-02-13,87
EST_01439,축구골대,1,804000,제일토목,2020-11-18,2020-12-24,36
EST_01440,등받이없는벤치,3,452000,한성건설,2020-11-19,2021-01-02,44
EST_01441,점자블록,2,44000,현대건설,2020-11-19,2020-12-05,16
EST_01442,트랜치,3,191000,제일안전,2020-11-19,2020-12-21,32
EST_01443,그네,3,1648000,도시정비단,2020-11-19,2021-05-19,181
EST_01444,축구골대,2,1768000,도시정비단,2020-11-20,2021-01-04,45
EST_01445,보차도경계석,3,115000,중앙안전,2020-11-20,2020-12-25,35
EST_01446,맨홀,1,252000,한성시설관리,2020-11-20,2020-12-15,25
EST_01447,보차도경계석,1,31000,동화토목,2020-11-20,2020-12-06,16
EST_01448,보도블록,1,13000,신세계건설,2020-11-20,2020-11-30,10
EST_01449,농구대,3,1509000,동화토목,2020-11-21,2021-01-24,64
EST_01450,보호시설물무단횡단방지시설,3,377000,태영테크,2020-11-21,2021-02-01,72
EST_01451,보도블록,3,41000,국토개발,2020-11-21,2020-12-30,39
EST_01452,트랜치,1,47000,제일산업,2020-11-21,2020-12-01,10
EST_01453,보도블록,3,58000,신세계시설관리,2020-11-22,2020-12-27,35
EST_01454,그네,1,373000,태영건설,2020-11-22,2021-01-12,51
EST_01455,보호펜스,3,188000,신세계안전,2020-11-22,2021-02-19,89
EST_01456,보도블록,2,24000,현대시스템,2020-11-22,2020-12-08,16
EST_01457,보도블록,2,22000,신세계안전,2020-11-22,2020-12-10,18
EST_01458,보호펜스,1,41000,중앙안전,2020-11-23,2020-12-17,24
EST_01459,축구골대,3,2755000,중앙토목,2020-11-23,2021-04-04,132
EST_01460,맨홀,1,262000,현대시스템,2020-11-23,2020-12-18,25
EST_01461,가로수보호덮개,2,168000,한성건설,2020-11-23,2020-12-09,16
EST_01462,등받이없는벤치,2,226000,신세계시설관리,2020-11-23,2020-12-20,27
EST_01463,등받이있는벤치,1,93000,제일시설관리,2020-11-23,2020-12-09,16
EST_01464,트랜치,1,47000,신세계시스템,2020-11-23,2020-12-04,11
EST_01465,맨홀,1,257000,신세계시스템,2020-11-23,2020-12-16,23
EST_01466,트랜치,3,234000,한성산업,2020-11-24,2020-12-29,35
EST_01467,보호펜스,1,40000,신세계시스템,2020-11-25,2020-12-18,23
EST_01468,농구대,3,1363000,미래안전,2020-11-25,2021-03-05,100
EST_01469,미끄럼틀,1,932000,동화시스템,2020-11-25,2021-01-18,54
EST_01470,축구골대,2,1849000,제일토목,2020-11-25,2021-01-14,50
EST_01471,보차도경계석,1,28000,동화토목,2020-11-25,2020-12-11,16
EST_01472,축구골대,3,3258000,에코시설,2020-11-25,2021-02-17,84
EST_01473,축구골대,3,2950000,대명산업,2020-11-25,2021-02-16,83
EST_01474,보도블록,1,9000,우신산업,2020-11-25,2020-12-05,10
EST_01475,트랜치,2,117000,우신시설관리,2020-11-26,2020-12-17,21
EST_01476,그네,1,281000,중앙산업,2020-11-26,2021-01-18,53
EST_01477,미끄럼틀,3,4521000,국토개발,2020-11-26,2021-05-30,185
EST_01478,달리기,3,2707000,미래안전,2020-11-26,2021-03-17,111
EST_01479,보도블록,3,45000,중앙건설,2020-11-26,2021-01-02,37
EST_01480,보호시설물무단횡단방지시설,2,237000,제일토목,2020-11-27,2021-01-02,36
EST_01481,보호펜스,3,230000,대명산업,2020-11-27,2021-01-25,59
EST_01482,보호시설물볼라드,2,133000,중앙산업,2020-11-27,2020-12-25,28
EST_01483,보호시설물무단횡단방지시설,3,420000,중앙안전,2020-11-27,2021-01-25,59
EST_01484,가로수보호덮개,3,357000,도시정비단,2020-11-28,2021-01-04,37
EST_01485,점자블록,3,78000,우신시설관리,2020-11-28,2021-01-07,40
EST_01486,등받이있는벤치,2,358000,신세계시스템,2020-11-28,2020-12-26,28
EST_01487,미끄럼틀,3,3800000,제일산업,2020-11-28,2021-05-21,174
EST_01488,축구골대,2,1379000,중앙안전,2020-11-29,2021-01-26,58
EST_01489,등받이있는벤치,3,720000,한성건설,2020-11-29,2021-01-26,58
EST_01490,축구골대,3,3965000,우신시설관리,2020-11-30,2021-03-26,116
EST_01491,보호시설물무단횡단방지시설,1,117000,우신산업,2020-11-30,2020-12-21,21
EST_01492,가로수보호덮개,3,400000,신세계안전,2020-11-30,2021-01-05,36
EST_01493,등받이있는벤치,1,172000,제일토목,2020-11-30,2020-12-14,14
EST_01494,가로수보호덮개,1,96000,동화시설관리,2020-11-30,2020-12-10,10
EST_01495,등받이있는벤치,3,777000,한성토목,2020-11-30,2021-01-10,41
EST_01496,그네,3,2338000,한성토목,2020-11-30,2021-04-10,131
EST_01497,보도블록,2,25000,제일토목,2020-11-30,2020-12-16,16
EST_01498,보호펜스,1,46000,우신조경,2020-11-30,2020-12-24,24
EST_01499,맨홀,1,164000,도시정비단,2020-11-30,2020-12-24,24
EST_01500,미끄럼틀,1,886000,그린플레이,2020-12-01,2021-01-21,51
EST_01501,보호시설물무단횡단방지시설,2,195000,도시정비단,2020-12-02,2021-01-16,45
EST_01502,보호시설물무단횡단방지시설,2,207000,신세계안전,2020-12-02,2021-01-09,38
EST_01503,보호시설물볼라드,3,237000,한성산업,2020-12-02,2021-02-01,61
EST_01504,보호시설물무단횡단방지시설,2,253000,우신조경,2020-12-02,2021-01-07,36
EST_01505,등받이있는벤치,2,268000,중앙안전,2020-12-02,2020-12-25,23
EST_01506,트랜치,2,92000,신세계토목,2020-12-03,2020-12-19,16
EST_01507,보차도경계석,1,37000,한성산업,2020-12-03,2020-12-17,14
EST_01508,축구골대,2,1428000,대명건설,2020-12-03,2021-02-03,62
EST_01509,등받이없는벤치,2,231000,그린플레이,2020-12-03,2021-01-02,30
EST_01510,가로수보호덮개,1,48000,신세계테크,2020-12-03,2020-12-13,10
EST_01511,가로수보호덮개,2,238000,태영테크,2020-12-04,2020-12-25,21
EST_01512,맨홀,3,1149000,태영안전,2020-12-04,2021-02-15,73
EST_01513,맨홀,3,1156000,중앙산업,2020-12-04,2021-02-21,79
EST_01514,달리기,3,2675000,한성건설,2020-12-04,2021-03-02,88
EST_01515,보호시설물볼라드,2,102000,중앙토목,2020-12-04,2021-01-02,29
EST_01516,그네,3,2183000,중앙건설,2020-12-04,2021-05-16,163
EST_01517,달리기,2,1412000,한성안전,2020-12-05,2021-01-26,52
EST_01518,보호시설물볼라드,2,123000,미래시설관리,2020-12-05,2020-12-31,26
EST_01519,트랜치,1,53000,동화토목,2020-12-05,2020-12-17,12
EST_01520,미끄럼틀,1,687000,대명안전,2020-12-05,2021-01-20,46
EST_01521,등받이없는벤치,2,195000,태영테크,2020-12-05,2021-01-01,27
EST_01522,트랜치,2,105000,에코시설,2020-12-06,2020-12-25,19
EST_01523,등받이있는벤치,2,417000,신세계토목,2020-12-06,2021-01-04,29
EST_01524,보도블록,3,56000,한성건설,2020-12-07,2021-01-04,28
EST_01525,축구골대,3,3674000,우신산업,2020-12-07,2021-03-19,102
EST_01526,점자블록,1,17000,대명테크,2020-12-07,2020-12-19,12
EST_01527,보도블록,3,54000,한성건설,2020-12-07,2021-01-20,44
EST_01528,가로수보호덮개,3,390000,현대시스템,2020-12-08,2021-01-02,25
EST_01529,맨홀,2,556000,태영건설,2020-12-08,2021-01-07,30
EST_01530,점자블록,3,70000,태영건설,2020-12-08,2021-01-07,30
EST_01531,맨홀,1,224000,신세계시스템,2020-12-09,2020-12-30,21
EST_01532,등받이있는벤치,1,110000,에코시설,2020-12-09,2020-12-25,16
EST_01533,보호시설물볼라드,2,147000,동화시스템,2020-12-10,2021-01-01,22
EST_01534,등받이있는벤치,3,810000,중앙산업,2020-12-10,2021-01-14,35
EST_01535,보도블록,3,59000,태영안전,2020-12-10,2021-01-14,35
EST_01536,축구골대,3,3827000,그린플레이,2020-12-10,2021-03-16,96
EST_01537,달리기,1,692000,동화시설관리,2020-12-10,2021-01-15,36
EST_01538,트랜치,3,245000,신세계시스템,2020-12-11,2021-01-20,40
EST_01539,보차도경계석,1,28000,미래시설관리,2020-12-11,2020-12-27,16
EST_01540,보도블록,3,52000,현대시스템,2020-12-11,2021-01-19,39
EST_01541,보차도경계석,2,56000,국토개발,2020-12-11,2021-01-01,21
EST_01542,보도블록,1,14000,대명산업,2020-12-12,2020-12-23,11
EST_01543,등받이있는벤치,2,272000,우신산업,2020-12-12,2021-01-04,23
EST_01544,등받이없는벤치,2,230000,신세계안전,2020-12-12,2021-01-10,29
EST_01545,등받이없는벤치,1,142000,제일토목,2020-12-13,2020-12-29,16
EST_01546,달리기,2,1292000,제일조경,2020-12-13,2021-02-01,50
EST_01547,맨홀,1,194000,동화테크,2020-12-13,2021-01-02,20
EST_01548,축구골대,3,2973000,신세계시스템,2020-12-13,2021-04-08,116
EST_01549,보호시설물볼라드,2,148000,동화시설관리,2020-12-13,2021-01-07,25
EST_01550,점자블록,2,46000,한성산업,2020-12-13,2021-01-01,19
EST_01551,보호펜스,1,41000,동화토목,2020-12-13,2021-01-06,24
EST_01552,가로수보호덮개,2,170000,한성안전,2020-12-15,2021-01-02,18
EST_01553,그네,3,2174000,동화조경,2020-12-15,2021-05-10,146
EST_01554,등받이없는벤치,2,252000,한성시설관리,2020-12-15,2021-01-06,22
EST_01555,그네,3,2456000,동화조경,2020-12-15,2021-06-10,177
EST_01556,가로수보호덮개,2,156000,우신조경,2020-12-15,2021-01-03,19
EST_01557,등받이없는벤치,1,127000,신세계시설관리,2020-12-16,2021-01-02,17
EST_01558,트랜치,2,131000,대명안전,2020-12-16,2021-01-01,16
EST_01559,등받이있는벤치,2,347000,현대시스템,2020-12-16,2021-01-11,26
EST_01560,그네,3,1947000,현대시스템,2020-12-17,2021-06-22,187
EST_01561,등받이없는벤치,1,124000,도시정비단,2020-12-17,2021-01-02,16
EST_01562,축구골대,3,3710000,미래토목,2020-12-17,2021-03-05,78
EST_01563,등받이있는벤치,2,414000,동화테크,2020-12-18,2021-01-16,29
EST_01564,등받이있는벤치,2,319000,한성산업,2020-12-18,2021-01-15,28
EST_01565,달리기,3,2553000,대명안전,2020-12-18,2021-03-21,93
EST_01566,등받이없는벤치,3,564000,제일시설관리,2020-12-18,2021-01-30,43
EST_01567,보호시설물볼라드,1,40000,한성시설관리,2020-12-19,2021-01-04,16
EST_01568,등받이있는벤치,1,95000,태영건설,2020-12-19,2021-01-02,14
EST_01569,농구대,3,1924000,우신시설관리,2020-12-19,2021-04-10,112
EST_01570,등받이있는벤치,1,163000,한성시설관리,2020-12-19,2021-01-02,14
EST_01571,그네,2,893000,국토개발,2020-12-20,2021-03-19,89
EST_01572,보호펜스,2,78000,대명테크,2020-12-20,2021-01-27,38
EST_01573,미끄럼틀,1,1111000,동화조경,2020-12-20,2021-02-14,56
EST_01574,농구대,2,910000,미래토목,2020-12-20,2021-02-09,51
EST_01575,축구골대,2,2035000,미래안전,2020-12-20,2021-02-21,63
EST_01576,맨홀,2,553000,제일시설관리,2020-12-20,2021-01-31,42
EST_01577,트랜치,2,115000,신세계건설,2020-12-20,2021-01-04,15
EST_01578,보차도경계석,3,151000,제일테크,2020-12-21,2021-01-31,41
EST_01579,보호펜스,3,186000,대명산업,2020-12-21,2021-02-12,53
EST_01580,보차도경계석,3,107000,제일조경,2020-12-21,2021-01-29,39
EST_01581,보호펜스,3,200000,제일테크,2020-12-21,2021-03-25,94
EST_01582,가로수보호덮개,3,461000,한성산업,2020-12-21,2021-01-26,36
EST_01583,보차도경계석,1,16000,동화테크,2020-12-21,2021-01-04,14
EST_01584,그네,1,543000,그린플레이,2020-12-22,2021-02-16,56
EST_01585,축구골대,2,1892000,국토개발,2020-12-22,2021-02-12,52
EST_01586,점자블록,2,36000,신세계토목,2020-12-22,2021-01-12,21
EST_01587,그네,1,366000,그린플레이,2020-12-23,2021-02-15,54
EST_01588,보도블록,1,14000,우신테크,2020-12-23,2021-01-03,11
EST_01589,맨홀,3,767000,제일산업,2020-12-23,2021-03-17,84
EST_01590,보호시설물무단횡단방지시설,3,429000,우신산업,2020-12-23,2021-02-24,63
EST_01591,보호시설물무단횡단방지시설,2,189000,제일산업,2020-12-23,2021-01-29,37
EST_01592,축구골대,1,646000,대명시설관리,2020-12-23,2021-01-26,34
EST_01593,트랜치,3,221000,신세계건설,2020-12-23,2021-01-18,26
EST_01594,달리기,3,2185000,동화조경,2020-12-23,2021-05-05,133
EST_01595,가로수보호덮개,2,150000,대명시설관리,2020-12-24,2021-01-13,20
EST_01596,등받이있는벤치,3,791000,현대건설,2020-12-24,2021-01-29,36
EST_01597,맨홀,2,412000,대명안전,2020-12-24,2021-01-26,33
EST_01598,등받이없는벤치,2,239000,동화시설관리,2020-12-24,2021-01-22,29
EST_01599,농구대,1,267000,동화토목,2020-12-24,2021-01-21,28
EST_01600,트랜치,2,109000,미래토목,2020-12-25,2021-01-15,21
EST_01601,트랜치,3,174000,대명건설,2020-12-25,2021-02-03,40
EST_01602,등받이있는벤치,1,193000,제일산업,2020-12-25,2021-01-08,14
EST_01603,농구대,3,2163000,신세계시설관리,2020-12-26,2021-03-05,69
EST_01604,보도블록,1,14000,현대건설,2020-12-26,2021-01-06,11
EST_01605,축구골대,1,714000,신세계시설관리,2020-12-26,2021-02-01,37
EST_01606,농구대,2,1016000,제일산업,2020-12-26,2021-02-03,39
EST_01607,축구골대,2,2012000,제일테크,2020-12-26,2021-02-10,46
EST_01608,보도블록,2,29000,신세계건설,2020-12-27,2021-01-11,15
EST_01609,등받이없는벤치,2,241000,한성건설,2020-12-27,2021-01-18,22
EST_01610,그네,3,1916000,신세계건설,2020-12-27,2021-06-05,160
EST_01611,보차도경계석,2,73000,제일시설관리,2020-12-28,2021-01-26,29
EST_01612,보호시설물볼라드,2,152000,태영건설,2020-12-28,2021-01-22,25
EST_01613,등받이있는벤치,1,144000,동화시설관리,2020-12-28,2021-01-14,17
EST_01614,달리기,2,1355000,우신테크,2020-12-28,2021-02-15,49
EST_01615,등받이없는벤치,1,72000,우신테크,2020-12-28,2021-01-14,17
EST_01616,보호펜스,2,92000,우신조경,2020-12-28,2021-02-06,40
EST_01617,달리기,3,1996000,중앙토목,2020-12-28,2021-04-20,113
EST_01618,맨홀,3,815000,현대건설,2020-12-28,2021-03-09,71
EST_01619,그네,1,433000,대명산업,2020-12-29,2021-02-13,46
EST_01620,그네,3,1699000,우신테크,2020-12-29,2021-07-13,196
EST_01621,트랜치,3,222000,중앙건설,2020-12-29,2021-02-10,43
EST_01622,농구대,3,1407000,미래시스템,2020-12-30,2021-03-14,74
EST_01623,보차도경계석,3,108000,대명산업,2020-12-30,2021-02-08,40
EST_01624,농구대,1,444000,신세계시스템,2020-12-31,2021-01-25,25
EST_01625,등받이있는벤치,2,314000,신세계시스템,2020-12-31,2021-01-30,30
EST_01626,축구골대,1,676000,미래시설관리,2021-01-01,2021-02-05,35
EST_01627,점자블록,3,85000,한성산업,2021-01-01,2021-02-02,32
EST_01628,등받이없는벤치,1,112000,국토개발,2021-01-01,2021-01-16,15
EST_01629,가로수보호덮개,2,172000,제일테크,2021-01-02,2021-01-17,15
EST_01630,농구대,1,325000,도시정비단,2021-01-03,2021-02-03,31
EST_01631,등받이있는벤치,1,188000,동화시설관리,2021-01-03,2021-01-19,16
EST_01632,그네,1,307000,신세계시설관리,2021-01-03,2021-02-25,53
EST_01633,보호시설물볼라드,3,260000,대명테크,2021-01-03,2021-02-28,56
EST_01634,등받이없는벤치,3,598000,태영건설,2021-01-04,2021-03-06,61
EST_01635,가로수보호덮개,3,374000,태영건설,2021-01-04,2021-02-05,32
EST_01636,미끄럼틀,1,739000,미래안전,2021-01-04,2021-02-25,52
EST_01637,보차도경계석,2,84000,제일테크,2021-01-04,2021-01-29,25
EST_01638,등받이없는벤치,1,68000,신세계시스템,2021-01-04,2021-01-20,16
EST_01639,맨홀,3,1112000,제일시설관리,2021-01-04,2021-03-10,65
EST_01640,가로수보호덮개,3,444000,신세계시설관리,2021-01-04,2021-02-13,40
EST_01641,트랜치,3,249000,한성건설,2021-01-04,2021-02-06,33
EST_01642,달리기,3,3242000,미래안전,2021-01-05,2021-05-09,124
EST_01643,보도블록,1,10000,우신산업,2021-01-05,2021-01-17,12
EST_01644,가로수보호덮개,3,365000,한성건설,2021-01-05,2021-02-07,33
EST_01645,보호펜스,3,187000,신세계안전,2021-01-05,2021-04-03,88
EST_01646,트랜치,1,57000,신세계테크,2021-01-05,2021-01-17,12
EST_01647,달리기,2,1451000,태영건설,2021-01-06,2021-02-21,46
EST_01648,보호펜스,2,87000,대명안전,2021-01-06,2021-02-16,41
EST_01649,미끄럼틀,3,3970000,미래시설관리,2021-01-06,2021-06-02,147
EST_01650,보도블록,3,45000,국토개발,2021-01-06,2021-02-11,36
EST_01651,보호시설물무단횡단방지시설,1,79000,도시정비단,2021-01-06,2021-01-27,21
EST_01652,보호시설물무단횡단방지시설,3,375000,제일테크,2021-01-07,2021-03-04,56
EST_01653,농구대,2,750000,동화시스템,2021-01-07,2021-02-24,48
EST_01654,등받이없는벤치,1,80000,중앙토목,2021-01-07,2021-01-24,17
EST_01655,미끄럼틀,2,2400000,제일토목,2021-01-09,2021-03-30,80
EST_01656,등받이없는벤치,1,135000,신세계시스템,2021-01-09,2021-01-24,15
EST_01657,보호펜스,2,119000,태영테크,2021-01-09,2021-02-16,38
EST_01658,맨홀,1,141000,대명건설,2021-01-10,2021-02-03,24
EST_01659,보도블록,1,10000,한성산업,2021-01-10,2021-01-21,11
EST_01660,보호시설물볼라드,1,53000,제일조경,2021-01-11,2021-01-28,17
EST_01661,보차도경계석,3,104000,한성토목,2021-01-11,2021-03-05,53
EST_01662,미끄럼틀,2,2323000,그린플레이,2021-01-11,2021-03-26,74
EST_01663,가로수보호덮개,2,226000,제일토목,2021-01-11,2021-01-31,20
EST_01664,점자블록,1,13000,태영테크,2021-01-11,2021-01-22,11
EST_01665,가로수보호덮개,2,231000,대명안전,2021-01-11,2021-02-01,21
EST_01666,트랜치,3,251000,신세계시스템,2021-01-12,2021-02-16,35
EST_01667,가로수보호덮개,1,61000,그린플레이,2021-01-12,2021-01-24,12
EST_01668,등받이없는벤치,1,114000,대명테크,2021-01-12,2021-01-28,16
EST_01669,보호시설물무단횡단방지시설,1,84000,미래토목,2021-01-12,2021-02-06,25
EST_01670,트랜치,3,217000,제일토목,2021-01-13,2021-02-20,38
EST_01671,보호시설물무단횡단방지시설,3,412000,태영테크,2021-01-13,2021-03-15,61
EST_01672,축구골대,3,3877000,태영건설,2021-01-13,2021-05-26,133
EST_01673,보도블록,2,32000,신세계조경,2021-01-13,2021-01-29,16
EST_01674,점자블록,1,14000,중앙테크,2021-01-14,2021-01-24,10
EST_01675,점자블록,2,38000,동화시스템,2021-01-14,2021-01-29,15
EST_01676,트랜치,2,133000,그린플레이,2021-01-14,2021-02-01,18
EST_01677,달리기,1,562000,제일안전,2021-01-14,2021-02-13,30
EST_01678,트랜치,2,104000,국토개발,2021-01-14,2021-01-31,17
EST_01679,점자블록,2,34000,제일조경,2021-01-15,2021-02-02,18
EST_01680,보호시설물무단횡단방지시설,3,500000,에코시설,2021-01-15,2021-03-12,56
EST_01681,미끄럼틀,3,4844000,제일시설관리,2021-01-15,2021-07-31,197
EST_01682,맨홀,2,630000,동화토목,2021-01-15,2021-02-16,32
EST_01683,보호펜스,1,35000,중앙토목,2021-01-15,2021-02-10,26
EST_01684,보호시설물볼라드,1,71000,신세계건설,2021-01-15,2021-01-29,14
EST_01685,달리기,1,353000,그린플레이,2021-01-15,2021-02-18,34
EST_01686,등받이없는벤치,1,123000,태영건설,2021-01-15,2021-01-30,15
EST_01687,점자블록,2,31000,중앙안전,2021-01-15,2021-02-03,19
EST_01688,보차도경계석,1,33000,제일산업,2021-01-16,2021-01-30,14
EST_01689,달리기,3,2680000,신세계테크,2021-01-16,2021-05-27,131
EST_01690,가로수보호덮개,1,79000,에코시설,2021-01-16,2021-01-26,10
EST_01691,맨홀,3,870000,대명산업,2021-01-16,2021-04-14,88
EST_01692,달리기,2,1416000,중앙안전,2021-01-16,2021-03-02,45
EST_01693,보호시설물무단횡단방지시설,2,236000,현대시스템,2021-01-17,2021-02-21,35
EST_01694,농구대,2,1076000,신세계시설관리,2021-01-17,2021-02-25,39
EST_01695,달리기,2,1295000,대명테크,2021-01-18,2021-03-22,63
EST_01696,맨홀,2,497000,신세계조경,2021-01-18,2021-02-20,33
EST_01697,보도블록,3,60000,그린플레이,2021-01-19,2021-02-14,26
EST_01698,보호펜스,2,110000,한성토목,2021-01-19,2021-02-23,35
EST_01699,미끄럼틀,1,662000,도시정비단,2021-01-19,2021-03-06,46
EST_01700,가로수보호덮개,2,199000,국토개발,2021-01-20,2021-02-10,21
EST_01701,보도블록,1,8000,신세계테크,2021-01-20,2021-02-01,12
EST_01702,맨홀,1,139000,중앙산업,2021-01-20,2021-02-12,23
EST_01703,달리기,1,654000,동화시설관리,2021-01-20,2021-02-27,38
EST_01704,등받이없는벤치,1,130000,제일테크,2021-01-20,2021-02-05,16
EST_01705,농구대,2,1118000,국토개발,2021-01-21,2021-03-16,54
EST_01706,보호시설물무단횡단방지시설,2,179000,대명산업,2021-01-21,2021-03-02,40
EST_01707,미끄럼틀,1,1241000,신세계시스템,2021-01-21,2021-03-14,52
EST_01708,보호시설물무단횡단방지시설,3,535000,신세계토목,2021-01-22,2021-04-05,73
EST_01709,등받이없는벤치,3,599000,미래시설관리,2021-01-22,2021-03-03,40
EST_01710,가로수보호덮개,2,163000,신세계테크,2021-01-22,2021-02-11,20
EST_01711,점자블록,1,16000,중앙안전,2021-01-22,2021-02-03,12
EST_01712,점자블록,2,37000,미래시스템,2021-01-23,2021-02-09,17
EST_01713,축구골대,1,883000,우신테크,2021-01-23,2021-02-23,31
EST_01714,보호시설물볼라드,3,303000,태영건설,2021-01-23,2021-03-01,37
EST_01715,보호시설물볼라드,3,256000,동화시스템,2021-01-25,2021-03-22,56
EST_01716,보도블록,2,27000,대명시설관리,2021-01-26,2021-02-12,17
EST_01717,농구대,3,1978000,미래토목,2021-01-27,2021-04-16,79
EST_01718,보도블록,3,53000,중앙토목,2021-01-27,2021-03-01,33
EST_01719,축구골대,1,793000,제일테크,2021-01-27,2021-02-28,32
EST_01720,점자블록,3,64000,신세계시설관리,2021-01-28,2021-03-06,37
EST_01721,보도블록,2,27000,미래시스템,2021-01-29,2021-02-13,15
EST_01722,점자블록,1,20000,에코시설,2021-01-29,2021-02-10,12
EST_01723,보차도경계석,3,115000,한성시설관리,2021-01-29,2021-03-13,43
EST_01724,그네,1,413000,대명안전,2021-01-29,2021-03-16,46
EST_01725,미끄럼틀,2,2186000,태영안전,2021-01-30,2021-05-06,96
EST_01726,보도블록,3,65000,에코시설,2021-01-30,2021-02-28,29
EST_01727,그네,2,1143000,동화시설관리,2021-01-30,2021-04-14,74
EST_01728,그네,1,492000,현대건설,2021-01-30,2021-03-20,49
EST_01729,미끄럼틀,1,927000,중앙토목,2021-01-30,2021-03-27,56
EST_01730,보차도경계석,2,68000,중앙산업,2021-01-31,2021-02-23,23
EST_01731,점자블록,1,10000,중앙건설,2021-01-31,2021-02-12,12
EST_01732,보호펜스,2,97000,우신시설관리,2021-01-31,2021-03-07,35
EST_01733,맨홀,1,192000,대명안전,2021-02-01,2021-02-21,20
EST_01734,보도블록,3,51000,태영테크,2021-02-01,2021-02-26,25
EST_01735,보차도경계석,3,129000,에코시설,2021-02-01,2021-03-30,57
EST_01736,보도블록,1,8000,미래시스템,2021-02-01,2021-02-13,12
EST_01737,보호시설물볼라드,1,45000,대명시설관리,2021-02-01,2021-02-18,17
EST_01738,농구대,2,917000,동화테크,2021-02-01,2021-03-20,47
EST_01739,그네,3,2609000,신세계조경,2021-02-01,2021-07-18,167
EST_01740,맨홀,1,277000,한성산업,2021-02-03,2021-02-26,23
EST_01741,달리기,2,1045000,중앙건설,2021-02-03,2021-03-31,56
EST_01742,보호시설물볼라드,3,253000,현대건설,2021-02-04,2021-03-24,48
EST_01743,축구골대,1,745000,미래안전,2021-02-04,2021-03-14,38
EST_01744,가로수보호덮개,1,96000,동화조경,2021-02-04,2021-02-15,11
EST_01745,보호시설물볼라드,2,132000,제일조경,2021-02-04,2021-02-25,21
EST_01746,농구대,1,263000,신세계조경,2021-02-05,2021-03-03,26
EST_01747,등받이없는벤치,1,127000,대명건설,2021-02-05,2021-02-19,14
EST_01748,점자블록,2,48000,제일조경,2021-02-06,2021-02-24,18
EST_01749,등받이없는벤치,1,145000,우신시설관리,2021-02-06,2021-02-21,15
EST_01750,맨홀,3,994000,미래시스템,2021-02-06,2021-04-09,62
EST_01751,농구대,3,1835000,우신테크,2021-02-06,2021-04-21,74
EST_01752,맨홀,2,559000,국토개발,2021-02-07,2021-03-19,40
EST_01753,축구골대,1,756000,우신테크,2021-02-07,2021-03-11,32
EST_01754,보차도경계석,1,20000,대명안전,2021-02-07,2021-02-23,16
EST_01755,등받이없는벤치,2,260000,신세계테크,2021-02-08,2021-03-04,24
EST_01756,축구골대,3,4179000,중앙토목,2021-02-08,2021-06-14,126
EST_01757,가로수보호덮개,1,110000,미래시설관리,2021-02-08,2021-02-19,11
EST_01758,그네,3,2019000,한성산업,2021-02-08,2021-08-01,174
EST_01759,점자블록,3,74000,한성건설,2021-02-08,2021-03-10,30
EST_01760,등받이있는벤치,3,574000,동화시설관리,2021-02-09,2021-04-03,53
EST_01761,그네,3,2334000,미래토목,2021-02-09,2021-07-04,145
EST_01762,달리기,1,462000,제일토목,2021-02-09,2021-03-12,31
EST_01763,보호펜스,3,189000,태영테크,2021-02-09,2021-04-29,79
EST_01764,맨홀,1,269000,국토개발,2021-02-10,2021-03-07,25
EST_01765,맨홀,2,537000,동화조경,2021-02-10,2021-03-25,43
EST_01766,등받이있는벤치,1,143000,우신시설관리,2021-02-10,2021-02-27,17
EST_01767,보호펜스,3,216000,도시정비단,2021-02-10,2021-04-13,62
EST_01768,트랜치,1,45000,동화시스템,2021-02-10,2021-02-20,10
EST_01769,달리기,1,413000,대명건설,2021-02-11,2021-03-20,37
EST_01770,미끄럼틀,2,2106000,한성건설,2021-02-11,2021-05-08,86
EST_01771,점자블록,1,23000,태영테크,2021-02-11,2021-02-21,10
EST_01772,미끄럼틀,2,1788000,한성산업,2021-02-12,2021-05-16,93
EST_01773,보도블록,3,53000,신세계테크,2021-02-12,2021-03-12,28
EST_01774,보호시설물무단횡단방지시설,2,206000,우신조경,2021-02-12,2021-03-26,42
EST_01775,보호시설물볼라드,3,280000,제일시설관리,2021-02-12,2021-04-03,50
EST_01776,달리기,2,1488000,태영건설,2021-02-12,2021-04-18,65
EST_01777,보호펜스,3,207000,중앙토목,2021-02-13,2021-04-16,62
EST_01778,축구골대,2,1465000,미래시설관리,2021-02-14,2021-04-08,53
EST_01779,점자블록,2,31000,그린플레이,2021-02-14,2021-03-05,19
EST_01780,가로수보호덮개,3,314000,한성안전,2021-02-15,2021-03-13,26
EST_01781,축구골대,2,2162000,신세계조경,2021-02-15,2021-04-06,50
EST_01782,맨홀,3,874000,동화시스템,2021-02-15,2021-04-10,54
EST_01783,점자블록,2,47000,도시정비단,2021-02-15,2021-03-02,15
EST_01784,보호시설물무단횡단방지시설,1,80000,동화조경,2021-02-15,2021-03-11,24
EST_01785,그네,3,2546000,대명시설관리,2021-02-15,2021-07-19,154
EST_01786,미끄럼틀,2,2454000,미래시설관리,2021-02-16,2021-05-09,82
EST_01787,보호펜스,1,55000,중앙안전,2021-02-16,2021-03-10,22
EST_01788,농구대,2,1151000,미래토목,2021-02-16,2021-04-04,47
EST_01789,트랜치,3,230000,중앙토목,2021-02-16,2021-03-26,38
EST_01790,보호시설물무단횡단방지시설,1,111000,중앙테크,2021-02-16,2021-03-13,25
EST_01791,가로수보호덮개,3,312000,동화테크,2021-02-17,2021-03-14,25
EST_01792,가로수보호덮개,2,170000,신세계시설관리,2021-02-17,2021-03-07,18
EST_01793,농구대,3,2089000,우신시설관리,2021-02-17,2021-04-28,70
EST_01794,축구골대,3,3428000,신세계안전,2021-02-17,2021-05-31,103
EST_01795,등받이있는벤치,2,278000,신세계시설관리,2021-02-18,2021-03-17,27
EST_01796,보차도경계석,3,145000,한성안전,2021-02-18,2021-04-17,58
EST_01797,그네,1,434000,중앙테크,2021-02-18,2021-04-11,52
EST_01798,보호시설물볼라드,1,67000,중앙산업,2021-02-18,2021-03-05,15
EST_01799,농구대,2,799000,중앙건설,2021-02-19,2021-04-04,44
EST_01800,그네,3,1689000,신세계시설관리,2021-02-19,2021-07-10,141
EST_01801,미끄럼틀,3,4796000,신세계시스템,2021-02-19,2021-06-20,121
EST_01802,축구골대,3,3479000,한성안전,2021-02-19,2021-06-30,131
EST_01803,보도블록,1,10000,대명건설,2021-02-19,2021-03-02,11
EST_01804,보호펜스,2,76000,동화시설관리,2021-02-19,2021-03-27,36
EST_01805,보호시설물무단횡단방지시설,2,205000,우신테크,2021-02-19,2021-04-03,43
EST_01806,맨홀,3,880000,한성산업,2021-02-20,2021-05-01,70
EST_01807,등받이있는벤치,3,841000,제일테크,2021-02-20,2021-04-13,52
EST_01808,점자블록,2,42000,국토개발,2021-02-20,2021-03-10,18
EST_01809,등받이있는벤치,1,92000,현대건설,2021-02-20,2021-03-08,16
EST_01810,트랜치,2,121000,신세계시설관리,2021-02-20,2021-03-08,16
EST_01811,보호펜스,3,178000,신세계시스템,2021-02-20,2021-05-18,87
EST_01812,가로수보호덮개,2,237000,제일안전,2021-02-20,2021-03-11,19
EST_01813,보호시설물볼라드,2,139000,중앙테크,2021-02-21,2021-03-17,24
EST_01814,그네,3,2405000,에코시설,2021-02-21,2021-06-26,125
EST_01815,보호시설물볼라드,3,202000,태영안전,2021-02-21,2021-04-04,42
EST_01816,농구대,3,1440000,국토개발,2021-02-22,2021-06-01,99
EST_01817,축구골대,1,694000,우신테크,2021-02-22,2021-03-31,37
EST_01818,트랜치,3,170000,대명건설,2021-02-22,2021-03-26,32
EST_01819,보도블록,3,64000,우신시설관리,2021-02-23,2021-03-23,28
EST_01820,농구대,3,1889000,에코시설,2021-02-23,2021-05-22,88
EST_01821,보호시설물무단횡단방지시설,3,380000,도시정비단,2021-02-23,2021-05-18,84
EST_01822,보차도경계석,2,78000,우신조경,2021-02-23,2021-03-21,26
EST_01823,농구대,1,456000,대명시설관리,2021-02-24,2021-03-21,25
EST_01824,가로수보호덮개,1,101000,중앙건설,2021-02-24,2021-03-07,11
EST_01825,등받이없는벤치,1,95000,신세계테크,2021-02-24,2021-03-10,14
EST_01826,트랜치,1,34000,한성안전,2021-02-25,2021-03-07,10
EST_01827,등받이있는벤치,3,859000,에코시설,2021-02-25,2021-04-26,60
EST_01828,달리기,2,1295000,제일조경,2021-02-25,2021-04-28,62
EST_01829,축구골대,3,3657000,제일산업,2021-02-25,2021-07-03,128
EST_01830,그네,1,364000,신세계시설관리,2021-02-25,2021-04-13,47
EST_01831,보도블록,2,34000,현대건설,2021-02-26,2021-03-18,20
EST_01832,농구대,1,519000,중앙테크,2021-02-26,2021-03-24,26
EST_01833,점자블록,3,96000,국토개발,2021-02-26,2021-04-05,38
EST_01834,등받이있는벤치,2,422000,신세계테크,2021-02-26,2021-03-24,26
EST_01835,보도블록,3,61000,대명건설,2021-02-26,2021-03-24,26
EST_01836,트랜치,3,222000,신세계시스템,2021-02-26,2021-03-23,25
EST_01837,축구골대,2,1952000,신세계건설,2021-02-27,2021-04-22,54
EST_01838,미끄럼틀,1,924000,제일시설관리,2021-02-27,2021-04-24,56
EST_01839,미끄럼틀,2,2530000,동화시스템,2021-02-27,2021-05-11,73
EST_01840,등받이있는벤치,2,360000,대명건설,2021-02-27,2021-03-24,25
EST_01841,보호시설물무단횡단방지시설,2,205000,태영안전,2021-02-27,2021-04-02,34
EST_01842,그네,2,982000,한성안전,2021-02-27,2021-06-03,96
EST_01843,등받이있는벤치,3,652000,제일테크,2021-02-27,2021-04-03,35
EST_01844,달리기,2,1473000,태영안전,2021-02-27,2021-05-01,63
EST_01845,보차도경계석,2,79000,우신테크,2021-02-28,2021-03-22,22
EST_01846,보호시설물볼라드,3,205000,미래안전,2021-02-28,2021-04-30,61
EST_01847,그네,1,584000,신세계안전,2021-02-28,2021-04-15,46
EST_01848,등받이없는벤치,1,76000,도시정비단,2021-03-01,2021-03-17,16
EST_01849,보차도경계석,3,131000,미래토목,2021-03-01,2021-04-07,37
EST_01850,점자블록,3,77000,동화조경,2021-03-01,2021-04-02,32
EST_01851,보호펜스,2,112000,현대시스템,2021-03-01,2021-04-11,41
EST_01852,맨홀,2,486000,미래토목,2021-03-01,2021-04-02,32
EST_01853,미끄럼틀,2,2088000,태영테크,2021-03-01,2021-06-01,92
EST_01854,트랜치,3,222000,현대시스템,2021-03-02,2021-04-15,44
EST_01855,트랜치,1,63000,한성안전,2021-03-02,2021-03-13,11
EST_01856,농구대,1,243000,대명산업,2021-03-02,2021-03-27,25
EST_01857,농구대,1,483000,한성건설,2021-03-02,2021-04-02,31
EST_01858,보차도경계석,1,32000,우신산업,2021-03-03,2021-03-21,18
EST_01859,가로수보호덮개,2,242000,제일안전,2021-03-03,2021-03-24,21
EST_01860,등받이있는벤치,2,402000,대명건설,2021-03-03,2021-03-31,28
EST_01861,맨홀,3,1183000,동화시스템,2021-03-03,2021-05-17,75
EST_01862,보차도경계석,3,131000,중앙토목,2021-03-04,2021-04-22,49
EST_01863,등받이있는벤치,2,317000,제일조경,2021-03-04,2021-03-27,23
EST_01864,보도블록,2,24000,중앙토목,2021-03-04,2021-03-23,19
EST_01865,보호시설물무단횡단방지시설,3,519000,신세계테크,2021-03-04,2021-05-08,65
EST_01866,트랜치,2,128000,한성산업,2021-03-05,2021-03-26,21
EST_01867,보도블록,3,61000,태영건설,2021-03-05,2021-04-16,42
EST_01868,점자블록,1,22000,제일안전,2021-03-05,2021-03-17,12
EST_01869,점자블록,3,66000,현대건설,2021-03-06,2021-04-17,42
EST_01870,달리기,2,1645000,현대건설,2021-03-06,2021-05-07,62
EST_01871,트랜치,3,203000,중앙토목,2021-03-06,2021-04-17,42
EST_01872,보도블록,2,25000,중앙토목,2021-03-06,2021-03-23,17
EST_01873,등받이없는벤치,2,247000,동화테크,2021-03-06,2021-04-01,26
EST_01874,등받이없는벤치,3,446000,대명건설,2021-03-06,2021-04-10,35
EST_01875,등받이있는벤치,3,600000,제일안전,2021-03-07,2021-05-01,55
EST_01876,트랜치,3,198000,동화조경,2021-03-07,2021-04-10,34
EST_01877,보호펜스,1,46000,제일산업,2021-03-07,2021-03-28,21
EST_01878,그네,3,1738000,제일안전,2021-03-07,2021-09-16,193
EST_01879,미끄럼틀,2,2065000,중앙안전,2021-03-08,2021-05-19,72
EST_01880,보도블록,3,56000,중앙토목,2021-03-09,2021-04-04,26
EST_01881,미끄럼틀,1,702000,현대시스템,2021-03-09,2021-04-26,48
EST_01882,보도블록,3,54000,신세계안전,2021-03-09,2021-04-13,35
EST_01883,맨홀,1,177000,동화시스템,2021-03-09,2021-04-01,23
EST_01884,농구대,3,1608000,신세계안전,2021-03-10,2021-05-28,79
EST_01885,보호펜스,1,34000,현대시스템,2021-03-10,2021-04-05,26
EST_01886,보차도경계석,2,72000,신세계조경,2021-03-10,2021-04-06,27
EST_01887,보도블록,2,27000,우신시설관리,2021-03-10,2021-03-25,15
EST_01888,등받이없는벤치,3,620000,현대시스템,2021-03-10,2021-05-04,55
EST_01889,그네,1,513000,미래안전,2021-03-10,2021-04-29,50
EST_01890,보호시설물볼라드,3,197000,제일산업,2021-03-11,2021-05-11,61
EST_01891,점자블록,3,90000,신세계시스템,2021-03-11,2021-04-15,35
EST_01892,맨홀,2,432000,중앙토목,2021-03-11,2021-04-11,31
EST_01893,등받이있는벤치,2,356000,태영테크,2021-03-12,2021-04-04,23
EST_01894,농구대,2,727000,신세계안전,2021-03-12,2021-05-04,53
EST_01895,그네,2,1167000,도시정비단,2021-03-12,2021-06-03,83
EST_01896,미끄럼틀,1,829000,신세계시스템,2021-03-12,2021-05-03,52
EST_01897,달리기,2,1370000,제일토목,2021-03-13,2021-05-14,62
EST_01898,트랜치,2,89000,신세계토목,2021-03-13,2021-03-30,17
EST_01899,등받이없는벤치,2,263000,미래시스템,2021-03-14,2021-04-12,29
EST_01900,보도블록,2,29000,중앙토목,2021-03-15,2021-04-01,17
EST_01901,보차도경계석,3,115000,대명테크,2021-03-15,2021-05-10,56
EST_01902,보호펜스,3,229000,동화토목,2021-03-15,2021-05-31,77
EST_01903,등받이있는벤치,2,427000,그린플레이,2021-03-15,2021-04-13,29
EST_01904,보차도경계석,2,67000,미래시스템,2021-03-15,2021-04-14,30
EST_01905,미끄럼틀,3,4550000,우신시설관리,2021-03-15,2021-09-20,189
EST_01906,트랜치,1,51000,신세계시설관리,2021-03-16,2021-03-27,11
EST_01907,등받이있는벤치,2,329000,동화조경,2021-03-16,2021-04-11,26
EST_01908,점자블록,1,15000,에코시설,2021-03-16,2021-03-28,12
EST_01909,그네,3,1763000,제일시설관리,2021-03-16,2021-07-29,135
EST_01910,등받이없는벤치,3,624000,우신조경,2021-03-16,2021-04-29,44
EST_01911,보도블록,2,33000,그린플레이,2021-03-17,2021-04-01,15
EST_01912,트랜치,2,119000,중앙테크,2021-03-17,2021-04-06,20
EST_01913,보호시설물볼라드,1,61000,미래토목,2021-03-17,2021-03-31,14
EST_01914,보차도경계석,2,80000,우신테크,2021-03-17,2021-04-09,23
EST_01915,농구대,2,838000,제일테크,2021-03-17,2021-05-10,54
EST_01916,그네,3,2227000,미래시설관리,2021-03-18,2021-07-12,116
EST_01917,등받이없는벤치,1,92000,동화테크,2021-03-18,2021-04-03,16
EST_01918,농구대,1,347000,신세계시스템,2021-03-18,2021-04-12,25
EST_01919,보차도경계석,2,60000,미래안전,2021-03-18,2021-04-08,21
EST_01920,보도블록,2,32000,중앙산업,2021-03-19,2021-04-05,17
EST_01921,가로수보호덮개,1,99000,신세계안전,2021-03-19,2021-03-29,10
EST_01922,그네,1,345000,대명건설,2021-03-19,2021-05-06,48
EST_01923,등받이없는벤치,1,122000,중앙산업,2021-03-19,2021-04-02,14
EST_01924,보도블록,2,32000,대명산업,2021-03-19,2021-04-03,15
EST_01925,보호시설물볼라드,1,42000,대명건설,2021-03-19,2021-04-02,14
EST_01926,등받이없는벤치,2,282000,신세계조경,2021-03-20,2021-04-11,22
EST_01927,농구대,1,404000,동화시스템,2021-03-20,2021-04-20,31
EST_01928,보호시설물볼라드,2,119000,우신테크,2021-03-20,2021-04-17,28
EST_01929,맨홀,3,995000,현대건설,2021-03-20,2021-05-24,65
EST_01930,트랜치,3,198000,한성시설관리,2021-03-20,2021-04-15,26
EST_01931,점자블록,3,73000,미래토목,2021-03-20,2021-04-23,34
EST_01932,등받이없는벤치,1,89000,신세계건설,2021-03-20,2021-04-05,16
EST_01933,등받이없는벤치,1,144000,신세계안전,2021-03-21,2021-04-05,15
EST_01934,보호펜스,2,114000,한성시설관리,2021-03-21,2021-04-30,40
EST_01935,그네,3,1840000,중앙토목,2021-03-22,2021-09-28,190
EST_01936,점자블록,3,86000,에코시설,2021-03-23,2021-05-03,41
EST_01937,등받이없는벤치,1,97000,동화시스템,2021-03-23,2021-04-08,16
EST_01938,트랜치,1,51000,에코시설,2021-03-23,2021-04-04,12
EST_01939,미끄럼틀,3,5219000,한성건설,2021-03-23,2021-07-25,124
EST_01940,그네,1,635000,중앙토목,2021-03-23,2021-05-09,47
EST_01941,트랜치,1,53000,제일조경,2021-03-23,2021-04-02,10
EST_01942,트랜치,3,247000,신세계테크,2021-03-24,2021-04-30,37
EST_01943,농구대,2,774000,제일산업,2021-03-24,2021-05-03,40
EST_01944,맨홀,2,621000,미래안전,2021-03-24,2021-05-01,38
EST_01945,그네,3,2118000,동화테크,2021-03-25,2021-09-02,161
EST_01946,축구골대,1,473000,현대시스템,2021-03-25,2021-04-27,33
EST_01947,맨홀,3,903000,우신산업,2021-03-25,2021-06-11,78
EST_01948,농구대,3,2108000,한성시설관리,2021-03-25,2021-06-03,70
EST_01949,가로수보호덮개,3,467000,대명테크,2021-03-25,2021-05-03,39
EST_01950,등받이없는벤치,2,320000,제일토목,2021-03-26,2021-04-21,26
EST_01951,보차도경계석,2,57000,미래토목,2021-03-26,2021-04-21,26
EST_01952,보도블록,1,16000,태영테크,2021-03-26,2021-04-06,11
EST_01953,가로수보호덮개,2,210000,미래토목,2021-03-26,2021-04-12,17
EST_01954,보차도경계석,2,82000,태영테크,2021-03-26,2021-04-16,21
EST_01955,그네,3,2041000,한성건설,2021-03-27,2021-09-07,164
EST_01956,맨홀,1,282000,현대건설,2021-03-27,2021-04-20,24
EST_01957,등받이없는벤치,1,81000,제일시설관리,2021-03-27,2021-04-10,14
EST_01958,달리기,2,1063000,신세계테크,2021-03-28,2021-05-22,55
EST_01959,축구골대,2,1513000,중앙토목,2021-03-28,2021-05-27,60
EST_01960,축구골대,1,576000,미래토목,2021-03-28,2021-05-02,35
EST_01961,맨홀,1,136000,대명건설,2021-03-29,2021-04-23,25
EST_01962,트랜치,2,88000,태영테크,2021-03-29,2021-04-14,16
EST_01963,맨홀,3,827000,동화시설관리,2021-03-29,2021-05-18,50
EST_01964,맨홀,3,1136000,중앙테크,2021-03-29,2021-05-27,59
EST_01965,등받이있는벤치,1,206000,미래시스템,2021-03-29,2021-04-14,16
EST_01966,점자블록,2,39000,동화토목,2021-03-30,2021-04-16,17
EST_01967,보차도경계석,1,32000,태영테크,2021-03-30,2021-04-15,16
EST_01968,축구골대,3,2877000,현대건설,2021-03-30,2021-06-20,82
EST_01969,등받이있는벤치,2,426000,중앙테크,2021-03-30,2021-04-24,25
EST_01970,트랜치,2,97000,현대건설,2021-03-30,2021-04-18,19
EST_01971,보호시설물무단횡단방지시설,1,116000,동화시설관리,2021-03-30,2021-04-25,26
EST_01972,보호시설물볼라드,1,63000,국토개발,2021-03-30,2021-04-14,15
EST_01973,축구골대,3,3361000,한성시설관리,2021-03-31,2021-07-19,110
EST_01974,트랜치,2,97000,현대시스템,2021-03-31,2021-04-20,20
EST_01975,등받이없는벤치,3,540000,그린플레이,2021-03-31,2021-05-07,37
EST_01976,축구골대,1,930000,도시정비단,2021-03-31,2021-05-01,31
EST_01977,트랜치,3,211000,중앙건설,2021-03-31,2021-05-01,31
EST_01978,등받이없는벤치,1,100000,대명건설,2021-03-31,2021-04-16,16
EST_01979,보호시설물볼라드,2,116000,제일토목,2021-04-01,2021-04-23,22
EST_01980,그네,2,1172000,한성건설,2021-04-01,2021-06-18,78
EST_01981,맨홀,2,587000,미래토목,2021-04-01,2021-05-08,37
EST_01982,트랜치,1,31000,태영테크,2021-04-01,2021-04-13,12
EST_01983,등받이있는벤치,3,563000,중앙산업,2021-04-02,2021-05-23,51
EST_01984,그네,1,516000,신세계안전,2021-04-02,2021-05-23,51
EST_01985,보차도경계석,2,63000,중앙건설,2021-04-02,2021-04-23,21
EST_01986,트랜치,1,50000,한성건설,2021-04-02,2021-04-12,10
EST_01987,축구골대,2,2117000,신세계조경,2021-04-02,2021-06-04,63
EST_01988,농구대,1,259000,제일테크,2021-04-02,2021-05-02,30
EST_01989,보차도경계석,3,116000,중앙테크,2021-04-02,2021-06-03,62
EST_01990,가로수보호덮개,2,156000,태영안전,2021-04-03,2021-04-21,18
EST_01991,축구골대,2,1746000,동화조경,2021-04-03,2021-05-26,53
EST_01992,트랜치,2,135000,동화테크,2021-04-03,2021-04-22,19
EST_01993,보도블록,3,58000,미래시스템,2021-04-04,2021-05-01,27
EST_01994,보호시설물볼라드,3,238000,국토개발,2021-04-04,2021-05-09,35
EST_01995,등받이있는벤치,3,634000,대명안전,2021-04-04,2021-05-23,49
EST_01996,트랜치,1,58000,태영테크,2021-04-05,2021-04-17,12
EST_01997,보도블록,2,26000,신세계시설관리,2021-04-06,2021-04-26,20
EST_01998,보차도경계석,1,34000,신세계조경,2021-04-06,2021-04-23,17
EST_01999,보호시설물볼라드,2,101000,현대건설,2021-04-07,2021-04-29,22
EST_02000,보차도경계석,3,133000,제일산업,2021-04-07,2021-05-15,38
EST_02001,트랜치,2,118000,미래시스템,2021-04-07,2021-04-23,16
EST_02002,트랜치,3,180000,대명산업,2021-04-07,2021-05-10,33
EST_02003,가로수보호덮개,1,89000,대명테크,2021-04-07,2021-04-17,10
EST_02004,가로수보호덮개,1,56000,신세계건설,2021-04-08,2021-04-20,12
EST_02005,보호시설물볼라드,2,153000,중앙토목,2021-04-08,2021-04-30,22
EST_02006,보호시설물무단횡단방지시설,2,183000,제일테크,2021-04-08,2021-05-21,43
EST_02007,달리기,2,1499000,제일시설관리,2021-04-08,2021-06-09,62
EST_02008,그네,1,627000,중앙안전,2021-04-08,2021-06-05,58
EST_02009,가로수보호덮개,2,183000,동화조경,2021-04-08,2021-04-26,18
EST_02010,등받이없는벤치,1,88000,대명건설,2021-04-08,2021-04-22,14
EST_02011,보호펜스,3,200000,태영테크,2021-04-09,2021-06-25,77
EST_02012,그네,3,2603000,제일산업,2021-04-09,2021-08-13,126
EST_02013,맨홀,3,815000,미래안전,2021-04-09,2021-06-07,59
EST_02014,보호시설물볼라드,1,56000,동화조경,2021-04-09,2021-04-26,17
EST_02015,등받이없는벤치,2,224000,중앙산업,2021-04-09,2021-05-05,26
EST_02016,등받이있는벤치,2,405000,우신시설관리,2021-04-09,2021-05-01,22
EST_02017,그네,1,635000,미래시스템,2021-04-09,2021-06-06,58
EST_02018,보차도경계석,3,142000,한성안전,2021-04-09,2021-05-28,49
EST_02019,축구골대,3,2931000,신세계토목,2021-04-09,2021-08-06,119
EST_02020,축구골대,3,4032000,우신조경,2021-04-10,2021-07-13,94
EST_02021,보도블록,1,9000,신세계테크,2021-04-10,2021-04-21,11
EST_02022,트랜치,1,55000,제일테크,2021-04-10,2021-04-21,11
EST_02023,등받이없는벤치,1,128000,동화토목,2021-04-10,2021-04-26,16
EST_02024,등받이없는벤치,1,127000,동화시설관리,2021-04-10,2021-04-25,15
EST_02025,보차도경계석,1,30000,동화시설관리,2021-04-10,2021-04-24,14
EST_02026,농구대,1,238000,제일조경,2021-04-10,2021-05-10,30
EST_02027,맨홀,3,1155000,대명산업,2021-04-10,2021-06-11,62
EST_02028,등받이없는벤치,2,323000,대명건설,2021-04-11,2021-05-02,21
EST_02029,점자블록,2,49000,중앙테크,2021-04-11,2021-05-02,21
EST_02030,달리기,3,2869000,중앙산업,2021-04-11,2021-07-19,99
EST_02031,맨홀,2,540000,우신산업,2021-04-11,2021-05-20,39
EST_02032,가로수보호덮개,1,105000,미래토목,2021-04-11,2021-04-23,12
EST_02033,달리기,2,1551000,한성시설관리,2021-04-11,2021-05-26,45
EST_02034,농구대,1,280000,제일시설관리,2021-04-11,2021-05-11,30
EST_02035,트랜치,3,184000,우신산업,2021-04-12,2021-05-17,35
EST_02036,보호시설물볼라드,2,145000,제일토목,2021-04-12,2021-05-10,28
EST_02037,점자블록,1,14000,신세계안전,2021-04-12,2021-04-22,10
EST_02038,그네,3,2093000,우신시설관리,2021-04-12,2021-08-05,115
EST_02039,보차도경계석,3,149000,도시정비단,2021-04-12,2021-06-08,57
EST_02040,트랜치,3,194000,태영테크,2021-04-13,2021-05-11,28
EST_02041,등받이있는벤치,2,271000,동화조경,2021-04-13,2021-05-10,27
EST_02042,점자블록,3,81000,제일안전,2021-04-13,2021-05-24,41
EST_02043,맨홀,1,149000,중앙토목,2021-04-14,2021-05-09,25
EST_02044,가로수보호덮개,2,185000,한성산업,2021-04-14,2021-05-03,19
EST_02045,보호시설물볼라드,1,58000,중앙안전,2021-04-14,2021-04-28,14
EST_02046,보호시설물무단횡단방지시설,1,111000,우신조경,2021-04-14,2021-05-08,24
EST_02047,미끄럼틀,3,3383000,중앙안전,2021-04-14,2021-11-02,202
EST_02048,농구대,1,446000,제일산업,2021-04-15,2021-05-14,29
EST_02049,맨홀,3,1151000,그린플레이,2021-04-15,2021-07-13,89
EST_02050,농구대,3,1556000,제일산업,2021-04-15,2021-07-17,93
EST_02051,점자블록,2,48000,제일테크,2021-04-15,2021-05-02,17
EST_02052,맨홀,1,240000,에코시설,2021-04-16,2021-05-09,23
EST_02053,보차도경계석,3,145000,미래안전,2021-04-16,2021-05-28,42
EST_02054,등받이없는벤치,3,476000,한성안전,2021-04-16,2021-05-21,35
EST_02055,점자블록,2,33000,신세계건설,2021-04-16,2021-05-02,16
EST_02056,농구대,2,825000,한성시설관리,2021-04-16,2021-06-06,51
EST_02057,등받이있는벤치,2,371000,한성안전,2021-04-17,2021-05-15,28
EST_02058,그네,1,298000,한성안전,2021-04-17,2021-06-07,51
EST_02059,등받이없는벤치,1,139000,우신시설관리,2021-04-17,2021-05-01,14
EST_02060,미끄럼틀,2,1849000,태영건설,2021-04-17,2021-06-27,71
EST_02061,등받이있는벤치,2,379000,동화토목,2021-04-17,2021-05-15,28
EST_02062,달리기,1,671000,한성시설관리,2021-04-18,2021-05-20,32
EST_02063,등받이있는벤치,1,104000,미래시설관리,2021-04-18,2021-05-05,17
EST_02064,맨홀,3,1210000,제일조경,2021-04-18,2021-07-02,75
EST_02065,달리기,1,563000,중앙테크,2021-04-18,2021-05-19,31
EST_02066,점자블록,1,15000,에코시설,2021-04-19,2021-05-01,12
EST_02067,보호펜스,3,218000,동화토목,2021-04-19,2021-07-02,74
EST_02068,농구대,2,819000,동화조경,2021-04-19,2021-06-04,46
EST_02069,축구골대,2,1468000,현대시스템,2021-04-20,2021-06-18,59
EST_02070,맨홀,2,430000,한성건설,2021-04-21,2021-06-03,43
EST_02071,축구골대,2,1667000,대명안전,2021-04-21,2021-06-10,50
EST_02072,농구대,2,1127000,대명안전,2021-04-21,2021-06-08,48
EST_02073,트랜치,3,178000,신세계토목,2021-04-21,2021-06-03,43
EST_02074,달리기,2,1652000,한성토목,2021-04-21,2021-06-11,51
EST_02075,맨홀,1,259000,신세계건설,2021-04-21,2021-05-13,22
EST_02076,가로수보호덮개,3,312000,현대건설,2021-04-21,2021-06-04,44
EST_02077,보호시설물무단횡단방지시설,1,83000,제일조경,2021-04-22,2021-05-13,21
EST_02078,보호시설물무단횡단방지시설,3,404000,신세계토목,2021-04-22,2021-07-16,85
EST_02079,등받이있는벤치,3,843000,대명건설,2021-04-22,2021-06-17,56
EST_02080,보도블록,2,34000,신세계조경,2021-04-23,2021-05-09,16
EST_02081,그네,3,2627000,중앙건설,2021-04-23,2021-10-30,190
EST_02082,맨홀,1,170000,한성토목,2021-04-24,2021-05-17,23
EST_02083,점자블록,3,80000,중앙테크,2021-04-24,2021-05-20,26
EST_02084,보차도경계석,2,51000,미래안전,2021-04-24,2021-05-20,26
EST_02085,보호시설물볼라드,2,154000,미래안전,2021-04-24,2021-05-20,26
EST_02086,그네,1,513000,대명시설관리,2021-04-25,2021-06-18,54
EST_02087,농구대,2,1070000,신세계시설관리,2021-04-25,2021-06-18,54
EST_02088,그네,1,502000,신세계조경,2021-04-25,2021-06-10,46
EST_02089,미끄럼틀,3,3398000,한성건설,2021-04-25,2021-10-12,170
EST_02090,등받이있는벤치,1,141000,신세계안전,2021-04-25,2021-05-09,14
EST_02091,농구대,1,340000,제일토목,2021-04-25,2021-05-24,29
EST_02092,농구대,2,800000,미래시스템,2021-04-26,2021-06-18,53
EST_02093,가로수보호덮개,1,78000,그린플레이,2021-04-26,2021-05-06,10
EST_02094,보도블록,1,8000,현대시스템,2021-04-26,2021-05-07,11
EST_02095,맨홀,3,919000,신세계안전,2021-04-26,2021-07-23,88
EST_02096,미끄럼틀,3,4896000,제일안전,2021-04-27,2021-08-17,112
EST_02097,등받이있는벤치,2,403000,대명안전,2021-04-27,2021-05-20,23
EST_02098,등받이있는벤치,1,197000,태영테크,2021-04-27,2021-05-12,15
EST_02099,등받이있는벤치,3,663000,우신조경,2021-04-27,2021-06-21,55
EST_02100,미끄럼틀,3,4067000,국토개발,2021-04-27,2021-09-21,147
EST_02101,트랜치,2,127000,대명안전,2021-04-27,2021-05-17,20
EST_02102,농구대,3,1581000,한성시설관리,2021-04-27,2021-08-14,109
EST_02103,점자블록,1,17000,미래시설관리,2021-04-27,2021-05-08,11
EST_02104,축구골대,2,1597000,한성안전,2021-04-28,2021-07-02,65
EST_02105,달리기,1,509000,제일시설관리,2021-04-28,2021-05-31,33
EST_02106,트랜치,3,184000,태영건설,2021-04-28,2021-06-11,44
EST_02107,가로수보호덮개,1,112000,한성안전,2021-04-28,2021-05-09,11
EST_02108,트랜치,2,113000,태영건설,2021-04-28,2021-05-15,17
EST_02109,점자블록,1,18000,신세계건설,2021-04-29,2021-05-10,11
EST_02110,보호시설물볼라드,2,140000,제일조경,2021-04-29,2021-05-22,23
EST_02111,축구골대,2,2120000,미래토목,2021-04-29,2021-06-14,46
EST_02112,등받이있는벤치,1,134000,미래시설관리,2021-04-29,2021-05-14,15
EST_02113,보호펜스,1,50000,제일시설관리,2021-04-29,2021-05-21,22
EST_02114,농구대,1,474000,동화토목,2021-04-29,2021-05-25,26
EST_02115,미끄럼틀,3,3447000,한성시설관리,2021-04-30,2021-11-08,192
EST_02116,보호시설물볼라드,3,198000,대명시설관리,2021-04-30,2021-06-29,60
EST_02117,농구대,3,2124000,제일안전,2021-05-01,2021-08-17,108
EST_02118,보도블록,2,24000,도시정비단,2021-05-01,2021-05-16,15
EST_02119,보호시설물무단횡단방지시설,3,537000,태영테크,2021-05-01,2021-08-01,92
EST_02120,트랜치,2,133000,한성안전,2021-05-01,2021-05-16,15
EST_02121,보호펜스,2,111000,한성시설관리,2021-05-01,2021-06-15,45
EST_02122,보호시설물볼라드,1,56000,동화테크,2021-05-01,2021-05-18,17
EST_02123,맨홀,3,876000,우신테크,2021-05-01,2021-07-26,86
EST_02124,보호펜스,2,119000,미래토목,2021-05-02,2021-06-08,37
EST_02125,보도블록,3,45000,중앙건설,2021-05-02,2021-06-02,31
EST_02126,보호펜스,2,77000,미래토목,2021-05-02,2021-06-06,35
EST_02127,보호시설물볼라드,3,290000,신세계시설관리,2021-05-03,2021-06-07,35
EST_02128,축구골대,3,2952000,제일시설관리,2021-05-03,2021-08-09,98
EST_02129,보호펜스,3,182000,한성건설,2021-05-03,2021-07-01,59
EST_02130,축구골대,1,557000,우신테크,2021-05-03,2021-06-10,38
EST_02131,등받이없는벤치,2,226000,태영건설,2021-05-03,2021-05-26,23
EST_02132,맨홀,1,171000,제일토목,2021-05-04,2021-05-29,25
EST_02133,트랜치,3,268000,중앙토목,2021-05-04,2021-06-11,38
EST_02134,보호시설물무단횡단방지시설,2,277000,동화토목,2021-05-04,2021-06-19,46
EST_02135,가로수보호덮개,3,332000,제일안전,2021-05-04,2021-05-31,27
EST_02136,보도블록,2,31000,동화테크,2021-05-04,2021-05-20,16
EST_02137,보도블록,2,28000,대명산업,2021-05-04,2021-05-23,19
EST_02138,트랜치,1,31000,미래시스템,2021-05-05,2021-05-17,12
EST_02139,점자블록,1,16000,중앙건설,2021-05-05,2021-05-15,10
EST_02140,보차도경계석,1,28000,제일토목,2021-05-05,2021-05-22,17
EST_02141,미끄럼틀,1,842000,중앙토목,2021-05-05,2021-06-19,45
EST_02142,보호펜스,3,180000,미래토목,2021-05-05,2021-07-22,78
EST_02143,가로수보호덮개,3,316000,대명시설관리,2021-05-05,2021-06-06,32
EST_02144,점자블록,2,34000,제일조경,2021-05-06,2021-05-24,18
EST_02145,보호펜스,2,123000,미래토목,2021-05-06,2021-06-07,32
EST_02146,등받이있는벤치,2,349000,미래안전,2021-05-06,2021-05-28,22
EST_02147,맨홀,1,287000,대명시설관리,2021-05-06,2021-05-28,22
EST_02148,축구골대,1,596000,현대시스템,2021-05-06,2021-06-05,30
EST_02149,가로수보호덮개,3,386000,한성안전,2021-05-06,2021-06-08,33
EST_02150,보차도경계석,2,58000,한성건설,2021-05-06,2021-06-05,30
EST_02151,가로수보호덮개,2,240000,한성산업,2021-05-06,2021-05-21,15
EST_02152,보호시설물볼라드,3,205000,동화시스템,2021-05-06,2021-06-21,46
EST_02153,달리기,2,1530000,제일안전,2021-05-07,2021-07-09,63
EST_02154,보호펜스,3,217000,신세계건설,2021-05-07,2021-07-04,58
EST_02155,미끄럼틀,3,5215000,중앙산업,2021-05-07,2021-09-23,139
EST_02156,등받이있는벤치,2,411000,미래토목,2021-05-07,2021-06-01,25
EST_02157,트랜치,3,239000,한성토목,2021-05-08,2021-06-21,44
EST_02158,등받이없는벤치,3,408000,중앙안전,2021-05-08,2021-06-30,53
EST_02159,축구골대,2,2076000,제일조경,2021-05-08,2021-07-01,54
EST_02160,보호펜스,2,110000,신세계안전,2021-05-08,2021-06-20,43
EST_02161,보차도경계석,3,120000,신세계테크,2021-05-09,2021-07-07,59
EST_02162,가로수보호덮개,2,204000,태영안전,2021-05-09,2021-05-24,15
EST_02163,그네,1,285000,중앙건설,2021-05-09,2021-07-03,55
EST_02164,보호시설물볼라드,3,243000,신세계시설관리,2021-05-09,2021-06-13,35
EST_02165,보호시설물무단횡단방지시설,3,529000,제일안전,2021-05-10,2021-08-11,93
EST_02166,보호시설물볼라드,3,202000,국토개발,2021-05-10,2021-07-08,59
EST_02167,보호시설물무단횡단방지시설,2,252000,제일토목,2021-05-10,2021-06-11,32
EST_02168,농구대,2,950000,그린플레이,2021-05-10,2021-06-23,44
EST_02169,보도블록,2,23000,중앙안전,2021-05-10,2021-05-27,17
EST_02170,점자블록,1,16000,에코시설,2021-05-11,2021-05-23,12
EST_02171,등받이없는벤치,2,278000,중앙테크,2021-05-11,2021-06-08,28
EST_02172,미끄럼틀,2,1668000,신세계테크,2021-05-11,2021-08-08,89
EST_02173,가로수보호덮개,1,68000,동화테크,2021-05-11,2021-05-22,11
EST_02174,보도블록,2,26000,중앙토목,2021-05-11,2021-05-26,15
EST_02175,맨홀,1,287000,태영안전,2021-05-11,2021-06-02,22
EST_02176,그네,3,2044000,중앙건설,2021-05-11,2021-11-04,177
EST_02177,보도블록,1,15000,한성산업,2021-05-11,2021-05-21,10
EST_02178,등받이있는벤치,3,695000,한성안전,2021-05-12,2021-07-07,56
EST_02179,보호시설물무단횡단방지시설,1,112000,현대시스템,2021-05-12,2021-06-02,21
EST_02180,보호시설물무단횡단방지시설,2,266000,그린플레이,2021-05-12,2021-06-13,32
EST_02181,달리기,1,569000,신세계시설관리,2021-05-13,2021-06-18,36
EST_02182,농구대,2,864000,대명테크,2021-05-13,2021-07-01,49
EST_02183,등받이있는벤치,1,91000,신세계시스템,2021-05-13,2021-05-29,16
EST_02184,보호시설물볼라드,3,257000,중앙테크,2021-05-13,2021-07-08,56
EST_02185,보호시설물무단횡단방지시설,3,394000,신세계시설관리,2021-05-13,2021-07-23,71
EST_02186,보호시설물볼라드,1,65000,미래토목,2021-05-13,2021-05-27,14
EST_02187,맨홀,2,632000,그린플레이,2021-05-13,2021-06-12,30
EST_02188,가로수보호덮개,3,434000,태영테크,2021-05-13,2021-06-07,25
EST_02189,보도블록,2,28000,미래시스템,2021-05-14,2021-06-02,19
EST_02190,달리기,3,3034000,태영건설,2021-05-14,2021-08-21,99
EST_02191,등받이없는벤치,3,441000,동화시설관리,2021-05-14,2021-06-21,38
EST_02192,보차도경계석,1,34000,신세계테크,2021-05-14,2021-05-31,17
EST_02193,미끄럼틀,1,1132000,신세계시설관리,2021-05-14,2021-07-10,57
EST_02194,등받이있는벤치,3,593000,미래안전,2021-05-15,2021-06-29,45
EST_02195,등받이있는벤치,1,117000,미래토목,2021-05-15,2021-05-30,15
EST_02196,농구대,1,236000,제일시설관리,2021-05-16,2021-06-17,32
EST_02197,점자블록,2,46000,신세계시스템,2021-05-16,2021-06-03,18
EST_02198,그네,1,296000,미래안전,2021-05-16,2021-07-04,49
EST_02199,트랜치,2,94000,우신시설관리,2021-05-17,2021-06-05,19
EST_02200,보호시설물볼라드,2,121000,신세계안전,2021-05-17,2021-06-10,24
EST_02201,맨홀,2,530000,중앙건설,2021-05-17,2021-06-24,38
EST_02202,트랜치,3,201000,제일테크,2021-05-18,2021-06-13,26
EST_02203,보차도경계석,3,141000,중앙토목,2021-05-18,2021-06-30,43
EST_02204,등받이없는벤치,1,104000,신세계건설,2021-05-18,2021-06-01,14
EST_02205,농구대,2,711000,현대시스템,2021-05-19,2021-07-05,47
EST_02206,보호시설물무단횡단방지시설,3,445000,한성시설관리,2021-05-19,2021-07-15,57
EST_02207,달리기,1,504000,우신조경,2021-05-19,2021-06-24,36
EST_02208,트랜치,1,51000,대명산업,2021-05-19,2021-05-30,11
EST_02209,미끄럼틀,3,4441000,태영건설,2021-05-19,2021-09-30,134
EST_02210,축구골대,1,990000,신세계안전,2021-05-20,2021-06-27,38
EST_02211,보호시설물무단횡단방지시설,3,425000,신세계안전,2021-05-20,2021-08-09,81
EST_02212,축구골대,1,1000000,현대건설,2021-05-20,2021-06-19,30
EST_02213,보호시설물무단횡단방지시설,1,111000,미래토목,2021-05-20,2021-06-12,23
EST_02214,미끄럼틀,2,2564000,미래시설관리,2021-05-20,2021-08-09,81
EST_02215,보차도경계석,3,104000,신세계테크,2021-05-20,2021-07-12,53
EST_02216,보호시설물볼라드,3,273000,동화토목,2021-05-20,2021-07-20,61
EST_02217,보호펜스,3,175000,동화시설관리,2021-05-20,2021-07-25,66
EST_02218,보호펜스,1,42000,대명건설,2021-05-21,2021-06-11,21
EST_02219,보차도경계석,1,20000,한성시설관리,2021-05-21,2021-06-06,16
EST_02220,달리기,1,484000,신세계시설관리,2021-05-21,2021-06-22,32
EST_02221,보호펜스,2,87000,미래토목,2021-05-21,2021-07-02,42
EST_02222,트랜치,2,108000,대명안전,2021-05-21,2021-06-08,18
EST_02223,축구골대,1,462000,대명건설,2021-05-22,2021-06-26,35
EST_02224,보호시설물무단횡단방지시설,1,108000,미래시설관리,2021-05-22,2021-06-16,25
EST_02225,보호시설물무단횡단방지시설,3,549000,국토개발,2021-05-23,2021-08-08,77
EST_02226,맨홀,3,819000,한성산업,2021-05-24,2021-08-12,80
EST_02227,보차도경계석,3,127000,에코시설,2021-05-24,2021-07-18,55
EST_02228,농구대,2,697000,태영안전,2021-05-24,2021-07-06,43
EST_02229,보차도경계석,3,135000,동화조경,2021-05-24,2021-07-12,49
EST_02230,보도블록,3,54000,제일테크,2021-05-25,2021-06-23,29
EST_02231,보차도경계석,1,30000,동화시설관리,2021-05-25,2021-06-10,16
EST_02232,보호시설물볼라드,1,36000,미래시스템,2021-05-25,2021-06-12,18
EST_02233,보호펜스,2,92000,미래토목,2021-05-25,2021-07-08,44
EST_02234,미끄럼틀,1,1228000,우신산업,2021-05-26,2021-07-15,50
EST_02235,가로수보호덮개,3,325000,동화시스템,2021-05-26,2021-06-29,34
EST_02236,보호펜스,2,108000,대명건설,2021-05-26,2021-07-09,44
EST_02237,맨홀,1,209000,대명안전,2021-05-27,2021-06-19,23
EST_02238,보호펜스,3,151000,우신테크,2021-05-27,2021-07-27,61
EST_02239,등받이없는벤치,1,93000,대명산업,2021-05-28,2021-06-12,15
EST_02240,보호시설물볼라드,3,233000,제일산업,2021-05-28,2021-07-11,44
EST_02241,보도블록,3,54000,미래시스템,2021-05-28,2021-06-27,30
EST_02242,그네,3,1850000,신세계토목,2021-05-28,2021-11-08,164
EST_02243,맨홀,3,892000,미래시스템,2021-05-29,2021-08-08,71
EST_02244,달리기,3,2063000,현대건설,2021-05-29,2021-08-12,75
EST_02245,트랜치,2,115000,중앙건설,2021-05-29,2021-06-13,15
EST_02246,등받이있는벤치,2,297000,우신테크,2021-05-29,2021-06-27,29
EST_02247,보호시설물무단횡단방지시설,2,184000,우신산업,2021-05-29,2021-07-09,41
EST_02248,맨홀,3,798000,중앙테크,2021-05-29,2021-08-03,66
EST_02249,보호시설물무단횡단방지시설,3,494000,현대시스템,2021-05-30,2021-08-05,67
EST_02250,미끄럼틀,1,1010000,대명건설,2021-05-30,2021-07-27,58
EST_02251,등받이있는벤치,1,200000,대명건설,2021-05-30,2021-06-13,14
EST_02252,보호펜스,2,120000,중앙건설,2021-05-30,2021-07-02,33
EST_02253,보호펜스,1,35000,신세계시스템,2021-05-30,2021-06-22,23
EST_02254,농구대,3,1444000,에코시설,2021-05-30,2021-08-06,68
EST_02255,그네,2,1276000,동화시스템,2021-05-30,2021-08-07,69
EST_02256,미끄럼틀,2,1683000,대명테크,2021-05-30,2021-08-31,93
EST_02257,보호시설물볼라드,1,70000,대명테크,2021-05-30,2021-06-13,14
EST_02258,보도블록,1,7000,국토개발,2021-05-30,2021-06-10,11
EST_02259,등받이있는벤치,2,445000,대명테크,2021-05-31,2021-06-22,22
EST_02260,보호시설물볼라드,1,46000,한성건설,2021-05-31,2021-06-15,15
EST_02261,축구골대,2,1842000,한성건설,2021-05-31,2021-08-02,63
EST_02262,보도블록,3,66000,한성안전,2021-05-31,2021-07-02,32
EST_02263,등받이없는벤치,2,237000,동화조경,2021-06-01,2021-06-28,27
EST_02264,농구대,1,415000,중앙토목,2021-06-02,2021-07-02,30
EST_02265,보호시설물무단횡단방지시설,3,370000,대명산업,2021-06-02,2021-08-24,83
EST_02266,보도블록,1,7000,대명산업,2021-06-03,2021-06-14,11
EST_02267,축구골대,3,3378000,대명테크,2021-06-03,2021-09-29,118
EST_02268,농구대,2,1150000,동화시스템,2021-06-03,2021-07-21,48
EST_02269,맨홀,2,399000,한성토목,2021-06-03,2021-07-10,37
EST_02270,보호시설물볼라드,2,108000,대명시설관리,2021-06-04,2021-07-03,29
EST_02271,보호시설물무단횡단방지시설,2,289000,그린플레이,2021-06-04,2021-07-13,39
EST_02272,농구대,2,868000,한성시설관리,2021-06-05,2021-07-25,50
EST_02273,보도블록,3,50000,신세계안전,2021-06-05,2021-07-14,39
EST_02274,보도블록,3,42000,우신산업,2021-06-05,2021-07-11,36
EST_02275,그네,3,2381000,중앙토목,2021-06-05,2021-10-21,138
EST_02276,보호시설물무단횡단방지시설,1,118000,한성토목,2021-06-05,2021-06-27,22
EST_02277,보차도경계석,1,28000,중앙안전,2021-06-05,2021-06-21,16
EST_02278,보호시설물볼라드,1,59000,태영건설,2021-06-06,2021-06-20,14
EST_02279,가로수보호덮개,2,170000,현대시스템,2021-06-06,2021-06-25,19
EST_02280,가로수보호덮개,3,476000,에코시설,2021-06-06,2021-07-05,29
EST_02281,미끄럼틀,1,1028000,동화토목,2021-06-06,2021-08-01,56
EST_02282,맨홀,2,406000,미래시스템,2021-06-06,2021-07-17,41
EST_02283,가로수보호덮개,2,150000,대명시설관리,2021-06-07,2021-06-26,19
EST_02284,가로수보호덮개,2,211000,태영안전,2021-06-07,2021-06-28,21
EST_02285,보호시설물볼라드,2,123000,우신테크,2021-06-07,2021-07-05,28
EST_02286,달리기,3,2046000,신세계건설,2021-06-07,2021-09-08,93
EST_02287,가로수보호덮개,1,103000,대명건설,2021-06-08,2021-06-18,10
EST_02288,보도블록,1,14000,우신조경,2021-06-08,2021-06-18,10
EST_02289,그네,3,1792000,중앙산업,2021-06-08,2021-12-18,193
EST_02290,맨홀,3,1144000,대명안전,2021-06-08,2021-08-02,55
EST_02291,축구골대,1,500000,신세계토목,2021-06-09,2021-07-09,30
EST_02292,축구골대,2,1844000,대명시설관리,2021-06-09,2021-08-07,59
EST_02293,보차도경계석,3,162000,제일산업,2021-06-09,2021-07-17,38
EST_02294,보차도경계석,3,163000,제일산업,2021-06-09,2021-08-08,60
EST_02295,그네,2,1174000,신세계시설관리,2021-06-09,2021-08-24,76
EST_02296,보호펜스,3,171000,대명건설,2021-06-10,2021-08-30,81
EST_02297,보차도경계석,1,23000,신세계조경,2021-06-10,2021-06-25,15
EST_02298,가로수보호덮개,3,469000,동화테크,2021-06-10,2021-07-22,42
EST_02299,점자블록,3,62000,한성산업,2021-06-11,2021-07-07,26
EST_02300,등받이있는벤치,1,178000,신세계건설,2021-06-11,2021-06-27,16
EST_02301,미끄럼틀,1,1124000,신세계테크,2021-06-11,2021-08-02,52
EST_02302,맨홀,2,486000,대명건설,2021-06-11,2021-07-17,36
EST_02303,보호시설물무단횡단방지시설,2,260000,우신조경,2021-06-11,2021-07-24,43
EST_02304,보차도경계석,2,62000,제일토목,2021-06-12,2021-07-10,28
EST_02305,가로수보호덮개,1,71000,한성안전,2021-06-12,2021-06-22,10
EST_02306,그네,2,1314000,한성안전,2021-06-12,2021-08-24,73
EST_02307,축구골대,1,694000,제일토목,2021-06-12,2021-07-15,33
EST_02308,보도블록,1,13000,태영테크,2021-06-13,2021-06-23,10
EST_02309,보차도경계석,1,34000,미래안전,2021-06-13,2021-06-28,15
EST_02310,축구골대,3,2879000,한성산업,2021-06-13,2021-09-17,96
EST_02311,점자블록,3,94000,태영건설,2021-06-14,2021-07-26,42
EST_02312,보도블록,3,61000,제일안전,2021-06-14,2021-07-22,38
EST_02313,보도블록,1,14000,우신산업,2021-06-15,2021-06-27,12
EST_02314,등받이없는벤치,2,279000,태영안전,2021-06-15,2021-07-15,30
EST_02315,보호펜스,1,25000,제일시설관리,2021-06-15,2021-07-06,21
EST_02316,등받이없는벤치,2,244000,제일토목,2021-06-15,2021-07-10,25
EST_02317,달리기,3,2298000,미래토목,2021-06-15,2021-09-22,99
EST_02318,등받이있는벤치,2,327000,한성건설,2021-06-15,2021-07-13,28
EST_02319,점자블록,3,69000,동화시설관리,2021-06-15,2021-07-17,32
EST_02320,달리기,2,1168000,신세계토목,2021-06-16,2021-08-12,57
EST_02321,농구대,3,1517000,그린플레이,2021-06-16,2021-09-11,87
EST_02322,등받이있는벤치,2,407000,한성시설관리,2021-06-16,2021-07-07,21
EST_02323,달리기,2,1693000,중앙안전,2021-06-16,2021-07-31,45
EST_02324,농구대,1,455000,중앙테크,2021-06-17,2021-07-12,25
EST_02325,트랜치,3,180000,우신조경,2021-06-17,2021-07-31,44
EST_02326,점자블록,3,72000,한성건설,2021-06-17,2021-07-17,30
EST_02327,보호시설물무단횡단방지시설,3,532000,제일토목,2021-06-17,2021-08-30,74
EST_02328,보호펜스,1,26000,동화조경,2021-06-18,2021-07-13,25
EST_02329,등받이없는벤치,2,281000,신세계조경,2021-06-18,2021-07-15,27
EST_02330,보호펜스,2,100000,현대시스템,2021-06-18,2021-07-21,33
EST_02331,보도블록,2,32000,한성시설관리,2021-06-18,2021-07-06,18
EST_02332,등받이없는벤치,2,209000,한성안전,2021-06-18,2021-07-15,27
EST_02333,보호펜스,3,164000,대명건설,2021-06-18,2021-09-04,78
EST_02334,보호시설물볼라드,2,137000,한성건설,2021-06-18,2021-07-14,26
EST_02335,보도블록,2,26000,동화시스템,2021-06-18,2021-07-05,17
EST_02336,점자블록,3,89000,중앙안전,2021-06-19,2021-07-26,37
EST_02337,등받이없는벤치,2,265000,국토개발,2021-06-19,2021-07-18,29
EST_02338,가로수보호덮개,3,448000,대명시설관리,2021-06-19,2021-07-27,38
EST_02339,점자블록,3,96000,동화시스템,2021-06-19,2021-07-28,39
EST_02340,미끄럼틀,3,4788000,미래시스템,2021-06-20,2022-01-06,200
EST_02341,보호펜스,2,114000,중앙산업,2021-06-20,2021-07-25,35
EST_02342,축구골대,3,3187000,태영건설,2021-06-20,2021-10-07,109
EST_02343,보호시설물볼라드,3,259000,한성시설관리,2021-06-20,2021-08-17,58
EST_02344,보차도경계석,3,110000,에코시설,2021-06-21,2021-07-27,36
EST_02345,보호시설물볼라드,1,52000,대명시설관리,2021-06-21,2021-07-06,15
EST_02346,미끄럼틀,1,1203000,신세계시스템,2021-06-21,2021-08-17,57
EST_02347,그네,3,1789000,도시정비단,2021-06-21,2021-10-23,124
EST_02348,보차도경계석,1,37000,우신시설관리,2021-06-23,2021-07-11,18
EST_02349,맨홀,1,128000,중앙산업,2021-06-23,2021-07-17,24
EST_02350,달리기,3,2241000,미래시스템,2021-06-23,2021-10-01,100
EST_02351,등받이없는벤치,3,595000,대명테크,2021-06-23,2021-08-22,60
EST_02352,보호시설물무단횡단방지시설,3,397000,미래안전,2021-06-23,2021-08-29,67
EST_02353,그네,3,1853000,대명테크,2021-06-23,2021-11-19,149
EST_02354,달리기,2,1372000,미래토목,2021-06-23,2021-08-10,48
EST_02355,축구골대,1,491000,제일시설관리,2021-06-24,2021-07-28,34
EST_02356,보도블록,3,64000,대명테크,2021-06-24,2021-07-20,26
EST_02357,그네,3,2239000,미래시스템,2021-06-24,2021-11-09,138
EST_02358,보차도경계석,2,66000,우신테크,2021-06-24,2021-07-19,25
EST_02359,축구골대,2,1609000,동화시설관리,2021-06-24,2021-08-13,50
EST_02360,점자블록,3,88000,우신시설관리,2021-06-24,2021-07-19,25
EST_02361,보도블록,2,22000,신세계조경,2021-06-24,2021-07-15,21
EST_02362,보호펜스,1,39000,제일테크,2021-06-25,2021-07-22,27
EST_02363,등받이없는벤치,2,304000,그린플레이,2021-06-25,2021-07-19,24
EST_02364,그네,3,2240000,동화시설관리,2021-06-25,2021-12-03,161
EST_02365,점자블록,2,37000,신세계시설관리,2021-06-25,2021-07-16,21
EST_02366,보도블록,2,21000,중앙산업,2021-06-25,2021-07-16,21
EST_02367,보도블록,3,51000,미래토목,2021-06-25,2021-08-01,37
EST_02368,보호펜스,3,177000,동화조경,2021-06-26,2021-09-17,83
EST_02369,보호펜스,1,43000,한성건설,2021-06-26,2021-07-17,21
EST_02370,보도블록,3,49000,그린플레이,2021-06-26,2021-07-24,28
EST_02371,보호시설물볼라드,2,145000,제일테크,2021-06-26,2021-07-23,27
EST_02372,그네,3,2216000,우신시설관리,2021-06-26,2021-12-16,173
EST_02373,점자블록,3,81000,한성시설관리,2021-06-26,2021-07-26,30
EST_02374,보도블록,3,55000,제일시설관리,2021-06-27,2021-07-22,25
EST_02375,가로수보호덮개,1,91000,신세계조경,2021-06-27,2021-07-08,11
EST_02376,트랜치,1,58000,태영건설,2021-06-27,2021-07-07,10
EST_02377,미끄럼틀,1,627000,미래안전,2021-06-28,2021-08-19,52
EST_02378,달리기,1,731000,태영건설,2021-06-28,2021-08-04,37
EST_02379,보도블록,1,8000,중앙건설,2021-06-28,2021-07-10,12
EST_02380,그네,3,2626000,제일테크,2021-06-29,2021-10-29,122
EST_02381,트랜치,1,53000,대명산업,2021-06-29,2021-07-10,11
EST_02382,등받이있는벤치,2,399000,태영테크,2021-06-29,2021-07-20,21
EST_02383,등받이있는벤치,3,717000,제일시설관리,2021-06-29,2021-08-19,51
EST_02384,보호시설물볼라드,2,132000,신세계안전,2021-06-29,2021-07-25,26
EST_02385,농구대,2,927000,한성건설,2021-06-29,2021-08-21,53
EST_02386,점자블록,2,35000,동화테크,2021-06-29,2021-07-16,17
EST_02387,보도블록,1,12000,중앙건설,2021-06-30,2021-07-10,10
EST_02388,달리기,2,1597000,미래시설관리,2021-06-30,2021-08-31,62
EST_02389,농구대,3,1743000,신세계조경,2021-06-30,2021-10-05,97
EST_02390,점자블록,3,80000,도시정비단,2021-06-30,2021-08-08,39
EST_02391,등받이없는벤치,1,98000,우신시설관리,2021-06-30,2021-07-14,14
EST_02392,농구대,1,255000,중앙산업,2021-06-30,2021-07-28,28
EST_02393,점자블록,1,17000,한성건설,2021-06-30,2021-07-10,10
EST_02394,축구골대,2,1410000,미래토목,2021-07-01,2021-08-19,49
EST_02395,그네,1,352000,중앙토목,2021-07-01,2021-08-21,51
EST_02396,그네,3,2391000,국토개발,2021-07-01,2021-12-01,153
EST_02397,맨홀,2,519000,중앙테크,2021-07-01,2021-08-09,39
EST_02398,트랜치,2,116000,제일토목,2021-07-02,2021-07-20,18
EST_02399,가로수보호덮개,1,53000,미래시설관리,2021-07-02,2021-07-13,11
EST_02400,농구대,3,1552000,대명시설관리,2021-07-02,2021-09-17,77
EST_02401,달리기,1,513000,현대시스템,2021-07-02,2021-08-03,32
EST_02402,점자블록,3,87000,그린플레이,2021-07-02,2021-08-05,34
EST_02403,등받이없는벤치,1,74000,한성건설,2021-07-02,2021-07-19,17
EST_02404,등받이있는벤치,2,431000,우신조경,2021-07-03,2021-07-29,26
EST_02405,등받이없는벤치,1,139000,신세계시스템,2021-07-03,2021-07-20,17
EST_02406,농구대,2,893000,현대건설,2021-07-03,2021-08-19,47
EST_02407,달리기,3,2774000,동화토목,2021-07-03,2021-10-29,118
EST_02408,점자블록,1,22000,신세계건설,2021-07-03,2021-07-14,11
EST_02409,트랜치,2,87000,신세계안전,2021-07-03,2021-07-24,21
EST_02410,농구대,2,698000,중앙테크,2021-07-03,2021-08-26,54
EST_02411,등받이없는벤치,2,249000,국토개발,2021-07-03,2021-07-28,25
EST_02412,보도블록,2,31000,동화테크,2021-07-04,2021-07-24,20
EST_02413,맨홀,1,165000,태영안전,2021-07-04,2021-07-28,24
EST_02414,점자블록,1,11000,그린플레이,2021-07-04,2021-07-15,11
EST_02415,점자블록,1,19000,중앙안전,2021-07-04,2021-07-14,10
EST_02416,등받이있는벤치,3,590000,신세계건설,2021-07-05,2021-08-25,51
EST_02417,미끄럼틀,1,862000,그린플레이,2021-07-05,2021-08-27,53
EST_02418,등받이있는벤치,2,427000,제일시설관리,2021-07-05,2021-07-27,22
EST_02419,축구골대,2,1600000,한성토목,2021-07-06,2021-09-03,59
EST_02420,보호시설물무단횡단방지시설,3,486000,우신시설관리,2021-07-06,2021-09-29,85
EST_02421,보호펜스,3,174000,대명테크,2021-07-06,2021-09-01,57
EST_02422,보차도경계석,1,36000,대명산업,2021-07-06,2021-07-20,14
EST_02423,그네,1,501000,대명테크,2021-07-06,2021-08-23,48
EST_02424,보차도경계석,2,68000,우신테크,2021-07-07,2021-07-30,23
EST_02425,등받이있는벤치,2,362000,대명안전,2021-07-07,2021-08-02,26
EST_02426,그네,1,315000,대명산업,2021-07-07,2021-08-24,48
EST_02427,보도블록,2,22000,우신테크,2021-07-07,2021-07-25,18
EST_02428,등받이없는벤치,3,427000,에코시설,2021-07-07,2021-08-15,39
EST_02429,축구골대,2,1988000,제일토목,2021-07-07,2021-09-05,60
EST_02430,가로수보호덮개,3,342000,대명시설관리,2021-07-07,2021-08-02,26
EST_02431,보호시설물볼라드,1,55000,미래시스템,2021-07-08,2021-07-22,14
EST_02432,점자블록,3,83000,중앙안전,2021-07-09,2021-08-20,42
EST_02433,보호펜스,3,180000,신세계조경,2021-07-09,2021-09-16,69
EST_02434,그네,2,1027000,한성시설관리,2021-07-09,2021-09-27,80
EST_02435,맨홀,3,928000,우신산업,2021-07-10,2021-10-07,89
EST_02436,보호시설물무단횡단방지시설,3,378000,한성시설관리,2021-07-10,2021-09-03,55
EST_02437,트랜치,1,59000,대명시설관리,2021-07-10,2021-07-22,12
EST_02438,등받이없는벤치,2,278000,중앙테크,2021-07-10,2021-08-06,27
EST_02439,달리기,3,2350000,동화테크,2021-07-10,2021-10-23,105
EST_02440,축구골대,2,2035000,대명안전,2021-07-10,2021-09-10,62
EST_02441,보차도경계석,3,134000,동화조경,2021-07-11,2021-08-22,42
EST_02442,보호펜스,3,199000,에코시설,2021-07-11,2021-09-06,57
EST_02443,등받이없는벤치,1,131000,우신시설관리,2021-07-11,2021-07-28,17
EST_02444,등받이있는벤치,1,183000,동화토목,2021-07-11,2021-07-28,17
EST_02445,보호펜스,1,45000,태영안전,2021-07-11,2021-08-03,23
EST_02446,보호시설물무단횡단방지시설,1,127000,미래토목,2021-07-11,2021-08-05,25
EST_02447,가로수보호덮개,1,111000,중앙산업,2021-07-11,2021-07-23,12
EST_02448,보호펜스,3,153000,중앙산업,2021-07-11,2021-09-16,67
EST_02449,보호펜스,2,115000,현대건설,2021-07-11,2021-08-18,38
EST_02450,보호펜스,3,190000,제일조경,2021-07-11,2021-09-30,81
EST_02451,농구대,2,1087000,한성시설관리,2021-07-12,2021-08-20,39
EST_02452,그네,1,419000,신세계시스템,2021-07-12,2021-08-31,50
EST_02453,농구대,1,305000,태영건설,2021-07-13,2021-08-13,31
EST_02454,트랜치,2,126000,신세계건설,2021-07-13,2021-07-31,18
EST_02455,농구대,3,1703000,국토개발,2021-07-13,2021-10-25,104
EST_02456,보도블록,2,24000,태영안전,2021-07-13,2021-07-29,16
EST_02457,미끄럼틀,3,4327000,신세계안전,2021-07-14,2022-01-22,192
EST_02458,축구골대,1,775000,그린플레이,2021-07-14,2021-08-20,37
EST_02459,농구대,3,2008000,대명산업,2021-07-14,2021-09-23,71
EST_02460,등받이있는벤치,3,735000,미래안전,2021-07-15,2021-09-01,48
EST_02461,축구골대,3,3049000,태영테크,2021-07-15,2021-11-23,131
EST_02462,트랜치,2,104000,중앙토목,2021-07-16,2021-08-06,21
EST_02463,미끄럼틀,2,2586000,미래시설관리,2021-07-16,2021-10-10,86
EST_02464,맨홀,3,971000,그린플레이,2021-07-17,2021-09-30,75
EST_02465,맨홀,2,455000,대명산업,2021-07-17,2021-08-19,33
EST_02466,등받이없는벤치,3,505000,제일테크,2021-07-17,2021-09-08,53
EST_02467,맨홀,1,157000,태영테크,2021-07-17,2021-08-07,21
EST_02468,점자블록,2,48000,제일산업,2021-07-18,2021-08-06,19
EST_02469,보호시설물볼라드,1,64000,제일토목,2021-07-18,2021-08-05,18
EST_02470,보호펜스,2,122000,우신테크,2021-07-18,2021-08-21,34
EST_02471,보호펜스,3,234000,동화시설관리,2021-07-19,2021-10-04,77
EST_02472,보차도경계석,2,73000,태영테크,2021-07-19,2021-08-13,25
EST_02473,보호시설물무단횡단방지시설,2,183000,신세계건설,2021-07-19,2021-08-29,41
EST_02474,축구골대,1,615000,태영안전,2021-07-20,2021-08-26,37
EST_02475,등받이없는벤치,1,103000,태영안전,2021-07-20,2021-08-06,17
EST_02476,가로수보호덮개,2,211000,중앙건설,2021-07-20,2021-08-05,16
EST_02477,미끄럼틀,2,2100000,태영안전,2021-07-20,2021-10-22,94
EST_02478,가로수보호덮개,1,73000,미래시스템,2021-07-21,2021-07-31,10
EST_02479,축구골대,1,943000,대명테크,2021-07-21,2021-08-22,32
EST_02480,보호시설물볼라드,1,40000,현대건설,2021-07-21,2021-08-04,14
EST_02481,그네,1,559000,동화조경,2021-07-21,2021-09-06,47
EST_02482,등받이없는벤치,2,254000,신세계시스템,2021-07-21,2021-08-13,23
EST_02483,점자블록,2,42000,동화시스템,2021-07-21,2021-08-09,19
EST_02484,등받이없는벤치,1,143000,동화조경,2021-07-22,2021-08-07,16
EST_02485,트랜치,2,135000,한성안전,2021-07-22,2021-08-10,19
EST_02486,미끄럼틀,2,1839000,신세계토목,2021-07-23,2021-09-30,69
EST_02487,맨홀,2,551000,현대건설,2021-07-23,2021-08-31,39
EST_02488,등받이없는벤치,3,496000,동화토목,2021-07-23,2021-09-06,45
EST_02489,보호시설물무단횡단방지시설,1,129000,우신조경,2021-07-24,2021-08-17,24
EST_02490,보호시설물무단횡단방지시설,3,459000,태영건설,2021-07-25,2021-10-16,83
EST_02491,가로수보호덮개,2,175000,대명시설관리,2021-07-25,2021-08-12,18
EST_02492,등받이없는벤치,3,473000,태영안전,2021-07-25,2021-09-03,40
EST_02493,보차도경계석,1,33000,신세계시스템,2021-07-26,2021-08-11,16
EST_02494,그네,3,1792000,신세계안전,2021-07-26,2022-02-10,199
EST_02495,축구골대,2,1694000,미래시설관리,2021-07-26,2021-09-20,56
EST_02496,가로수보호덮개,3,442000,신세계시스템,2021-07-26,2021-08-20,25
EST_02497,점자블록,1,15000,국토개발,2021-07-26,2021-08-05,10
EST_02498,보호시설물무단횡단방지시설,3,486000,동화시스템,2021-07-26,2021-09-24,60
EST_02499,그네,1,620000,신세계토목,2021-07-27,2021-09-10,45
EST_02500,맨홀,1,154000,신세계시스템,2021-07-27,2021-08-16,20
EST_02501,보호시설물볼라드,1,64000,한성산업,2021-07-27,2021-08-13,17
EST_02502,그네,2,969000,미래안전,2021-07-27,2021-10-24,89
EST_02503,농구대,2,1095000,제일조경,2021-07-28,2021-09-04,38
EST_02504,그네,1,323000,현대시스템,2021-07-28,2021-09-16,50
EST_02505,달리기,2,1273000,동화테크,2021-07-28,2021-09-15,49
EST_02506,보차도경계석,1,19000,도시정비단,2021-07-29,2021-08-13,15
EST_02507,보차도경계석,2,59000,신세계안전,2021-07-29,2021-08-20,22
EST_02508,등받이있는벤치,1,177000,우신산업,2021-07-29,2021-08-12,14
EST_02509,보도블록,2,27000,중앙안전,2021-07-29,2021-08-14,16
EST_02510,점자블록,3,92000,신세계조경,2021-07-29,2021-09-10,43
EST_02511,점자블록,1,22000,제일산업,2021-07-30,2021-08-10,11
EST_02512,보호시설물볼라드,1,67000,한성토목,2021-07-30,2021-08-14,15
EST_02513,축구골대,3,4156000,신세계토목,2021-07-30,2021-10-18,80
EST_02514,보호펜스,2,90000,현대시스템,2021-07-30,2021-09-11,43
EST_02515,등받이없는벤치,3,469000,중앙테크,2021-07-30,2021-09-04,36
EST_02516,미끄럼틀,1,727000,대명산업,2021-07-30,2021-09-17,49
EST_02517,등받이없는벤치,2,291000,동화조경,2021-07-30,2021-08-26,27
EST_02518,미끄럼틀,2,2632000,동화시설관리,2021-07-30,2021-10-26,88
EST_02519,보호펜스,2,121000,그린플레이,2021-07-30,2021-08-31,32
EST_02520,미끄럼틀,3,3483000,한성토목,2021-07-30,2022-02-12,197
EST_02521,보호펜스,1,26000,제일시설관리,2021-07-31,2021-08-22,22
EST_02522,점자블록,3,79000,제일테크,2021-07-31,2021-09-02,33
EST_02523,점자블록,1,12000,우신산업,2021-07-31,2021-08-10,10
EST_02524,그네,1,294000,현대시스템,2021-07-31,2021-09-23,54
EST_02525,등받이있는벤치,1,150000,신세계토목,2021-07-31,2021-08-17,17
EST_02526,등받이없는벤치,3,626000,대명건설,2021-07-31,2021-09-06,37
EST_02527,달리기,3,2199000,미래안전,2021-07-31,2021-11-01,93
EST_02528,미끄럼틀,1,555000,동화테크,2021-07-31,2021-09-14,45
EST_02529,가로수보호덮개,3,338000,대명테크,2021-08-01,2021-09-12,42
EST_02530,미끄럼틀,2,1865000,신세계테크,2021-08-01,2021-10-23,83
EST_02531,등받이없는벤치,2,199000,제일산업,2021-08-01,2021-08-25,24
EST_02532,등받이있는벤치,1,188000,제일테크,2021-08-02,2021-08-19,17
EST_02533,가로수보호덮개,2,205000,신세계토목,2021-08-02,2021-08-21,19
EST_02534,트랜치,2,98000,제일시설관리,2021-08-02,2021-08-22,20
EST_02535,보호시설물볼라드,1,52000,신세계테크,2021-08-02,2021-08-19,17
EST_02536,보차도경계석,2,53000,한성안전,2021-08-03,2021-08-26,23
EST_02537,점자블록,2,49000,동화테크,2021-08-03,2021-08-23,20
EST_02538,점자블록,2,36000,신세계건설,2021-08-03,2021-08-21,18
EST_02539,보호펜스,3,206000,동화테크,2021-08-04,2021-09-27,54
EST_02540,달리기,1,406000,미래시설관리,2021-08-04,2021-09-11,38
EST_02541,등받이있는벤치,3,704000,제일시설관리,2021-08-05,2021-09-29,55
EST_02542,달리기,1,495000,중앙건설,2021-08-06,2021-09-09,34
EST_02543,보차도경계석,3,107000,신세계건설,2021-08-06,2021-09-16,41
EST_02544,미끄럼틀,3,3691000,현대건설,2021-08-06,2022-02-14,192
EST_02545,등받이없는벤치,3,625000,우신테크,2021-08-07,2021-09-14,38
EST_02546,맨홀,1,248000,우신조경,2021-08-07,2021-08-31,24
EST_02547,보호펜스,2,106000,우신테크,2021-08-07,2021-09-18,42
EST_02548,보도블록,1,7000,중앙건설,2021-08-07,2021-08-19,12
EST_02549,보호펜스,1,57000,신세계건설,2021-08-07,2021-09-01,25
EST_02550,달리기,1,626000,동화시설관리,2021-08-07,2021-09-08,32
EST_02551,보호시설물볼라드,1,59000,한성시설관리,2021-08-08,2021-08-25,17
EST_02552,달리기,1,399000,국토개발,2021-08-08,2021-09-10,33
EST_02553,등받이없는벤치,2,287000,신세계토목,2021-08-08,2021-09-06,29
EST_02554,보호시설물볼라드,1,53000,대명시설관리,2021-08-08,2021-08-22,14
EST_02555,등받이없는벤치,2,288000,한성시설관리,2021-08-08,2021-08-30,22
EST_02556,점자블록,1,11000,태영안전,2021-08-09,2021-08-19,10
EST_02557,트랜치,2,97000,중앙건설,2021-08-09,2021-08-29,20
EST_02558,보호시설물볼라드,1,40000,한성안전,2021-08-09,2021-08-26,17
EST_02559,점자블록,3,81000,한성건설,2021-08-09,2021-09-08,30
EST_02560,미끄럼틀,2,2193000,제일산업,2021-08-09,2021-10-26,78
EST_02561,등받이있는벤치,3,565000,국토개발,2021-08-09,2021-09-17,39
EST_02562,보도블록,3,44000,제일테크,2021-08-10,2021-09-05,26
EST_02563,달리기,3,2124000,신세계테크,2021-08-10,2021-11-03,85
EST_02564,등받이없는벤치,2,258000,중앙산업,2021-08-10,2021-08-31,21
EST_02565,미끄럼틀,1,789000,대명건설,2021-08-10,2021-10-03,54
EST_02566,달리기,3,3246000,도시정비단,2021-08-11,2021-12-19,130
EST_02567,미끄럼틀,3,5109000,현대건설,2021-08-11,2022-02-01,174
EST_02568,달리기,2,1300000,한성안전,2021-08-11,2021-10-07,57
EST_02569,미끄럼틀,2,1947000,중앙안전,2021-08-11,2021-11-16,97
EST_02570,트랜치,1,40000,국토개발,2021-08-11,2021-08-23,12
EST_02571,농구대,3,1682000,제일시설관리,2021-08-12,2021-10-24,73
EST_02572,맨홀,1,247000,동화조경,2021-08-12,2021-09-02,21
EST_02573,점자블록,1,21000,한성토목,2021-08-12,2021-08-24,12
EST_02574,보호시설물볼라드,3,228000,한성토목,2021-08-12,2021-09-26,45
EST_02575,보호시설물볼라드,3,228000,국토개발,2021-08-12,2021-10-07,56
EST_02576,미끄럼틀,1,863000,제일안전,2021-08-13,2021-09-28,46
EST_02577,등받이없는벤치,2,305000,중앙산업,2021-08-13,2021-09-03,21
EST_02578,보호시설물무단횡단방지시설,2,179000,태영테크,2021-08-13,2021-09-17,35
EST_02579,트랜치,1,63000,미래토목,2021-08-13,2021-08-23,10
EST_02580,보차도경계석,2,73000,제일산업,2021-08-14,2021-09-04,21
EST_02581,트랜치,3,238000,도시정비단,2021-08-15,2021-09-23,39
EST_02582,가로수보호덮개,1,90000,신세계시설관리,2021-08-15,2021-08-26,11
EST_02583,보도블록,3,41000,중앙테크,2021-08-15,2021-09-09,25
EST_02584,그네,3,1815000,우신조경,2021-08-15,2022-02-09,178
EST_02585,보호펜스,1,44000,제일안전,2021-08-16,2021-09-09,24
EST_02586,달리기,2,1366000,신세계건설,2021-08-16,2021-10-17,62
EST_02587,등받이없는벤치,2,305000,신세계토목,2021-08-16,2021-09-14,29
EST_02588,미끄럼틀,3,4478000,우신조경,2021-08-16,2021-12-31,137
EST_02589,축구골대,1,909000,미래안전,2021-08-16,2021-09-21,36
EST_02590,보호펜스,3,164000,동화조경,2021-08-16,2021-10-24,69
EST_02591,농구대,1,452000,대명안전,2021-08-18,2021-09-17,30
EST_02592,미끄럼틀,1,795000,우신산업,2021-08-18,2021-10-09,52
EST_02593,등받이없는벤치,3,595000,미래토목,2021-08-18,2021-10-04,47
EST_02594,그네,3,2351000,제일조경,2021-08-19,2022-01-01,135
EST_02595,농구대,1,280000,미래안전,2021-08-19,2021-09-14,26
EST_02596,맨홀,2,491000,신세계조경,2021-08-19,2021-09-18,30
EST_02597,맨홀,3,861000,중앙산업,2021-08-19,2021-10-21,63
EST_02598,보호펜스,2,122000,동화토목,2021-08-19,2021-09-22,34
EST_02599,보호펜스,1,25000,제일테크,2021-08-19,2021-09-15,27
EST_02600,등받이없는벤치,3,439000,대명산업,2021-08-20,2021-10-05,46
EST_02601,트랜치,1,32000,제일안전,2021-08-20,2021-09-01,12
EST_02602,축구골대,1,781000,신세계안전,2021-08-21,2021-09-23,33
EST_02603,등받이있는벤치,1,138000,미래시스템,2021-08-21,2021-09-06,16
EST_02604,축구골대,1,870000,신세계시스템,2021-08-21,2021-09-22,32
EST_02605,등받이없는벤치,1,145000,그린플레이,2021-08-22,2021-09-06,15
EST_02606,농구대,2,993000,한성산업,2021-08-22,2021-10-03,42
EST_02607,미끄럼틀,2,2012000,우신시설관리,2021-08-22,2021-11-25,95
EST_02608,보차도경계석,3,121000,미래시설관리,2021-08-22,2021-10-20,59
EST_02609,맨홀,2,484000,제일테크,2021-08-22,2021-09-21,30
EST_02610,농구대,3,1542000,신세계테크,2021-08-22,2021-10-30,69
EST_02611,축구골대,2,1565000,태영테크,2021-08-23,2021-10-16,54
EST_02612,등받이있는벤치,3,633000,대명테크,2021-08-23,2021-10-03,41
EST_02613,트랜치,1,32000,대명안전,2021-08-23,2021-09-03,11
EST_02614,보도블록,1,15000,미래안전,2021-08-23,2021-09-03,11
EST_02615,보호시설물무단횡단방지시설,2,215000,현대시스템,2021-08-23,2021-09-29,37
EST_02616,등받이있는벤치,2,278000,동화테크,2021-08-23,2021-09-19,27
EST_02617,보도블록,3,51000,대명시설관리,2021-08-23,2021-09-22,30
EST_02618,그네,1,559000,대명테크,2021-08-24,2021-10-17,54
EST_02619,달리기,1,350000,에코시설,2021-08-24,2021-09-25,32
EST_02620,보도블록,1,13000,미래안전,2021-08-24,2021-09-04,11
EST_02621,맨홀,1,216000,제일조경,2021-08-25,2021-09-19,25
EST_02622,등받이없는벤치,3,560000,우신조경,2021-08-25,2021-10-14,50
EST_02623,농구대,1,294000,중앙산업,2021-08-25,2021-09-21,27
EST_02624,미끄럼틀,1,1100000,대명산업,2021-08-25,2021-10-15,51
EST_02625,등받이있는벤치,1,179000,태영테크,2021-08-26,2021-09-12,17
EST_02626,보호시설물볼라드,2,152000,신세계안전,2021-08-26,2021-09-18,23
EST_02627,미끄럼틀,3,4080000,동화조경,2021-08-26,2021-12-30,126
EST_02628,달리기,1,407000,국토개발,2021-08-27,2021-10-03,37
EST_02629,등받이있는벤치,2,336000,태영테크,2021-08-27,2021-09-18,22
EST_02630,맨홀,2,632000,태영건설,2021-08-27,2021-10-03,37
EST_02631,농구대,1,483000,대명안전,2021-08-28,2021-09-26,29
EST_02632,미끄럼틀,3,4016000,대명시설관리,2021-08-29,2022-02-22,177
EST_02633,농구대,2,993000,중앙산업,2021-08-29,2021-10-10,42
EST_02634,보호시설물볼라드,2,137000,동화시설관리,2021-08-29,2021-09-23,25
EST_02635,보도블록,3,65000,대명건설,2021-08-29,2021-10-04,36
EST_02636,가로수보호덮개,2,246000,신세계시설관리,2021-08-29,2021-09-16,18
EST_02637,등받이없는벤치,2,245000,동화시설관리,2021-08-29,2021-09-23,25
EST_02638,축구골대,2,1750000,대명안전,2021-08-29,2021-10-21,53
EST_02639,보호시설물볼라드,2,129000,한성산업,2021-08-30,2021-09-20,21
EST_02640,맨홀,3,949000,도시정비단,2021-08-30,2021-10-19,50
EST_02641,점자블록,1,21000,대명건설,2021-08-30,2021-09-09,10
EST_02642,등받이있는벤치,3,808000,동화시설관리,2021-08-30,2021-10-14,45
EST_02643,트랜치,3,264000,현대시스템,2021-08-30,2021-10-04,35
EST_02644,그네,3,2394000,우신조경,2021-08-30,2021-12-28,120
EST_02645,그네,1,532000,한성토목,2021-08-31,2021-10-26,56
EST_02646,미끄럼틀,2,2509000,제일토목,2021-08-31,2021-12-06,97
EST_02647,보호시설물무단횡단방지시설,2,195000,미래안전,2021-08-31,2021-10-04,34
EST_02648,그네,3,2048000,중앙안전,2021-09-01,2022-02-05,157
EST_02649,미끄럼틀,1,677000,우신시설관리,2021-09-01,2021-10-26,55
EST_02650,맨홀,2,590000,제일산업,2021-09-01,2021-10-01,30
EST_02651,보차도경계석,1,21000,중앙토목,2021-09-01,2021-09-15,14
EST_02652,보호시설물무단횡단방지시설,3,422000,대명산업,2021-09-01,2021-11-07,67
EST_02653,축구골대,2,1578000,현대시스템,2021-09-02,2021-11-04,63
EST_02654,보도블록,1,10000,제일산업,2021-09-02,2021-09-13,11
EST_02655,가로수보호덮개,1,114000,태영건설,2021-09-02,2021-09-14,12
EST_02656,보차도경계석,3,108000,태영안전,2021-09-02,2021-10-23,51
EST_02657,점자블록,1,18000,중앙토목,2021-09-03,2021-09-13,10
EST_02658,보도블록,3,64000,우신시설관리,2021-09-03,2021-10-06,33
EST_02659,맨홀,1,222000,동화테크,2021-09-03,2021-09-24,21
EST_02660,등받이없는벤치,1,124000,대명안전,2021-09-03,2021-09-17,14
EST_02661,맨홀,1,216000,미래토목,2021-09-04,2021-09-24,20
EST_02662,보호펜스,2,105000,신세계건설,2021-09-04,2021-10-05,31
EST_02663,달리기,2,1314000,태영테크,2021-09-04,2021-10-31,57
EST_02664,맨홀,3,951000,미래토목,2021-09-04,2021-10-28,54
EST_02665,보호시설물무단횡단방지시설,2,190000,대명건설,2021-09-04,2021-10-11,37
EST_02666,등받이없는벤치,1,105000,중앙건설,2021-09-05,2021-09-20,15
EST_02667,축구골대,3,3631000,우신테크,2021-09-05,2021-12-07,93
EST_02668,가로수보호덮개,2,240000,대명건설,2021-09-05,2021-09-23,18
EST_02669,가로수보호덮개,3,460000,신세계조경,2021-09-05,2021-10-17,42
EST_02670,맨홀,1,273000,신세계시설관리,2021-09-05,2021-09-27,22
EST_02671,트랜치,3,209000,동화조경,2021-09-05,2021-10-04,29
EST_02672,등받이있는벤치,1,164000,한성안전,2021-09-05,2021-09-21,16
EST_02673,보도블록,2,22000,대명안전,2021-09-06,2021-09-26,20
EST_02674,보호시설물무단횡단방지시설,1,102000,한성시설관리,2021-09-06,2021-09-28,22
EST_02675,등받이있는벤치,2,381000,신세계시스템,2021-09-07,2021-09-28,21
EST_02676,등받이없는벤치,1,127000,신세계조경,2021-09-07,2021-09-22,15
EST_02677,등받이없는벤치,2,307000,미래시스템,2021-09-07,2021-10-04,27
EST_02678,보호시설물볼라드,1,73000,대명안전,2021-09-07,2021-09-22,15
EST_02679,축구골대,2,1750000,신세계시스템,2021-09-08,2021-11-05,58
EST_02680,농구대,1,235000,미래안전,2021-09-08,2021-10-09,31
EST_02681,보차도경계석,1,31000,동화조경,2021-09-08,2021-09-24,16
EST_02682,미끄럼틀,2,2456000,에코시설,2021-09-08,2021-11-24,77
EST_02683,미끄럼틀,3,4312000,신세계토목,2021-09-09,2022-01-15,128
EST_02684,등받이있는벤치,1,165000,제일조경,2021-09-09,2021-09-25,16
EST_02685,등받이있는벤치,1,190000,제일토목,2021-09-09,2021-09-24,15
EST_02686,달리기,3,2793000,동화조경,2021-09-10,2021-12-03,84
EST_02687,맨홀,3,775000,도시정비단,2021-09-10,2021-11-29,80
EST_02688,보도블록,3,56000,제일토목,2021-09-10,2021-10-06,26
EST_02689,등받이없는벤치,1,137000,제일안전,2021-09-10,2021-09-26,16
EST_02690,보호시설물무단횡단방지시설,1,103000,제일조경,2021-09-10,2021-10-03,23
EST_02691,그네,2,1032000,신세계토목,2021-09-11,2021-11-27,77
EST_02692,보호시설물볼라드,1,54000,신세계안전,2021-09-11,2021-09-25,14
EST_02693,축구골대,3,3843000,미래토목,2021-09-11,2021-12-13,93
EST_02694,등받이있는벤치,1,150000,신세계안전,2021-09-12,2021-09-28,16
EST_02695,등받이있는벤치,3,654000,현대시스템,2021-09-12,2021-10-18,36
EST_02696,미끄럼틀,3,3939000,신세계건설,2021-09-12,2022-03-20,189
EST_02697,보호펜스,1,40000,신세계건설,2021-09-13,2021-10-06,23
EST_02698,보호시설물볼라드,2,141000,신세계시스템,2021-09-13,2021-10-13,30
EST_02699,그네,3,1933000,미래토목,2021-09-13,2022-03-23,191
EST_02700,맨홀,3,808000,한성안전,2021-09-13,2021-12-11,89
EST_02701,보호시설물볼라드,3,282000,한성토목,2021-09-13,2021-11-08,56
EST_02702,축구골대,3,3307000,중앙산업,2021-09-14,2022-01-22,130
EST_02703,가로수보호덮개,1,106000,한성산업,2021-09-14,2021-09-25,11
EST_02704,가로수보호덮개,1,67000,에코시설,2021-09-14,2021-09-25,11
EST_02705,보호시설물볼라드,1,60000,한성토목,2021-09-15,2021-09-30,15
EST_02706,보차도경계석,3,128000,중앙테크,2021-09-15,2021-11-09,55
EST_02707,미끄럼틀,1,1217000,도시정비단,2021-09-16,2021-11-05,50
EST_02708,달리기,1,659000,한성산업,2021-09-16,2021-10-21,35
EST_02709,점자블록,2,30000,미래안전,2021-09-16,2021-10-07,21
EST_02710,맨홀,2,607000,미래시설관리,2021-09-16,2021-10-20,34
EST_02711,점자블록,2,33000,신세계테크,2021-09-16,2021-10-07,21
EST_02712,농구대,3,1844000,미래시설관리,2021-09-16,2021-12-25,100
EST_02713,달리기,2,1128000,중앙토목,2021-09-17,2021-11-02,46
EST_02714,가로수보호덮개,1,86000,우신테크,2021-09-17,2021-09-28,11
EST_02715,농구대,3,1794000,동화조경,2021-09-17,2022-01-04,109
EST_02716,보호시설물무단횡단방지시설,1,81000,신세계조경,2021-09-17,2021-10-09,22
EST_02717,축구골대,3,3282000,신세계건설,2021-09-18,2021-12-30,103
EST_02718,등받이있는벤치,1,172000,중앙산업,2021-09-18,2021-10-04,16
EST_02719,농구대,2,988000,현대시스템,2021-09-18,2021-11-01,44
EST_02720,등받이없는벤치,1,136000,신세계시스템,2021-09-18,2021-10-04,16
EST_02721,가로수보호덮개,1,114000,제일시설관리,2021-09-18,2021-09-29,11
EST_02722,보호펜스,1,49000,동화시스템,2021-09-18,2021-10-13,25
EST_02723,맨홀,2,631000,우신시설관리,2021-09-18,2021-10-20,32
EST_02724,보호시설물볼라드,1,50000,한성건설,2021-09-19,2021-10-06,17
EST_02725,점자블록,3,96000,동화조경,2021-09-19,2021-10-22,33
EST_02726,보호시설물무단횡단방지시설,1,73000,신세계안전,2021-09-19,2021-10-10,21
EST_02727,보호시설물볼라드,2,154000,미래시설관리,2021-09-19,2021-10-12,23
EST_02728,보호펜스,2,84000,중앙테크,2021-09-20,2021-10-28,38
EST_02729,보호펜스,2,121000,대명테크,2021-09-20,2021-11-01,42
EST_02730,트랜치,2,93000,대명안전,2021-09-20,2021-10-11,21
EST_02731,달리기,1,726000,우신조경,2021-09-20,2021-10-20,30
EST_02732,보차도경계석,3,143000,제일시설관리,2021-09-21,2021-11-17,57
EST_02733,가로수보호덮개,1,88000,우신시설관리,2021-09-21,2021-10-02,11
EST_02734,보호펜스,1,42000,대명건설,2021-09-21,2021-10-13,22
EST_02735,그네,3,2658000,중앙토목,2021-09-21,2022-01-27,128
EST_02736,보호시설물무단횡단방지시설,2,206000,태영안전,2021-09-21,2021-10-24,33
EST_02737,농구대,1,312000,대명테크,2021-09-21,2021-10-18,27
EST_02738,맨홀,2,558000,태영건설,2021-09-22,2021-10-28,36
EST_02739,그네,3,1993000,신세계안전,2021-09-22,2022-03-04,163
EST_02740,달리기,1,564000,중앙산업,2021-09-22,2021-10-23,31
EST_02741,미끄럼틀,2,2069000,대명산업,2021-09-22,2021-12-02,71
EST_02742,등받이있는벤치,1,186000,국토개발,2021-09-23,2021-10-10,17
EST_02743,달리기,3,2831000,신세계조경,2021-09-23,2022-01-07,106
EST_02744,달리기,3,2095000,현대건설,2021-09-23,2022-01-19,118
EST_02745,보차도경계석,3,149000,도시정비단,2021-09-23,2021-11-13,51
EST_02746,등받이있는벤치,2,410000,동화시스템,2021-09-24,2021-10-23,29
EST_02747,등받이있는벤치,2,295000,제일조경,2021-09-24,2021-10-21,27
EST_02748,보호시설물볼라드,2,135000,신세계시스템,2021-09-25,2021-10-17,22
EST_02749,달리기,3,2561000,도시정비단,2021-09-25,2022-01-04,101
EST_02750,달리기,1,625000,우신조경,2021-09-26,2021-10-30,34
EST_02751,농구대,3,1896000,신세계건설,2021-09-26,2022-01-08,104
EST_02752,보도블록,2,24000,중앙테크,2021-09-26,2021-10-17,21
EST_02753,등받이있는벤치,1,142000,한성건설,2021-09-26,2021-10-10,14
EST_02754,등받이있는벤치,2,405000,중앙건설,2021-09-26,2021-10-19,23
EST_02755,그네,3,1997000,제일시설관리,2021-09-27,2022-02-05,131
EST_02756,농구대,3,1566000,그린플레이,2021-09-27,2021-12-23,87
EST_02757,보호시설물볼라드,2,134000,중앙토목,2021-09-27,2021-10-25,28
EST_02758,보호시설물무단횡단방지시설,1,74000,대명건설,2021-09-27,2021-10-19,22
EST_02759,가로수보호덮개,3,381000,그린플레이,2021-09-28,2021-10-30,32
EST_02760,보차도경계석,3,135000,동화시설관리,2021-09-28,2021-11-10,43
EST_02761,보호시설물볼라드,2,108000,한성토목,2021-09-28,2021-10-19,21
EST_02762,등받이있는벤치,3,739000,신세계시스템,2021-09-29,2021-11-25,57
EST_02763,등받이있는벤치,2,304000,신세계조경,2021-09-30,2021-10-30,30
EST_02764,점자블록,2,46000,중앙건설,2021-09-30,2021-10-20,20
EST_02765,농구대,1,514000,제일테크,2021-09-30,2021-10-29,29
EST_02766,보차도경계석,2,78000,제일테크,2021-09-30,2021-10-21,21
EST_02767,트랜치,3,259000,우신조경,2021-09-30,2021-10-31,31
EST_02768,트랜치,1,50000,신세계안전,2021-09-30,2021-10-11,11
EST_02769,가로수보호덮개,3,385000,대명산업,2021-09-30,2021-10-28,28
EST_02770,맨홀,2,497000,중앙안전,2021-09-30,2021-11-10,41
EST_02771,등받이없는벤치,3,413000,제일산업,2021-09-30,2021-11-10,41
EST_02772,보차도경계석,2,81000,미래시설관리,2021-10-01,2021-10-23,22
EST_02773,가로수보호덮개,1,112000,신세계시설관리,2021-10-01,2021-10-13,12
EST_02774,농구대,3,1870000,중앙안전,2021-10-01,2021-12-16,76
EST_02775,미끄럼틀,3,4252000,미래안전,2021-10-02,2022-04-13,193
EST_02776,농구대,1,400000,한성건설,2021-10-02,2021-10-27,25
EST_02777,보도블록,2,29000,태영테크,2021-10-02,2021-10-20,18
EST_02778,등받이있는벤치,2,414000,대명산업,2021-10-03,2021-10-30,27
EST_02779,그네,2,1367000,대명안전,2021-10-03,2021-12-12,70
EST_02780,가로수보호덮개,2,173000,신세계건설,2021-10-03,2021-10-21,18
EST_02781,보호시설물볼라드,1,70000,중앙안전,2021-10-03,2021-10-20,17
EST_02782,보호펜스,3,192000,태영건설,2021-10-03,2021-12-13,71
EST_02783,보호시설물볼라드,2,119000,현대건설,2021-10-04,2021-10-30,26
EST_02784,농구대,3,1413000,동화시설관리,2021-10-04,2021-12-20,77
EST_02785,등받이있는벤치,1,135000,중앙테크,2021-10-04,2021-10-19,15
EST_02786,점자블록,3,74000,미래안전,2021-10-04,2021-11-05,32
EST_02787,보호시설물볼라드,1,62000,우신산업,2021-10-05,2021-10-22,17
EST_02788,보호시설물볼라드,3,285000,에코시설,2021-10-05,2021-11-12,38
EST_02789,보호시설물볼라드,3,216000,신세계시스템,2021-10-05,2021-11-12,38
EST_02790,가로수보호덮개,3,441000,우신테크,2021-10-05,2021-11-09,35
EST_02791,보호펜스,3,160000,그린플레이,2021-10-06,2021-12-01,56
EST_02792,트랜치,2,125000,동화시스템,2021-10-06,2021-10-21,15
EST_02793,점자블록,2,48000,제일안전,2021-10-06,2021-10-21,15
EST_02794,점자블록,3,77000,미래시스템,2021-10-06,2021-11-18,43
EST_02795,보호시설물무단횡단방지시설,2,193000,신세계테크,2021-10-07,2021-11-14,38
EST_02796,미끄럼틀,1,981000,우신시설관리,2021-10-07,2021-12-01,55
EST_02797,트랜치,3,203000,제일안전,2021-10-07,2021-11-05,29
EST_02798,축구골대,3,2618000,미래안전,2021-10-07,2022-02-01,117
EST_02799,미끄럼틀,3,4052000,신세계토목,2021-10-07,2022-03-24,168
EST_02800,보호시설물볼라드,3,220000,제일안전,2021-10-08,2021-11-30,53
EST_02801,점자블록,2,33000,제일토목,2021-10-08,2021-10-23,15
EST_02802,농구대,3,2096000,현대건설,2021-10-08,2022-01-09,93
EST_02803,보호펜스,2,75000,한성토목,2021-10-08,2021-11-15,38
EST_02804,가로수보호덮개,3,395000,동화테크,2021-10-09,2021-11-10,32
EST_02805,보차도경계석,2,57000,우신테크,2021-10-09,2021-10-30,21
EST_02806,농구대,3,1868000,태영건설,2021-10-09,2022-01-07,90
EST_02807,점자블록,3,81000,신세계조경,2021-10-10,2021-11-08,29
EST_02808,축구골대,1,645000,신세계시설관리,2021-10-10,2021-11-09,30
EST_02809,보호펜스,2,122000,중앙안전,2021-10-10,2021-11-12,33
EST_02810,농구대,1,449000,그린플레이,2021-10-11,2021-11-06,26
EST_02811,가로수보호덮개,1,107000,신세계건설,2021-10-11,2021-10-23,12
EST_02812,가로수보호덮개,2,204000,신세계테크,2021-10-11,2021-10-31,20
EST_02813,미끄럼틀,2,1915000,미래토목,2021-10-11,2022-01-04,85
EST_02814,맨홀,3,1059000,대명시설관리,2021-10-11,2022-01-01,82
EST_02815,점자블록,1,17000,신세계건설,2021-10-11,2021-10-22,11
EST_02816,농구대,1,358000,대명테크,2021-10-11,2021-11-10,30
EST_02817,보도블록,3,45000,제일조경,2021-10-11,2021-11-12,32
EST_02818,가로수보호덮개,1,80000,동화시설관리,2021-10-12,2021-10-24,12
EST_02819,점자블록,3,67000,대명안전,2021-10-13,2021-11-08,26
EST_02820,등받이있는벤치,2,335000,중앙토목,2021-10-13,2021-11-05,23
EST_02821,축구골대,2,1767000,제일안전,2021-10-13,2021-12-14,62
EST_02822,등받이없는벤치,2,278000,미래토목,2021-10-13,2021-11-03,21
EST_02823,보도블록,3,56000,국토개발,2021-10-14,2021-11-10,27
EST_02824,등받이있는벤치,1,190000,태영안전,2021-10-14,2021-10-29,15
EST_02825,등받이없는벤치,3,414000,한성건설,2021-10-15,2021-12-11,57
EST_02826,보도블록,2,20000,동화토목,2021-10-15,2021-10-30,15
EST_02827,그네,3,1701000,신세계안전,2021-10-15,2022-05-01,198
EST_02828,보차도경계석,1,33000,대명시설관리,2021-10-15,2021-11-01,17
EST_02829,농구대,1,434000,신세계건설,2021-10-15,2021-11-13,29
EST_02830,미끄럼틀,2,2185000,신세계안전,2021-10-16,2022-01-12,88
EST_02831,그네,1,388000,제일토목,2021-10-16,2021-12-11,56
EST_02832,등받이있는벤치,2,447000,중앙토목,2021-10-16,2021-11-10,25
EST_02833,맨홀,1,267000,동화시스템,2021-10-16,2021-11-07,22
EST_02834,보차도경계석,1,35000,우신조경,2021-10-17,2021-11-01,15
EST_02835,트랜치,1,32000,신세계테크,2021-10-17,2021-10-29,12
EST_02836,보도블록,1,12000,제일산업,2021-10-17,2021-10-28,11
EST_02837,보호펜스,1,43000,중앙안전,2021-10-17,2021-11-11,25
EST_02838,점자블록,2,36000,신세계토목,2021-10-17,2021-11-01,15
EST_02839,보도블록,3,49000,중앙테크,2021-10-17,2021-11-16,30
EST_02840,등받이없는벤치,3,616000,대명산업,2021-10-17,2021-12-01,45
EST_02841,보차도경계석,3,112000,태영건설,2021-10-18,2021-12-12,55
EST_02842,보호시설물무단횡단방지시설,1,136000,현대시스템,2021-10-18,2021-11-08,21
EST_02843,보차도경계석,1,37000,그린플레이,2021-10-18,2021-11-02,15
EST_02844,가로수보호덮개,1,111000,제일토목,2021-10-18,2021-10-28,10
EST_02845,축구골대,2,1693000,대명안전,2021-10-18,2021-12-18,61
EST_02846,보호시설물무단횡단방지시설,1,113000,대명건설,2021-10-18,2021-11-13,26
EST_02847,등받이있는벤치,2,412000,대명산업,2021-10-18,2021-11-11,24
EST_02848,미끄럼틀,2,1760000,도시정비단,2021-10-19,2022-01-23,96
EST_02849,보호시설물무단횡단방지시설,3,517000,한성건설,2021-10-19,2022-01-04,77
EST_02850,맨홀,1,143000,한성산업,2021-10-19,2021-11-12,24
EST_02851,맨홀,2,499000,태영안전,2021-10-19,2021-11-22,34
EST_02852,농구대,1,527000,동화시설관리,2021-10-20,2021-11-15,26
EST_02853,보호시설물무단횡단방지시설,1,70000,중앙안전,2021-10-20,2021-11-11,22
EST_02854,등받이없는벤치,3,488000,제일토목,2021-10-21,2021-12-03,43
EST_02855,트랜치,1,39000,미래토목,2021-10-21,2021-11-02,12
EST_02856,미끄럼틀,2,1981000,한성산업,2021-10-22,2022-01-01,71
EST_02857,달리기,3,3076000,신세계안전,2021-10-22,2022-02-28,129
EST_02858,등받이없는벤치,2,271000,중앙안전,2021-10-22,2021-11-17,26
EST_02859,등받이있는벤치,3,678000,미래시스템,2021-10-22,2021-12-04,43
EST_02860,보차도경계석,3,105000,동화조경,2021-10-22,2021-12-01,40
EST_02861,가로수보호덮개,2,205000,한성산업,2021-10-22,2021-11-07,16
EST_02862,등받이있는벤치,3,796000,동화테크,2021-10-22,2021-12-22,61
EST_02863,축구골대,3,2809000,태영테크,2021-10-22,2022-02-07,108
EST_02864,미끄럼틀,3,4970000,대명건설,2021-10-22,2022-05-05,195
EST_02865,가로수보호덮개,2,224000,한성건설,2021-10-23,2021-11-12,20
EST_02866,보도블록,3,50000,신세계건설,2021-10-23,2021-12-06,44
EST_02867,보호시설물무단횡단방지시설,1,64000,신세계토목,2021-10-23,2021-11-15,23
EST_02868,등받이있는벤치,2,433000,동화조경,2021-10-23,2021-11-20,28
EST_02869,점자블록,3,73000,대명테크,2021-10-23,2021-12-05,43
EST_02870,등받이있는벤치,3,582000,신세계건설,2021-10-23,2021-12-04,42
EST_02871,축구골대,2,1907000,현대시스템,2021-10-24,2021-12-28,65
EST_02872,보도블록,3,46000,대명테크,2021-10-24,2021-12-03,40
EST_02873,미끄럼틀,1,617000,대명테크,2021-10-24,2021-12-14,51
EST_02874,맨홀,1,196000,동화토목,2021-10-24,2021-11-13,20
EST_02875,트랜치,3,259000,한성건설,2021-10-24,2021-11-22,29
EST_02876,가로수보호덮개,2,170000,동화테크,2021-10-24,2021-11-08,15
EST_02877,농구대,3,1839000,태영건설,2021-10-24,2022-01-29,97
EST_02878,점자블록,3,64000,대명안전,2021-10-25,2021-11-20,26
EST_02879,보호시설물무단횡단방지시설,3,413000,우신산업,2021-10-25,2022-01-12,79
EST_02880,그네,3,2051000,태영건설,2021-10-25,2022-03-12,138
EST_02881,축구골대,2,1838000,한성건설,2021-10-25,2021-12-26,62
EST_02882,보차도경계석,1,38000,신세계토목,2021-10-26,2021-11-12,17
EST_02883,보호펜스,1,30000,동화토목,2021-10-26,2021-11-17,22
EST_02884,보호시설물무단횡단방지시설,2,182000,신세계건설,2021-10-26,2021-12-10,45
EST_02885,트랜치,3,265000,한성건설,2021-10-26,2021-11-30,35
EST_02886,달리기,1,635000,제일테크,2021-10-26,2021-12-02,37
EST_02887,등받이없는벤치,2,313000,한성안전,2021-10-26,2021-11-23,28
EST_02888,달리기,3,2614000,제일조경,2021-10-27,2022-02-25,121
EST_02889,보도블록,3,44000,대명테크,2021-10-27,2021-12-03,37
EST_02890,보도블록,3,63000,제일조경,2021-10-27,2021-12-07,41
EST_02891,보호펜스,2,106000,에코시설,2021-10-27,2021-12-09,43
EST_02892,등받이없는벤치,1,93000,신세계안전,2021-10-28,2021-11-12,15
EST_02893,맨홀,1,237000,신세계토목,2021-10-28,2021-11-19,22
EST_02894,보도블록,2,29000,미래시스템,2021-10-28,2021-11-15,18
EST_02895,보도블록,1,13000,우신테크,2021-10-29,2021-11-09,11
EST_02896,그네,3,1785000,대명안전,2021-10-29,2022-05-04,187
EST_02897,맨홀,2,576000,우신산업,2021-10-29,2021-12-07,39
EST_02898,보차도경계석,1,33000,제일산업,2021-10-29,2021-11-13,15
EST_02899,트랜치,2,126000,미래시설관리,2021-10-29,2021-11-16,18
EST_02900,보도블록,3,60000,미래토목,2021-10-29,2021-12-11,43
EST_02901,등받이없는벤치,1,115000,제일산업,2021-10-29,2021-11-13,15
EST_02902,농구대,1,391000,신세계테크,2021-10-30,2021-11-30,31
EST_02903,보호시설물볼라드,1,54000,우신산업,2021-10-30,2021-11-15,16
EST_02904,미끄럼틀,1,960000,우신테크,2021-10-30,2021-12-19,50
EST_02905,트랜치,1,63000,한성건설,2021-10-30,2021-11-10,11
EST_02906,등받이없는벤치,3,511000,제일테크,2021-10-30,2021-12-13,44
EST_02907,보호시설물볼라드,1,39000,한성시설관리,2021-10-30,2021-11-15,16
EST_02908,미끄럼틀,1,1119000,에코시설,2021-10-30,2021-12-21,52
EST_02909,점자블록,1,18000,동화시스템,2021-10-30,2021-11-10,11
EST_02910,보호시설물볼라드,2,110000,한성산업,2021-10-31,2021-11-26,26
EST_02911,달리기,2,1193000,신세계안전,2021-10-31,2021-12-31,61
EST_02912,보호시설물볼라드,3,275000,신세계시설관리,2021-10-31,2021-12-05,35
EST_02913,보차도경계석,1,36000,미래안전,2021-10-31,2021-11-16,16
EST_02914,보호펜스,2,120000,태영안전,2021-10-31,2021-12-04,34
EST_02915,등받이없는벤치,3,412000,제일테크,2021-10-31,2021-12-23,53
EST_02916,맨홀,3,938000,현대시스템,2021-10-31,2022-01-22,83
EST_02917,등받이없는벤치,3,498000,대명건설,2021-11-01,2021-12-13,42
EST_02918,농구대,1,477000,제일조경,2021-11-01,2021-11-26,25
EST_02919,트랜치,2,104000,제일시설관리,2021-11-01,2021-11-22,21
EST_02920,보차도경계석,3,138000,한성토목,2021-11-01,2021-12-14,43
EST_02921,맨홀,3,786000,대명시설관리,2021-11-01,2021-12-26,55
EST_02922,미끄럼틀,2,2187000,신세계조경,2021-11-02,2022-01-28,87
EST_02923,가로수보호덮개,3,341000,태영테크,2021-11-02,2021-12-09,37
EST_02924,미끄럼틀,3,4578000,제일조경,2021-11-02,2022-04-30,179
EST_02925,보호시설물무단횡단방지시설,3,478000,우신산업,2021-11-02,2022-01-12,71
EST_02926,트랜치,1,33000,우신시설관리,2021-11-02,2021-11-14,12
EST_02927,보호펜스,2,77000,태영테크,2021-11-03,2021-12-06,33
EST_02928,보도블록,2,32000,미래안전,2021-11-03,2021-11-22,19
EST_02929,보호시설물볼라드,3,195000,신세계테크,2021-11-03,2021-12-30,57
EST_02930,농구대,3,2022000,제일산업,2021-11-04,2022-01-10,67
EST_02931,미끄럼틀,3,4543000,신세계테크,2021-11-04,2022-05-01,178
EST_02932,트랜치,1,58000,제일시설관리,2021-11-04,2021-11-16,12
EST_02933,그네,2,945000,중앙건설,2021-11-04,2022-01-28,85
EST_02934,등받이있는벤치,3,662000,한성건설,2021-11-05,2021-12-10,35
EST_02935,달리기,3,2685000,우신산업,2021-11-05,2022-02-26,113
EST_02936,그네,2,1133000,제일조경,2021-11-06,2022-01-15,70
EST_02937,등받이있는벤치,1,141000,우신시설관리,2021-11-06,2021-11-20,14
EST_02938,등받이없는벤치,1,96000,현대건설,2021-11-06,2021-11-20,14
EST_02939,가로수보호덮개,3,386000,제일시설관리,2021-11-07,2021-12-15,38
EST_02940,그네,3,2028000,신세계시설관리,2021-11-07,2022-04-12,156
EST_02941,보호시설물볼라드,3,304000,도시정비단,2021-11-07,2021-12-14,37
EST_02942,맨홀,3,1079000,대명안전,2021-11-08,2022-01-02,55
EST_02943,등받이없는벤치,1,148000,에코시설,2021-11-08,2021-11-24,16
EST_02944,그네,1,366000,대명안전,2021-11-08,2021-12-23,45
EST_02945,미끄럼틀,2,2666000,동화테크,2021-11-08,2022-01-22,75
EST_02946,축구골대,3,4083000,중앙건설,2021-11-08,2022-03-19,131
EST_02947,보차도경계석,3,147000,대명시설관리,2021-11-08,2021-12-18,40
EST_02948,농구대,2,1119000,그린플레이,2021-11-09,2021-12-21,42
EST_02949,축구골대,3,2665000,대명산업,2021-11-09,2022-02-17,100
EST_02950,보호펜스,3,235000,동화시스템,2021-11-10,2022-01-31,82
EST_02951,트랜치,2,92000,현대시스템,2021-11-10,2021-11-28,18
EST_02952,미끄럼틀,2,1625000,한성건설,2021-11-10,2022-02-03,85
EST_02953,보호시설물볼라드,3,278000,대명건설,2021-11-10,2021-12-23,43
EST_02954,보도블록,1,9000,동화조경,2021-11-10,2021-11-22,12
EST_02955,보호시설물볼라드,1,42000,미래시스템,2021-11-11,2021-11-28,17
EST_02956,보도블록,3,43000,미래안전,2021-11-11,2021-12-25,44
EST_02957,그네,1,518000,태영안전,2021-11-11,2022-01-06,56
EST_02958,달리기,1,500000,한성토목,2021-11-11,2021-12-14,33
EST_02959,맨홀,1,168000,중앙안전,2021-11-11,2021-12-01,20
EST_02960,보도블록,3,53000,그린플레이,2021-11-11,2021-12-25,44
EST_02961,맨홀,1,179000,중앙산업,2021-11-12,2021-12-03,21
EST_02962,보도블록,2,26000,우신조경,2021-11-12,2021-11-28,16
EST_02963,그네,3,1945000,대명테크,2021-11-13,2022-05-20,188
EST_02964,보호시설물볼라드,2,104000,미래안전,2021-11-13,2021-12-09,26
EST_02965,점자블록,1,11000,제일시설관리,2021-11-13,2021-11-23,10
EST_02966,등받이없는벤치,1,111000,중앙테크,2021-11-13,2021-11-29,16
EST_02967,보차도경계석,1,36000,신세계조경,2021-11-13,2021-11-28,15
EST_02968,보도블록,3,54000,한성시설관리,2021-11-13,2021-12-08,25
EST_02969,점자블록,2,32000,태영안전,2021-11-14,2021-12-01,17
EST_02970,축구골대,3,3233000,신세계시설관리,2021-11-14,2022-02-06,84
EST_02971,보호시설물볼라드,1,59000,신세계테크,2021-11-15,2021-11-29,14
EST_02972,점자블록,1,10000,제일토목,2021-11-15,2021-11-26,11
EST_02973,달리기,3,3106000,우신산업,2021-11-15,2022-03-23,128
EST_02974,보도블록,2,28000,중앙토목,2021-11-15,2021-12-06,21
EST_02975,맨홀,3,1190000,동화시스템,2021-11-15,2022-01-22,68
EST_02976,보도블록,3,64000,신세계토목,2021-11-16,2021-12-11,25
EST_02977,점자블록,1,11000,한성시설관리,2021-11-17,2021-11-27,10
EST_02978,미끄럼틀,3,5199000,대명안전,2021-11-18,2022-04-26,159
EST_02979,가로수보호덮개,1,83000,신세계건설,2021-11-18,2021-11-30,12
EST_02980,보호펜스,3,195000,중앙산업,2021-11-18,2022-02-12,86
EST_02981,축구골대,3,2916000,태영안전,2021-11-18,2022-03-28,130
EST_02982,축구골대,2,1892000,신세계시스템,2021-11-18,2022-01-21,64
EST_02983,등받이있는벤치,3,817000,대명건설,2021-11-19,2022-01-05,47
EST_02984,등받이없는벤치,1,145000,신세계테크,2021-11-19,2021-12-05,16
EST_02985,보도블록,2,23000,동화조경,2021-11-19,2021-12-04,15
EST_02986,보차도경계석,3,163000,제일토목,2021-11-19,2022-01-11,53
EST_02987,트랜치,3,238000,동화조경,2021-11-19,2021-12-26,37
EST_02988,보차도경계석,2,57000,대명건설,2021-11-19,2021-12-12,23
EST_02989,보차도경계석,2,51000,우신테크,2021-11-20,2021-12-18,28
EST_02990,보호시설물볼라드,1,49000,동화시스템,2021-11-20,2021-12-07,17
EST_02991,보호시설물무단횡단방지시설,2,230000,대명안전,2021-11-20,2021-12-27,37
EST_02992,달리기,3,3202000,우신테크,2021-11-20,2022-02-20,92
EST_02993,보차도경계석,2,55000,그린플레이,2021-11-21,2021-12-15,24
EST_02994,미끄럼틀,3,3674000,중앙안전,2021-11-21,2022-05-28,188
EST_02995,그네,3,1893000,그린플레이,2021-11-21,2022-06-10,201
EST_02996,달리기,1,374000,신세계안전,2021-11-21,2021-12-22,31
EST_02997,트랜치,3,268000,미래토목,2021-11-22,2021-12-19,27
EST_02998,트랜치,3,218000,에코시설,2021-11-22,2022-01-01,40
EST_02999,보차도경계석,1,19000,대명산업,2021-11-23,2021-12-09,16
EST_03000,달리기,2,1208000,우신산업,2021-11-23,2022-01-10,48
EST_03001,맨홀,3,1164000,대명건설,2021-11-23,2022-01-28,66
EST_03002,보차도경계석,2,60000,동화시스템,2021-11-23,2021-12-16,23
EST_03003,보차도경계석,3,105000,동화테크,2021-11-23,2021-12-30,37
EST_03004,농구대,1,243000,중앙산업,2021-11-23,2021-12-21,28
EST_03005,트랜치,3,198000,동화조경,2021-11-23,2021-12-30,37
EST_03006,점자블록,3,71000,중앙토목,2021-11-24,2021-12-27,33
EST_03007,가로수보호덮개,3,363000,우신테크,2021-11-24,2021-12-21,27
EST_03008,농구대,1,386000,제일안전,2021-11-24,2021-12-20,26
EST_03009,등받이있는벤치,3,612000,동화토목,2021-11-24,2022-01-11,48
EST_03010,달리기,2,1094000,동화시스템,2021-11-25,2022-01-18,54
EST_03011,미끄럼틀,3,4849000,미래토목,2021-11-25,2022-05-02,158
EST_03012,보호시설물볼라드,1,65000,제일조경,2021-11-25,2021-12-11,16
EST_03013,등받이없는벤치,2,218000,중앙테크,2021-11-25,2021-12-22,27
EST_03014,그네,2,1172000,제일테크,2021-11-25,2022-03-02,97
EST_03015,보도블록,1,8000,동화조경,2021-11-26,2021-12-07,11
EST_03016,보호펜스,1,56000,신세계토목,2021-11-26,2021-12-22,26
EST_03017,미끄럼틀,2,1786000,동화시스템,2021-11-26,2022-03-03,97
EST_03018,보차도경계석,3,132000,한성토목,2021-11-26,2022-01-23,58
EST_03019,트랜치,3,172000,한성토목,2021-11-26,2022-01-07,42
EST_03020,등받이없는벤치,1,104000,대명테크,2021-11-26,2021-12-10,14
EST_03021,보차도경계석,3,134000,한성산업,2021-11-27,2022-01-02,36
EST_03022,달리기,2,1173000,우신테크,2021-11-27,2022-01-19,53
EST_03023,달리기,2,1187000,제일시설관리,2021-11-27,2022-01-17,51
EST_03024,축구골대,3,2850000,동화테크,2021-11-28,2022-02-14,78
EST_03025,점자블록,1,15000,신세계건설,2021-11-28,2021-12-10,12
EST_03026,맨홀,1,158000,한성시설관리,2021-11-28,2021-12-23,25
EST_03027,등받이없는벤치,3,508000,중앙건설,2021-11-28,2022-01-12,45
EST_03028,보호펜스,1,48000,대명건설,2021-11-28,2021-12-21,23
EST_03029,미끄럼틀,1,1232000,한성안전,2021-11-29,2022-01-14,46
EST_03030,등받이없는벤치,3,514000,태영테크,2021-11-29,2022-01-05,37
EST_03031,맨홀,2,416000,제일안전,2021-11-29,2022-01-10,42
EST_03032,보호시설물볼라드,1,63000,제일안전,2021-11-29,2021-12-15,16
EST_03033,달리기,1,655000,신세계건설,2021-11-29,2021-12-29,30
EST_03034,보호시설물무단횡단방지시설,1,59000,우신조경,2021-11-29,2021-12-23,24
EST_03035,트랜치,3,180000,동화조경,2021-11-30,2022-01-08,39
EST_03036,축구골대,3,3292000,그린플레이,2021-11-30,2022-03-05,95
EST_03037,점자블록,2,46000,현대건설,2021-11-30,2021-12-20,20
EST_03038,달리기,2,1233000,신세계테크,2021-11-30,2022-01-26,57
EST_03039,맨홀,3,1042000,한성건설,2021-11-30,2022-01-29,60
EST_03040,등받이없는벤치,2,229000,한성산업,2021-11-30,2021-12-27,27
EST_03041,농구대,2,1111000,대명산업,2021-11-30,2022-01-06,37
EST_03042,보호시설물무단횡단방지시설,1,134000,태영건설,2021-12-01,2021-12-24,23
EST_03043,보차도경계석,2,79000,에코시설,2021-12-01,2021-12-28,27
EST_03044,보호시설물무단횡단방지시설,1,119000,중앙산업,2021-12-02,2021-12-27,25
EST_03045,축구골대,1,706000,한성건설,2021-12-02,2022-01-04,33
EST_03046,트랜치,3,216000,중앙안전,2021-12-03,2022-01-06,34
EST_03047,등받이없는벤치,2,322000,동화테크,2021-12-03,2021-12-28,25
EST_03048,축구골대,3,3001000,한성건설,2021-12-03,2022-03-24,111
EST_03049,축구골대,2,1357000,한성시설관리,2021-12-03,2022-01-25,53
EST_03050,트랜치,3,178000,에코시설,2021-12-03,2022-01-01,29
EST_03051,축구골대,1,971000,중앙건설,2021-12-04,2022-01-11,38
EST_03052,트랜치,2,86000,한성산업,2021-12-04,2021-12-21,17
EST_03053,보호펜스,2,116000,대명산업,2021-12-04,2022-01-08,35
EST_03054,보호펜스,2,108000,제일테크,2021-12-04,2022-01-07,34
EST_03055,등받이있는벤치,1,201000,신세계안전,2021-12-04,2021-12-21,17
EST_03056,보호시설물볼라드,1,71000,대명안전,2021-12-04,2021-12-18,14
EST_03057,트랜치,3,267000,제일테크,2021-12-05,2022-01-05,31
EST_03058,보도블록,3,50000,현대시스템,2021-12-05,2022-01-18,44
EST_03059,보호시설물무단횡단방지시설,1,89000,대명산업,2021-12-05,2021-12-30,25
EST_03060,보차도경계석,1,30000,우신테크,2021-12-05,2021-12-22,17
EST_03061,맨홀,3,1190000,우신조경,2021-12-05,2022-02-20,77
EST_03062,달리기,2,1045000,신세계시설관리,2021-12-06,2022-01-23,48
EST_03063,보호펜스,1,28000,제일안전,2021-12-06,2021-12-29,23
EST_03064,트랜치,2,109000,우신산업,2021-12-06,2021-12-26,20
EST_03065,등받이있는벤치,3,624000,우신조경,2021-12-06,2022-01-19,44
EST_03066,맨홀,1,182000,신세계건설,2021-12-06,2021-12-26,20
EST_03067,농구대,3,1695000,제일테크,2021-12-06,2022-02-27,83
EST_03068,달리기,3,2762000,동화조경,2021-12-06,2022-04-03,118
EST_03069,트랜치,2,136000,한성산업,2021-12-07,2021-12-25,18
EST_03070,보차도경계석,3,118000,우신조경,2021-12-07,2022-02-01,56
EST_03071,보차도경계석,1,20000,중앙테크,2021-12-08,2021-12-24,16
EST_03072,등받이없는벤치,3,532000,중앙산업,2021-12-08,2022-01-23,46
EST_03073,보호시설물볼라드,1,36000,제일안전,2021-12-09,2021-12-26,17
EST_03074,농구대,2,749000,미래토목,2021-12-09,2022-01-18,40
EST_03075,축구골대,2,1935000,제일토목,2021-12-09,2022-02-04,57
EST_03076,축구골대,2,1511000,중앙안전,2021-12-09,2022-02-08,61
EST_03077,보호시설물볼라드,2,123000,우신산업,2021-12-09,2021-12-31,22
EST_03078,달리기,3,2290000,대명시설관리,2021-12-09,2022-04-06,118
EST_03079,맨홀,3,906000,제일테크,2021-12-10,2022-02-16,68
EST_03080,그네,2,1324000,신세계시스템,2021-12-10,2022-03-09,89
EST_03081,달리기,1,625000,한성토목,2021-12-10,2022-01-12,33
EST_03082,미끄럼틀,3,4947000,신세계건설,2021-12-10,2022-04-10,121
EST_03083,등받이있는벤치,1,102000,태영안전,2021-12-10,2021-12-26,16
EST_03084,보호펜스,2,87000,제일시설관리,2021-12-11,2022-01-25,45
EST_03085,맨홀,3,1208000,제일산업,2021-12-11,2022-02-09,60
EST_03086,보도블록,3,57000,대명건설,2021-12-11,2022-01-05,25
EST_03087,미끄럼틀,1,588000,태영건설,2021-12-12,2022-02-02,52
EST_03088,트랜치,1,43000,중앙테크,2021-12-12,2021-12-22,10
EST_03089,트랜치,3,246000,중앙테크,2021-12-12,2022-01-17,36
EST_03090,트랜치,3,263000,제일조경,2021-12-12,2022-01-12,31
EST_03091,트랜치,1,35000,미래안전,2021-12-12,2021-12-23,11
EST_03092,그네,2,1366000,신세계건설,2021-12-13,2022-03-07,84
EST_03093,점자블록,3,61000,우신산업,2021-12-13,2022-01-07,25
EST_03094,미끄럼틀,2,2376000,동화시스템,2021-12-13,2022-03-13,90
EST_03095,보호시설물무단횡단방지시설,2,224000,대명테크,2021-12-13,2022-01-20,38
EST_03096,등받이있는벤치,1,187000,동화테크,2021-12-13,2021-12-27,14
EST_03097,축구골대,3,3725000,우신테크,2021-12-14,2022-02-28,76
EST_03098,축구골대,3,3530000,대명테크,2021-12-14,2022-04-07,114
EST_03099,트랜치,3,225000,동화시스템,2021-12-15,2022-01-24,40
EST_03100,보차도경계석,3,156000,중앙건설,2021-12-15,2022-01-29,45
EST_03101,보호펜스,2,83000,한성토목,2021-12-15,2022-01-17,33
EST_03102,보호시설물볼라드,3,270000,우신산업,2021-12-15,2022-02-11,58
EST_03103,점자블록,3,64000,태영테크,2021-12-15,2022-01-27,43
EST_03104,보도블록,2,26000,동화시스템,2021-12-15,2021-12-31,16
EST_03105,가로수보호덮개,3,355000,동화토목,2021-12-16,2022-01-20,35
EST_03106,트랜치,1,59000,대명테크,2021-12-16,2021-12-26,10
EST_03107,트랜치,1,48000,우신시설관리,2021-12-16,2021-12-26,10
EST_03108,달리기,2,1662000,제일토목,2021-12-16,2022-02-19,65
EST_03109,농구대,2,997000,신세계시설관리,2021-12-17,2022-02-08,53
EST_03110,보호시설물볼라드,3,218000,대명산업,2021-12-17,2022-02-10,55
EST_03111,트랜치,3,196000,신세계토목,2021-12-17,2022-01-11,25
EST_03112,보호시설물무단횡단방지시설,2,285000,현대건설,2021-12-17,2022-01-25,39
EST_03113,등받이없는벤치,3,400000,신세계안전,2021-12-17,2022-01-23,37
EST_03114,보도블록,1,9000,도시정비단,2021-12-17,2021-12-29,12
EST_03115,보호시설물무단횡단방지시설,1,121000,신세계조경,2021-12-18,2022-01-08,21
EST_03116,보도블록,2,27000,신세계시스템,2021-12-18,2022-01-04,17
EST_03117,등받이있는벤치,1,135000,신세계건설,2021-12-18,2022-01-02,15
EST_03118,달리기,3,3088000,제일테크,2021-12-18,2022-04-26,129
EST_03119,보도블록,1,12000,한성안전,2021-12-18,2021-12-30,12
EST_03120,축구골대,1,643000,국토개발,2021-12-19,2022-01-20,32
EST_03121,축구골대,2,1454000,동화시설관리,2021-12-19,2022-02-12,55
EST_03122,점자블록,2,38000,제일안전,2021-12-19,2022-01-05,17
EST_03123,보호펜스,1,30000,그린플레이,2021-12-19,2022-01-13,25
EST_03124,미끄럼틀,1,857000,제일산업,2021-12-19,2022-02-08,51
EST_03125,보도블록,3,66000,대명건설,2021-12-19,2022-01-18,30
EST_03126,점자블록,3,60000,신세계조경,2021-12-20,2022-01-14,25
EST_03127,보호시설물볼라드,1,63000,대명건설,2021-12-20,2022-01-05,16
EST_03128,농구대,2,921000,동화조경,2021-12-20,2022-02-03,45
EST_03129,보도블록,2,30000,대명테크,2021-12-20,2022-01-08,19
EST_03130,맨홀,1,207000,미래시스템,2021-12-20,2022-01-11,22
EST_03131,달리기,2,1384000,동화테크,2021-12-20,2022-02-06,48
EST_03132,보호펜스,1,44000,대명안전,2021-12-20,2022-01-16,27
EST_03133,보호시설물볼라드,1,48000,한성건설,2021-12-20,2022-01-05,16
EST_03134,점자블록,2,45000,신세계시스템,2021-12-21,2022-01-08,18
EST_03135,가로수보호덮개,3,451000,우신테크,2021-12-21,2022-01-27,37
EST_03136,보호시설물무단횡단방지시설,1,109000,신세계건설,2021-12-21,2022-01-15,25
EST_03137,맨홀,3,934000,신세계시설관리,2021-12-22,2022-03-08,76
EST_03138,가로수보호덮개,2,209000,태영테크,2021-12-22,2022-01-06,15
EST_03139,등받이없는벤치,1,135000,현대시스템,2021-12-22,2022-01-05,14
EST_03140,보도블록,2,26000,한성건설,2021-12-22,2022-01-12,21
EST_03141,달리기,1,585000,현대건설,2021-12-23,2022-01-22,30
EST_03142,축구골대,2,1940000,동화토목,2021-12-23,2022-02-16,55
EST_03143,미끄럼틀,2,2001000,미래토목,2021-12-23,2022-03-17,84
EST_03144,등받이없는벤치,2,211000,한성안전,2021-12-23,2022-01-20,28
EST_03145,트랜치,1,48000,미래시스템,2021-12-23,2022-01-02,10
EST_03146,보호펜스,1,33000,중앙건설,2021-12-24,2022-01-15,22
EST_03147,가로수보호덮개,1,113000,동화시스템,2021-12-25,2022-01-05,11
EST_03148,보호펜스,3,175000,현대시스템,2021-12-25,2022-03-16,81
EST_03149,그네,2,1003000,대명테크,2021-12-25,2022-03-07,72
EST_03150,보호시설물볼라드,2,98000,동화시설관리,2021-12-25,2022-01-21,27
EST_03151,축구골대,1,735000,제일토목,2021-12-26,2022-01-29,34
EST_03152,가로수보호덮개,1,89000,신세계안전,2021-12-26,2022-01-07,12
EST_03153,보호시설물무단횡단방지시설,2,210000,우신테크,2021-12-26,2022-01-30,35
EST_03154,보호시설물볼라드,1,65000,한성토목,2021-12-26,2022-01-12,17
EST_03155,달리기,2,1516000,중앙테크,2021-12-26,2022-02-17,53
EST_03156,보차도경계석,3,158000,중앙산업,2021-12-27,2022-02-21,56
EST_03157,보도블록,3,45000,중앙건설,2021-12-27,2022-01-23,27
EST_03158,보도블록,1,9000,에코시설,2021-12-27,2022-01-08,12
EST_03159,트랜치,3,182000,대명산업,2021-12-27,2022-01-21,25
EST_03160,그네,3,1798000,제일토목,2021-12-27,2022-05-13,137
EST_03161,그네,2,986000,신세계조경,2021-12-27,2022-03-11,74
EST_03162,보호펜스,2,105000,우신테크,2021-12-27,2022-02-08,43
EST_03163,달리기,1,528000,대명테크,2021-12-27,2022-02-03,38
EST_03164,보호시설물볼라드,3,255000,한성시설관리,2021-12-28,2022-02-20,54
EST_03165,보차도경계석,2,68000,동화시스템,2021-12-28,2022-01-25,28
EST_03166,보호시설물볼라드,2,160000,중앙안전,2021-12-28,2022-01-24,27
EST_03167,농구대,2,809000,현대건설,2021-12-28,2022-02-18,52
EST_03168,축구골대,3,3408000,동화조경,2021-12-29,2022-03-22,83
EST_03169,축구골대,3,4085000,신세계건설,2021-12-29,2022-04-04,96
EST_03170,보차도경계석,3,102000,동화시스템,2021-12-29,2022-02-12,45
EST_03171,트랜치,1,40000,한성산업,2021-12-29,2022-01-10,12
EST_03172,농구대,2,1151000,한성시설관리,2021-12-30,2022-02-17,49
EST_03173,등받이없는벤치,2,237000,동화조경,2021-12-30,2022-01-27,28
EST_03174,보호시설물볼라드,3,223000,동화시설관리,2021-12-30,2022-02-17,49
EST_03175,달리기,1,599000,미래시스템,2021-12-31,2022-02-06,37
EST_03176,트랜치,1,64000,제일산업,2021-12-31,2022-01-10,10
EST_03177,미끄럼틀,3,3304000,제일토목,2021-12-31,2022-06-17,168
EST_03178,미끄럼틀,1,1205000,제일안전,2021-12-31,2022-02-26,57
EST_03179,미끄럼틀,2,2588000,한성안전,2021-12-31,2022-03-27,86
EST_03180,달리기,1,478000,동화토목,2021-12-31,2022-02-02,33
EST_03181,등받이없는벤치,1,101000,중앙산업,2021-12-31,2022-01-18,18
EST_03182,그네,3,2548000,한성시설관리,2022-01-01,2022-06-23,173
EST_03183,가로수보호덮개,1,59000,미래안전,2022-01-01,2022-01-13,12
EST_03184,농구대,2,742000,미래시스템,2022-01-01,2022-02-14,44
EST_03185,미끄럼틀,1,1175000,우신산업,2022-01-01,2022-02-20,50
EST_03186,보도블록,3,64000,우신산업,2022-01-01,2022-02-02,32
EST_03187,보호시설물무단횡단방지시설,3,394000,도시정비단,2022-01-02,2022-03-13,70
EST_03188,점자블록,1,11000,우신테크,2022-01-02,2022-01-13,11
EST_03189,농구대,1,423000,동화토목,2022-01-02,2022-01-29,27
EST_03190,보도블록,2,27000,에코시설,2022-01-02,2022-01-21,19
EST_03191,농구대,3,2275000,제일테크,2022-01-02,2022-03-25,82
EST_03192,보호시설물무단횡단방지시설,1,66000,우신산업,2022-01-02,2022-01-28,26
EST_03193,달리기,2,1112000,중앙토목,2022-01-03,2022-02-20,48
EST_03194,보호시설물볼라드,2,138000,신세계조경,2022-01-03,2022-01-25,22
EST_03195,보도블록,1,14000,한성토목,2022-01-03,2022-01-13,10
EST_03196,보차도경계석,1,23000,에코시설,2022-01-03,2022-01-17,14
EST_03197,점자블록,2,37000,그린플레이,2022-01-03,2022-01-18,15
EST_03198,점자블록,2,40000,미래안전,2022-01-04,2022-01-25,21
EST_03199,달리기,2,1634000,신세계테크,2022-01-04,2022-02-22,49
EST_03200,트랜치,3,238000,한성토목,2022-01-04,2022-02-14,41
EST_03201,가로수보호덮개,2,153000,에코시설,2022-01-04,2022-01-25,21
EST_03202,미끄럼틀,2,2468000,에코시설,2022-01-05,2022-03-28,82
EST_03203,보도블록,3,50000,현대시스템,2022-01-05,2022-02-17,43
EST_03204,등받이있는벤치,2,446000,태영안전,2022-01-05,2022-01-27,22
EST_03205,등받이있는벤치,1,124000,신세계테크,2022-01-06,2022-01-23,17
EST_03206,등받이있는벤치,1,144000,태영안전,2022-01-07,2022-01-23,16
EST_03207,축구골대,3,3250000,태영건설,2022-01-07,2022-05-05,118
EST_03208,그네,3,2130000,대명산업,2022-01-07,2022-07-21,195
EST_03209,미끄럼틀,2,1694000,제일토목,2022-01-07,2022-04-14,97
EST_03210,보호펜스,1,42000,제일조경,2022-01-07,2022-01-30,23
EST_03211,그네,1,481000,중앙토목,2022-01-08,2022-02-24,47
EST_03212,점자블록,2,36000,제일토목,2022-01-08,2022-01-28,20
EST_03213,맨홀,1,219000,신세계안전,2022-01-08,2022-02-01,24
EST_03214,맨홀,1,229000,한성안전,2022-01-08,2022-01-29,21
EST_03215,등받이없는벤치,3,625000,신세계건설,2022-01-08,2022-02-22,45
EST_03216,보호펜스,1,27000,한성산업,2022-01-08,2022-02-02,25
EST_03217,그네,1,558000,우신테크,2022-01-08,2022-02-27,50
EST_03218,보차도경계석,2,78000,태영안전,2022-01-09,2022-02-01,23
EST_03219,맨홀,1,250000,신세계안전,2022-01-09,2022-02-03,25
EST_03220,맨홀,3,895000,그린플레이,2022-01-09,2022-03-27,77
EST_03221,보호시설물무단횡단방지시설,2,247000,미래토목,2022-01-10,2022-02-24,45
EST_03222,맨홀,3,825000,제일테크,2022-01-10,2022-03-26,75
EST_03223,달리기,3,3347000,동화테크,2022-01-11,2022-05-17,126
EST_03224,맨홀,2,577000,우신테크,2022-01-11,2022-02-20,40
EST_03225,달리기,3,2918000,우신시설관리,2022-01-11,2022-04-07,86
EST_03226,축구골대,1,447000,한성산업,2022-01-11,2022-02-15,35
EST_03227,가로수보호덮개,3,429000,동화시설관리,2022-01-11,2022-02-08,28
EST_03228,등받이없는벤치,3,527000,한성안전,2022-01-11,2022-03-12,60
EST_03229,축구골대,2,1454000,대명테크,2022-01-11,2022-02-28,48
EST_03230,보차도경계석,2,70000,동화토목,2022-01-11,2022-02-04,24
EST_03231,등받이있는벤치,1,128000,한성토목,2022-01-11,2022-01-27,16
EST_03232,달리기,2,1420000,한성토목,2022-01-11,2022-03-02,50
EST_03233,트랜치,2,87000,태영안전,2022-01-12,2022-02-02,21
EST_03234,보도블록,1,10000,태영안전,2022-01-12,2022-01-24,12
EST_03235,보호시설물무단횡단방지시설,1,92000,한성토목,2022-01-12,2022-02-07,26
EST_03236,맨홀,3,1252000,중앙테크,2022-01-12,2022-03-13,60
EST_03237,보호시설물볼라드,2,164000,우신산업,2022-01-12,2022-02-08,27
EST_03238,보호시설물무단횡단방지시설,3,541000,한성안전,2022-01-12,2022-03-28,75
EST_03239,트랜치,1,51000,신세계건설,2022-01-13,2022-01-24,11
EST_03240,가로수보호덮개,2,212000,도시정비단,2022-01-13,2022-02-01,19
EST_03241,그네,2,1425000,신세계테크,2022-01-13,2022-04-08,85
EST_03242,축구골대,1,505000,신세계조경,2022-01-13,2022-02-19,37
EST_03243,축구골대,3,3970000,대명테크,2022-01-14,2022-05-14,120
EST_03244,농구대,2,1052000,제일안전,2022-01-14,2022-02-25,42
EST_03245,보도블록,1,16000,중앙산업,2022-01-15,2022-01-25,10
EST_03246,농구대,3,1818000,에코시설,2022-01-15,2022-04-22,97
EST_03247,미끄럼틀,3,5349000,신세계시스템,2022-01-15,2022-06-27,163
EST_03248,보도블록,3,56000,신세계안전,2022-01-15,2022-02-17,33
EST_03249,보호시설물볼라드,2,108000,대명안전,2022-01-15,2022-02-05,21
EST_03250,등받이없는벤치,1,78000,미래시스템,2022-01-15,2022-02-01,17
EST_03251,보호펜스,3,235000,중앙산업,2022-01-15,2022-03-25,69
EST_03252,보차도경계석,2,76000,태영테크,2022-01-15,2022-02-11,27
EST_03253,그네,2,1115000,중앙안전,2022-01-15,2022-04-05,80
EST_03254,등받이없는벤치,1,94000,신세계조경,2022-01-16,2022-01-31,15
EST_03255,트랜치,3,259000,우신조경,2022-01-17,2022-02-13,27
EST_03256,축구골대,3,2700000,우신산업,2022-01-17,2022-04-04,77
EST_03257,등받이있는벤치,3,661000,태영안전,2022-01-17,2022-02-24,38
EST_03258,맨홀,1,154000,미래시스템,2022-01-17,2022-02-10,24
EST_03259,그네,3,2059000,우신산업,2022-01-17,2022-08-01,196
EST_03260,맨홀,1,178000,그린플레이,2022-01-18,2022-02-12,25
EST_03261,달리기,3,2904000,대명산업,2022-01-18,2022-05-11,113
EST_03262,보도블록,2,23000,우신시설관리,2022-01-18,2022-02-06,19
EST_03263,농구대,2,772000,대명테크,2022-01-18,2022-02-28,41
EST_03264,그네,2,930000,태영안전,2022-01-18,2022-03-28,69
EST_03265,미끄럼틀,2,2772000,미래시스템,2022-01-20,2022-03-28,67
EST_03266,등받이있는벤치,1,100000,한성산업,2022-01-20,2022-02-03,14
EST_03267,달리기,1,747000,동화토목,2022-01-21,2022-02-28,38
EST_03268,트랜치,3,213000,중앙산업,2022-01-21,2022-02-18,28
EST_03269,보호시설물무단횡단방지시설,1,120000,태영안전,2022-01-21,2022-02-14,24
EST_03270,등받이없는벤치,3,501000,동화시스템,2022-01-22,2022-03-13,50
EST_03271,가로수보호덮개,2,162000,대명건설,2022-01-22,2022-02-07,16
EST_03272,달리기,1,807000,태영테크,2022-01-22,2022-03-01,38
EST_03273,보호펜스,2,82000,신세계토목,2022-01-23,2022-03-01,37
EST_03274,맨홀,2,599000,우신산업,2022-01-23,2022-02-27,35
EST_03275,맨홀,2,391000,한성토목,2022-01-23,2022-02-27,35
EST_03276,등받이없는벤치,2,224000,동화조경,2022-01-23,2022-02-17,25
EST_03277,점자블록,3,73000,동화조경,2022-01-23,2022-03-05,41
EST_03278,미끄럼틀,1,1120000,한성건설,2022-01-23,2022-03-14,50
EST_03279,농구대,3,1730000,미래시설관리,2022-01-24,2022-04-21,87
EST_03280,보차도경계석,3,118000,대명안전,2022-01-24,2022-03-03,38
EST_03281,등받이있는벤치,1,142000,동화조경,2022-01-24,2022-02-10,17
EST_03282,미끄럼틀,3,3976000,미래시설관리,2022-01-24,2022-07-10,167
EST_03283,보호펜스,2,100000,태영안전,2022-01-25,2022-03-03,37
EST_03284,그네,3,2172000,중앙토목,2022-01-25,2022-08-06,193
EST_03285,등받이있는벤치,2,337000,우신조경,2022-01-25,2022-02-22,28
EST_03286,달리기,1,516000,한성건설,2022-01-25,2022-03-04,38
EST_03287,그네,1,624000,미래시설관리,2022-01-25,2022-03-23,57
EST_03288,트랜치,3,255000,동화토목,2022-01-25,2022-03-03,37
EST_03289,농구대,2,994000,제일안전,2022-01-25,2022-03-03,37
EST_03290,보호펜스,2,120000,국토개발,2022-01-26,2022-03-12,45
EST_03291,농구대,3,1751000,미래안전,2022-01-26,2022-04-07,71
EST_03292,보호펜스,3,237000,동화토목,2022-01-26,2022-03-31,64
EST_03293,트랜치,3,258000,신세계토목,2022-01-27,2022-02-25,29
EST_03294,점자블록,1,12000,대명건설,2022-01-27,2022-02-08,12
EST_03295,점자블록,2,45000,태영안전,2022-01-27,2022-02-17,21
EST_03296,등받이없는벤치,1,67000,태영안전,2022-01-28,2022-02-12,15
EST_03297,보차도경계석,2,74000,태영안전,2022-01-28,2022-02-23,26
EST_03298,달리기,1,481000,도시정비단,2022-01-29,2022-03-02,32
EST_03299,보차도경계석,3,110000,한성시설관리,2022-01-29,2022-03-30,60
EST_03300,보도블록,2,35000,동화테크,2022-01-29,2022-02-13,15
EST_03301,보도블록,2,24000,국토개발,2022-01-29,2022-02-15,17
EST_03302,점자블록,2,47000,미래토목,2022-01-30,2022-02-20,21
EST_03303,가로수보호덮개,1,111000,우신조경,2022-01-30,2022-02-09,10
EST_03304,등받이있는벤치,1,101000,대명테크,2022-01-30,2022-02-15,16
EST_03305,맨홀,1,227000,신세계시설관리,2022-01-31,2022-02-24,24
EST_03306,보호펜스,2,121000,우신조경,2022-01-31,2022-03-03,31
EST_03307,축구골대,3,3402000,한성토목,2022-01-31,2022-04-27,86
EST_03308,맨홀,2,499000,미래시설관리,2022-01-31,2022-03-15,43
EST_03309,등받이있는벤치,2,382000,태영건설,2022-01-31,2022-03-01,29
EST_03310,맨홀,3,1082000,중앙테크,2022-02-01,2022-04-11,69
EST_03311,그네,3,2106000,대명시설관리,2022-02-01,2022-06-24,143
EST_03312,미끄럼틀,2,1974000,동화테크,2022-02-01,2022-04-16,74
EST_03313,보차도경계석,1,23000,중앙테크,2022-02-01,2022-02-16,15
EST_03314,보호시설물볼라드,1,40000,태영안전,2022-02-01,2022-02-17,16
EST_03315,등받이있는벤치,1,196000,신세계조경,2022-02-01,2022-02-15,14
EST_03316,미끄럼틀,2,2652000,우신테크,2022-02-02,2022-04-23,80
EST_03317,점자블록,3,92000,한성시설관리,2022-02-02,2022-02-28,26
EST_03318,보호시설물무단횡단방지시설,3,451000,우신테크,2022-02-02,2022-04-11,68
EST_03319,농구대,1,447000,한성안전,2022-02-02,2022-02-27,25
EST_03320,보호펜스,3,192000,중앙토목,2022-02-02,2022-05-05,92
EST_03321,보도블록,2,30000,대명건설,2022-02-03,2022-02-19,16
EST_03322,달리기,3,2441000,한성토목,2022-02-03,2022-06-07,124
EST_03323,점자블록,3,89000,중앙테크,2022-02-03,2022-03-03,28
EST_03324,보호시설물무단횡단방지시설,3,546000,중앙산업,2022-02-03,2022-03-30,55
EST_03325,트랜치,3,255000,우신시설관리,2022-02-04,2022-03-12,36
EST_03326,등받이있는벤치,1,132000,신세계건설,2022-02-04,2022-02-19,15
EST_03327,달리기,3,3183000,현대시스템,2022-02-04,2022-04-20,75
EST_03328,미끄럼틀,3,4015000,동화테크,2022-02-04,2022-07-17,163
EST_03329,점자블록,3,63000,우신조경,2022-02-04,2022-03-05,29
EST_03330,보호시설물볼라드,2,123000,제일시설관리,2022-02-04,2022-02-25,21
EST_03331,미끄럼틀,3,3544000,중앙건설,2022-02-04,2022-06-25,141
EST_03332,보호시설물무단횡단방지시설,3,577000,대명건설,2022-02-05,2022-04-24,78
EST_03333,축구골대,1,622000,신세계테크,2022-02-05,2022-03-15,38
EST_03334,달리기,2,1089000,동화토목,2022-02-05,2022-04-08,62
EST_03335,미끄럼틀,3,4939000,대명안전,2022-02-06,2022-08-18,193
EST_03336,축구골대,3,2792000,제일시설관리,2022-02-07,2022-06-14,127
EST_03337,달리기,1,612000,우신시설관리,2022-02-07,2022-03-15,36
EST_03338,가로수보호덮개,2,253000,제일산업,2022-02-08,2022-02-27,19
EST_03339,농구대,1,334000,동화시설관리,2022-02-08,2022-03-05,25
EST_03340,맨홀,1,261000,제일안전,2022-02-08,2022-03-01,21
EST_03341,보호시설물볼라드,1,33000,미래시스템,2022-02-08,2022-02-25,17
EST_03342,보도블록,1,11000,미래토목,2022-02-09,2022-02-19,10
EST_03343,등받이없는벤치,2,246000,제일토목,2022-02-09,2022-03-11,30
EST_03344,트랜치,3,212000,신세계시스템,2022-02-10,2022-03-18,36
EST_03345,맨홀,1,273000,한성산업,2022-02-10,2022-03-04,22
EST_03346,보호시설물무단횡단방지시설,1,99000,우신시설관리,2022-02-10,2022-03-06,24
EST_03347,맨홀,1,239000,신세계시설관리,2022-02-11,2022-03-07,24
EST_03348,보차도경계석,1,33000,한성안전,2022-02-11,2022-02-26,15
EST_03349,보호시설물볼라드,2,126000,태영테크,2022-02-11,2022-03-08,25
EST_03350,가로수보호덮개,1,79000,태영테크,2022-02-11,2022-02-22,11
EST_03351,그네,2,1417000,신세계건설,2022-02-12,2022-05-12,89
EST_03352,등받이없는벤치,2,306000,신세계안전,2022-02-12,2022-03-12,28
EST_03353,미끄럼틀,1,597000,중앙토목,2022-02-12,2022-04-07,54
EST_03354,보호펜스,2,93000,중앙테크,2022-02-12,2022-03-16,32
EST_03355,그네,1,434000,신세계토목,2022-02-12,2022-04-02,49
EST_03356,달리기,2,1113000,대명산업,2022-02-12,2022-04-03,50
EST_03357,축구골대,1,847000,중앙건설,2022-02-12,2022-03-16,32
EST_03358,보호시설물무단횡단방지시설,2,229000,동화시스템,2022-02-13,2022-03-30,45
EST_03359,축구골대,2,1981000,제일테크,2022-02-13,2022-04-14,60
EST_03360,맨홀,1,283000,신세계건설,2022-02-13,2022-03-08,23
EST_03361,점자블록,2,48000,현대건설,2022-02-13,2022-03-01,16
EST_03362,미끄럼틀,1,901000,동화시설관리,2022-02-13,2022-04-05,51
EST_03363,점자블록,1,13000,태영테크,2022-02-13,2022-02-23,10
EST_03364,점자블록,2,43000,동화조경,2022-02-14,2022-03-03,17
EST_03365,보차도경계석,2,73000,제일테크,2022-02-14,2022-03-07,21
EST_03366,맨홀,1,203000,미래시설관리,2022-02-14,2022-03-09,23
EST_03367,미끄럼틀,2,1853000,동화시스템,2022-02-14,2022-04-28,73
EST_03368,보호펜스,1,57000,제일테크,2022-02-14,2022-03-09,23
EST_03369,보호펜스,2,107000,한성토목,2022-02-14,2022-03-31,45
EST_03370,그네,2,917000,동화시스템,2022-02-15,2022-05-03,77
EST_03371,보호시설물볼라드,2,115000,에코시설,2022-02-15,2022-03-09,22
EST_03372,점자블록,3,99000,국토개발,2022-02-16,2022-03-29,41
EST_03373,농구대,3,2301000,신세계시설관리,2022-02-16,2022-05-20,93
EST_03374,등받이있는벤치,1,93000,한성산업,2022-02-16,2022-03-05,17
EST_03375,보호펜스,1,38000,한성안전,2022-02-16,2022-03-13,25
EST_03376,보차도경계석,1,29000,우신산업,2022-02-17,2022-03-06,17
EST_03377,축구골대,3,2699000,미래토목,2022-02-17,2022-05-11,83
EST_03378,트랜치,2,115000,동화시스템,2022-02-17,2022-03-06,17
EST_03379,미끄럼틀,2,2297000,에코시설,2022-02-17,2022-05-01,73
EST_03380,농구대,2,1054000,신세계시스템,2022-02-18,2022-04-07,48
EST_03381,맨홀,2,535000,신세계안전,2022-02-18,2022-03-25,35
EST_03382,보도블록,3,50000,동화시설관리,2022-02-18,2022-04-02,43
EST_03383,등받이있는벤치,1,157000,대명안전,2022-02-18,2022-03-08,18
EST_03384,보차도경계석,2,63000,중앙테크,2022-02-18,2022-03-11,21
EST_03385,그네,2,1284000,신세계시설관리,2022-02-18,2022-05-27,98
EST_03386,축구골대,1,825000,한성안전,2022-02-19,2022-03-29,38
EST_03387,가로수보호덮개,2,194000,현대건설,2022-02-19,2022-03-06,15
EST_03388,가로수보호덮개,3,351000,미래안전,2022-02-19,2022-03-27,36
EST_03389,트랜치,1,42000,태영안전,2022-02-19,2022-03-01,10
EST_03390,맨홀,2,451000,동화시설관리,2022-02-19,2022-03-24,33
EST_03391,보호펜스,1,41000,제일조경,2022-02-20,2022-03-17,25
EST_03392,보호시설물무단횡단방지시설,3,463000,제일시설관리,2022-02-20,2022-05-05,74
EST_03393,그네,1,407000,대명건설,2022-02-20,2022-04-17,56
EST_03394,보도블록,3,47000,그린플레이,2022-02-20,2022-03-23,31
EST_03395,축구골대,1,461000,미래시스템,2022-02-20,2022-03-30,38
EST_03396,맨홀,1,249000,대명산업,2022-02-20,2022-03-15,23
EST_03397,축구골대,1,447000,제일토목,2022-02-21,2022-03-31,38
EST_03398,보호펜스,1,59000,도시정비단,2022-02-21,2022-03-14,21
EST_03399,맨홀,3,890000,에코시설,2022-02-21,2022-05-05,73
EST_03400,미끄럼틀,3,4857000,중앙산업,2022-02-21,2022-08-20,180
EST_03401,보호펜스,1,39000,제일테크,2022-02-21,2022-03-17,24
EST_03402,가로수보호덮개,1,53000,우신시설관리,2022-02-21,2022-03-05,12
EST_03403,가로수보호덮개,1,82000,한성안전,2022-02-21,2022-03-05,12
EST_03404,점자블록,2,51000,신세계시설관리,2022-02-22,2022-03-13,19
EST_03405,보호시설물무단횡단방지시설,1,80000,제일테크,2022-02-22,2022-03-17,23
EST_03406,달리기,2,1214000,중앙건설,2022-02-22,2022-04-08,45
EST_03407,보호시설물무단횡단방지시설,1,83000,중앙건설,2022-02-23,2022-03-21,26
EST_03408,등받이있는벤치,1,129000,미래안전,2022-02-23,2022-03-12,17
EST_03409,달리기,3,2972000,한성토목,2022-02-24,2022-06-10,106
EST_03410,보호시설물무단횡단방지시설,1,108000,미래토목,2022-02-24,2022-03-18,22
EST_03411,보호시설물무단횡단방지시설,3,395000,미래시설관리,2022-02-24,2022-05-22,87
EST_03412,달리기,3,2227000,태영건설,2022-02-24,2022-06-15,111
EST_03413,보호펜스,1,43000,신세계건설,2022-02-24,2022-03-21,25
EST_03414,축구골대,2,1645000,미래토목,2022-02-24,2022-04-18,53
EST_03415,보호시설물볼라드,1,54000,신세계안전,2022-02-24,2022-03-12,16
EST_03416,보도블록,2,25000,중앙테크,2022-02-24,2022-03-14,18
EST_03417,보호시설물볼라드,2,122000,동화조경,2022-02-25,2022-03-22,25
EST_03418,보호펜스,1,28000,국토개발,2022-02-25,2022-03-19,22
EST_03419,미끄럼틀,2,1703000,태영안전,2022-02-25,2022-06-01,96
EST_03420,축구골대,3,3528000,현대시스템,2022-02-25,2022-06-11,106
EST_03421,달리기,3,2616000,중앙테크,2022-02-25,2022-05-25,89
EST_03422,점자블록,1,17000,태영안전,2022-02-25,2022-03-07,10
EST_03423,축구골대,2,1914000,동화테크,2022-02-25,2022-04-22,56
EST_03424,달리기,1,585000,도시정비단,2022-02-25,2022-03-27,30
EST_03425,점자블록,2,40000,우신테크,2022-02-26,2022-03-18,20
EST_03426,축구골대,3,3678000,대명시설관리,2022-02-26,2022-07-03,127
EST_03427,달리기,3,2427000,제일시설관리,2022-02-26,2022-07-05,129
EST_03428,보호시설물볼라드,2,128000,동화시스템,2022-02-26,2022-03-28,30
EST_03429,등받이있는벤치,2,374000,우신시설관리,2022-02-27,2022-03-27,28
EST_03430,가로수보호덮개,3,326000,제일시설관리,2022-02-27,2022-04-03,35
EST_03431,농구대,2,1121000,우신시설관리,2022-02-27,2022-04-22,54
EST_03432,그네,2,1128000,현대시스템,2022-02-27,2022-05-12,74
EST_03433,점자블록,2,35000,제일조경,2022-02-28,2022-03-20,20
EST_03434,등받이있는벤치,2,410000,태영안전,2022-03-01,2022-03-29,28
EST_03435,등받이있는벤치,2,330000,미래시설관리,2022-03-01,2022-03-27,26
EST_03436,트랜치,2,127000,현대건설,2022-03-01,2022-03-20,19
EST_03437,달리기,3,2307000,현대건설,2022-03-01,2022-06-29,120
EST_03438,점자블록,3,68000,미래시설관리,2022-03-02,2022-03-27,25
EST_03439,보차도경계석,3,129000,동화테크,2022-03-02,2022-04-09,38
EST_03440,보차도경계석,2,73000,동화시스템,2022-03-02,2022-03-31,29
EST_03441,보도블록,2,21000,한성안전,2022-03-02,2022-03-22,20
EST_03442,농구대,1,314000,한성산업,2022-03-02,2022-03-29,27
EST_03443,보차도경계석,1,21000,대명산업,2022-03-03,2022-03-18,15
EST_03444,농구대,3,2120000,동화테크,2022-03-03,2022-06-16,105
EST_03445,보호시설물무단횡단방지시설,2,261000,신세계조경,2022-03-04,2022-04-16,43
EST_03446,보도블록,1,16000,대명테크,2022-03-04,2022-03-15,11
EST_03447,맨홀,1,282000,미래안전,2022-03-04,2022-03-24,20
EST_03448,보차도경계석,1,21000,우신시설관리,2022-03-05,2022-03-22,17
EST_03449,보호시설물무단횡단방지시설,3,538000,한성건설,2022-03-05,2022-05-03,59
EST_03450,농구대,2,1005000,한성산업,2022-03-05,2022-04-18,44
EST_03451,트랜치,2,103000,한성건설,2022-03-05,2022-03-25,20
EST_03452,농구대,2,1036000,동화토목,2022-03-06,2022-04-25,50
EST_03453,축구골대,1,1002000,현대시스템,2022-03-06,2022-04-11,36
EST_03454,농구대,3,2081000,동화시스템,2022-03-06,2022-05-19,74
EST_03455,그네,1,519000,신세계시설관리,2022-03-06,2022-04-24,49
EST_03456,보도블록,1,11000,태영테크,2022-03-07,2022-03-17,10
EST_03457,보도블록,3,47000,그린플레이,2022-03-07,2022-04-01,25
EST_03458,축구골대,3,3140000,한성토목,2022-03-08,2022-07-01,115
EST_03459,점자블록,2,35000,제일조경,2022-03-08,2022-03-29,21
EST_03460,등받이있는벤치,2,307000,중앙산업,2022-03-09,2022-04-01,23
EST_03461,달리기,1,493000,신세계안전,2022-03-09,2022-04-12,34
EST_03462,달리기,3,2872000,신세계조경,2022-03-09,2022-07-06,119
EST_03463,보호펜스,2,111000,신세계토목,2022-03-10,2022-04-18,39
EST_03464,등받이없는벤치,1,139000,신세계시설관리,2022-03-10,2022-03-24,14
EST_03465,가로수보호덮개,1,61000,대명건설,2022-03-10,2022-03-21,11
EST_03466,맨홀,1,266000,우신조경,2022-03-10,2022-04-04,25
EST_03467,보호시설물볼라드,2,145000,도시정비단,2022-03-10,2022-04-01,22
EST_03468,등받이있는벤치,3,723000,한성안전,2022-03-10,2022-05-11,62
EST_03469,맨홀,2,428000,중앙토목,2022-03-11,2022-04-16,36
EST_03470,보호시설물무단횡단방지시설,1,108000,동화시스템,2022-03-11,2022-04-04,24
EST_03471,맨홀,3,1194000,동화시설관리,2022-03-11,2022-05-20,70
EST_03472,미끄럼틀,3,3726000,동화조경,2022-03-11,2022-09-02,175
EST_03473,가로수보호덮개,2,224000,도시정비단,2022-03-11,2022-03-31,20
EST_03474,보호시설물무단횡단방지시설,1,129000,그린플레이,2022-03-11,2022-04-06,26
EST_03475,달리기,2,1144000,신세계테크,2022-03-11,2022-04-26,46
EST_03476,가로수보호덮개,1,71000,제일시설관리,2022-03-11,2022-03-23,12
EST_03477,보차도경계석,2,70000,에코시설,2022-03-11,2022-04-08,28
EST_03478,점자블록,1,11000,미래토목,2022-03-12,2022-03-23,11
EST_03479,보차도경계석,3,106000,한성토목,2022-03-12,2022-04-26,45
EST_03480,보호펜스,3,184000,한성안전,2022-03-12,2022-05-20,69
EST_03481,등받이없는벤치,3,526000,신세계토목,2022-03-13,2022-04-21,39
EST_03482,가로수보호덮개,1,109000,신세계시스템,2022-03-13,2022-03-24,11
EST_03483,보호시설물무단횡단방지시설,2,274000,우신시설관리,2022-03-13,2022-04-21,39
EST_03484,등받이있는벤치,3,767000,중앙안전,2022-03-14,2022-04-27,44
EST_03485,트랜치,2,108000,신세계시스템,2022-03-14,2022-04-04,21
EST_03486,보차도경계석,2,62000,우신조경,2022-03-14,2022-04-09,26
EST_03487,미끄럼틀,1,834000,제일조경,2022-03-14,2022-05-11,58
EST_03488,보호시설물무단횡단방지시설,1,122000,우신테크,2022-03-15,2022-04-08,24
EST_03489,농구대,2,1061000,동화조경,2022-03-15,2022-05-04,50
EST_03490,트랜치,3,215000,중앙테크,2022-03-15,2022-04-27,43
EST_03491,그네,3,2479000,태영안전,2022-03-15,2022-10-01,200
EST_03492,맨홀,2,470000,태영테크,2022-03-15,2022-04-15,31
EST_03493,달리기,3,2110000,현대건설,2022-03-16,2022-06-07,83
EST_03494,보호시설물무단횡단방지시설,3,446000,신세계건설,2022-03-16,2022-06-08,84
EST_03495,그네,2,1235000,한성안전,2022-03-16,2022-05-22,67
EST_03496,보호시설물볼라드,2,110000,신세계안전,2022-03-16,2022-04-13,28
EST_03497,보호시설물볼라드,1,49000,동화시설관리,2022-03-16,2022-04-01,16
EST_03498,농구대,1,436000,대명건설,2022-03-16,2022-04-11,26
EST_03499,보차도경계석,2,83000,중앙산업,2022-03-16,2022-04-15,30
EST_03500,축구골대,2,1461000,신세계조경,2022-03-17,2022-05-15,59
EST_03501,그네,2,1210000,동화조경,2022-03-17,2022-06-07,82
EST_03502,가로수보호덮개,2,197000,우신테크,2022-03-17,2022-04-05,19
EST_03503,등받이있는벤치,3,788000,태영건설,2022-03-18,2022-05-10,53
EST_03504,미끄럼틀,2,2126000,대명산업,2022-03-18,2022-06-24,98
EST_03505,점자블록,3,99000,중앙토목,2022-03-18,2022-05-01,44
EST_03506,보호펜스,3,220000,한성안전,2022-03-18,2022-06-09,83
EST_03507,보도블록,1,14000,제일산업,2022-03-18,2022-03-28,10
EST_03508,보호시설물볼라드,3,232000,한성건설,2022-03-18,2022-04-28,41
EST_03509,트랜치,1,33000,대명테크,2022-03-18,2022-03-28,10
EST_03510,트랜치,3,236000,태영안전,2022-03-19,2022-05-02,44
EST_03511,점자블록,1,17000,한성시설관리,2022-03-20,2022-04-01,12
EST_03512,트랜치,3,201000,한성산업,2022-03-20,2022-04-15,26
EST_03513,농구대,2,737000,동화조경,2022-03-20,2022-05-12,53
EST_03514,가로수보호덮개,1,53000,태영테크,2022-03-20,2022-03-30,10
EST_03515,축구골대,1,545000,제일산업,2022-03-21,2022-04-22,32
EST_03516,보도블록,1,15000,도시정비단,2022-03-21,2022-03-31,10
EST_03517,달리기,3,2350000,제일조경,2022-03-21,2022-07-28,129
EST_03518,그네,1,502000,중앙토목,2022-03-21,2022-05-14,54
EST_03519,등받이없는벤치,2,265000,한성시설관리,2022-03-22,2022-04-19,28
EST_03520,보차도경계석,2,81000,중앙테크,2022-03-22,2022-04-15,24
EST_03521,그네,2,976000,제일조경,2022-03-23,2022-06-19,88
EST_03522,그네,3,2392000,미래안전,2022-03-23,2022-10-11,202
EST_03523,보도블록,2,32000,우신조경,2022-03-23,2022-04-09,17
EST_03524,점자블록,3,99000,국토개발,2022-03-24,2022-04-24,31
EST_03525,미끄럼틀,3,5032000,미래안전,2022-03-24,2022-08-19,148
EST_03526,점자블록,1,15000,도시정비단,2022-03-24,2022-04-04,11
EST_03527,점자블록,1,16000,태영테크,2022-03-24,2022-04-03,10
EST_03528,보도블록,3,54000,국토개발,2022-03-24,2022-05-07,44
EST_03529,그네,2,1305000,우신시설관리,2022-03-24,2022-06-08,76
EST_03530,농구대,1,334000,제일조경,2022-03-24,2022-04-19,26
EST_03531,트랜치,3,224000,중앙테크,2022-03-25,2022-04-22,28
EST_03532,맨홀,3,1139000,제일조경,2022-03-25,2022-05-16,52
EST_03533,보호시설물무단횡단방지시설,1,97000,대명시설관리,2022-03-25,2022-04-17,23
EST_03534,보도블록,2,30000,신세계시스템,2022-03-25,2022-04-14,20
EST_03535,트랜치,1,32000,태영테크,2022-03-25,2022-04-04,10
EST_03536,점자블록,2,34000,중앙산업,2022-03-26,2022-04-10,15
EST_03537,보호펜스,1,34000,중앙안전,2022-03-26,2022-04-20,25
EST_03538,트랜치,3,268000,미래안전,2022-03-26,2022-04-20,25
EST_03539,보도블록,2,31000,미래안전,2022-03-26,2022-04-15,20
EST_03540,점자블록,2,34000,중앙산업,2022-03-27,2022-04-16,20
EST_03541,보호시설물볼라드,1,41000,대명테크,2022-03-27,2022-04-14,18
EST_03542,그네,1,343000,대명산업,2022-03-27,2022-05-12,46
EST_03543,등받이있는벤치,3,647000,대명시설관리,2022-03-27,2022-05-15,49
EST_03544,맨홀,3,872000,대명테크,2022-03-27,2022-05-23,57
EST_03545,보호시설물볼라드,3,248000,태영안전,2022-03-27,2022-05-25,59
EST_03546,그네,1,350000,동화토목,2022-03-27,2022-05-11,45
EST_03547,보호펜스,2,115000,제일토목,2022-03-28,2022-05-11,44
EST_03548,점자블록,1,14000,동화테크,2022-03-28,2022-04-07,10
EST_03549,점자블록,2,46000,동화토목,2022-03-28,2022-04-18,21
EST_03550,보도블록,2,26000,제일조경,2022-03-28,2022-04-16,19
EST_03551,축구골대,3,3470000,태영안전,2022-03-28,2022-06-20,84
EST_03552,점자블록,1,18000,현대시스템,2022-03-28,2022-04-09,12
EST_03553,맨홀,2,563000,중앙테크,2022-03-28,2022-05-08,41
EST_03554,가로수보호덮개,3,430000,제일토목,2022-03-28,2022-05-04,37
EST_03555,등받이있는벤치,2,335000,신세계건설,2022-03-29,2022-04-26,28
EST_03556,보호시설물무단횡단방지시설,1,138000,국토개발,2022-03-29,2022-04-19,21
EST_03557,농구대,2,1077000,우신산업,2022-03-29,2022-05-09,41
EST_03558,점자블록,3,88000,동화시설관리,2022-03-29,2022-05-07,39
EST_03559,등받이있는벤치,1,133000,대명건설,2022-03-29,2022-04-12,14
EST_03560,등받이있는벤치,2,381000,우신조경,2022-03-29,2022-04-20,22
EST_03561,가로수보호덮개,3,355000,신세계건설,2022-03-30,2022-05-04,35
EST_03562,미끄럼틀,3,4505000,미래시설관리,2022-03-30,2022-08-12,135
EST_03563,등받이없는벤치,3,494000,신세계안전,2022-03-30,2022-05-10,41
EST_03564,미끄럼틀,1,1288000,동화시스템,2022-03-30,2022-05-20,51
EST_03565,맨홀,3,1016000,신세계시설관리,2022-03-31,2022-05-21,51
EST_03566,보도블록,2,23000,제일시설관리,2022-03-31,2022-04-16,16
EST_03567,트랜치,1,59000,동화시설관리,2022-04-01,2022-04-13,12
EST_03568,그네,2,1149000,동화토목,2022-04-01,2022-06-14,74
EST_03569,달리기,2,1246000,현대시스템,2022-04-02,2022-05-19,47
EST_03570,등받이없는벤치,3,518000,중앙건설,2022-04-02,2022-05-15,43
EST_03571,미끄럼틀,1,610000,중앙산업,2022-04-02,2022-05-27,55
EST_03572,달리기,1,626000,중앙토목,2022-04-02,2022-05-02,30
EST_03573,그네,2,1056000,도시정비단,2022-04-02,2022-06-23,82
EST_03574,가로수보호덮개,3,470000,동화테크,2022-04-02,2022-05-02,30
EST_03575,보호시설물무단횡단방지시설,3,524000,중앙산업,2022-04-02,2022-06-13,72
EST_03576,보도블록,2,23000,동화토목,2022-04-02,2022-04-23,21
EST_03577,트랜치,3,236000,우신산업,2022-04-02,2022-04-30,28
EST_03578,보차도경계석,2,79000,한성시설관리,2022-04-03,2022-04-30,27
EST_03579,그네,1,373000,그린플레이,2022-04-03,2022-05-27,54
EST_03580,보도블록,1,16000,한성산업,2022-04-03,2022-04-15,12
EST_03581,보도블록,2,29000,현대시스템,2022-04-03,2022-04-24,21
EST_03582,보차도경계석,3,108000,중앙산업,2022-04-04,2022-05-29,55
EST_03583,맨홀,3,831000,동화테크,2022-04-04,2022-06-15,72
EST_03584,등받이없는벤치,3,466000,미래시설관리,2022-04-04,2022-05-11,37
EST_03585,등받이있는벤치,3,636000,제일시설관리,2022-04-04,2022-05-10,36
EST_03586,가로수보호덮개,2,211000,동화조경,2022-04-04,2022-04-25,21
EST_03587,등받이있는벤치,2,357000,에코시설,2022-04-04,2022-05-03,29
EST_03588,축구골대,3,3342000,그린플레이,2022-04-05,2022-06-24,80
EST_03589,축구골대,2,2092000,대명시설관리,2022-04-05,2022-05-24,49
EST_03590,보도블록,2,23000,미래토목,2022-04-06,2022-04-25,19
EST_03591,맨홀,3,830000,태영안전,2022-04-06,2022-06-15,70
EST_03592,보호시설물볼라드,3,297000,대명시설관리,2022-04-06,2022-05-28,52
EST_03593,달리기,2,1170000,대명산업,2022-04-06,2022-06-03,58
EST_03594,보호펜스,1,49000,신세계조경,2022-04-07,2022-05-01,24
EST_03595,가로수보호덮개,1,84000,미래시설관리,2022-04-07,2022-04-19,12
EST_03596,그네,1,383000,중앙안전,2022-04-07,2022-05-29,52
EST_03597,보도블록,3,46000,한성시설관리,2022-04-07,2022-05-05,28
EST_03598,등받이있는벤치,3,671000,태영건설,2022-04-08,2022-05-20,42
EST_03599,보호펜스,2,89000,대명시설관리,2022-04-09,2022-05-20,41
EST_03600,보차도경계석,1,33000,신세계테크,2022-04-09,2022-04-25,16
EST_03601,등받이있는벤치,3,874000,중앙안전,2022-04-09,2022-05-23,44
EST_03602,보호시설물볼라드,2,133000,한성토목,2022-04-10,2022-05-07,27
EST_03603,달리기,3,2639000,신세계테크,2022-04-10,2022-08-12,124
EST_03604,축구골대,3,3577000,도시정비단,2022-04-10,2022-07-23,104
EST_03605,점자블록,2,40000,제일조경,2022-04-10,2022-04-30,20
EST_03606,미끄럼틀,3,4936000,동화토목,2022-04-10,2022-09-10,153
EST_03607,보호펜스,3,155000,대명건설,2022-04-10,2022-07-02,83
EST_03608,보차도경계석,2,61000,신세계조경,2022-04-11,2022-05-06,25
EST_03609,보도블록,3,50000,신세계토목,2022-04-11,2022-05-18,37
EST_03610,가로수보호덮개,1,68000,동화토목,2022-04-11,2022-04-23,12
EST_03611,등받이없는벤치,2,299000,중앙산업,2022-04-12,2022-05-03,21
EST_03612,등받이없는벤치,3,520000,우신시설관리,2022-04-13,2022-06-07,55
EST_03613,가로수보호덮개,2,247000,동화시스템,2022-04-13,2022-04-28,15
EST_03614,점자블록,3,75000,현대시스템,2022-04-13,2022-05-13,30
EST_03615,그네,2,987000,신세계시스템,2022-04-13,2022-07-08,86
EST_03616,보도블록,2,25000,대명안전,2022-04-13,2022-04-29,16
EST_03617,등받이없는벤치,3,565000,제일시설관리,2022-04-13,2022-05-20,37
EST_03618,보차도경계석,3,148000,제일시설관리,2022-04-14,2022-06-13,60
EST_03619,농구대,1,271000,제일산업,2022-04-14,2022-05-14,30
EST_03620,등받이있는벤치,2,347000,우신테크,2022-04-14,2022-05-05,21
EST_03621,보호시설물무단횡단방지시설,2,272000,한성산업,2022-04-15,2022-05-30,45
EST_03622,보호펜스,2,86000,한성안전,2022-04-15,2022-05-22,37
EST_03623,맨홀,3,891000,태영테크,2022-04-15,2022-06-10,56
EST_03624,미끄럼틀,3,3991000,미래토목,2022-04-15,2022-09-23,161
EST_03625,등받이없는벤치,1,120000,동화시스템,2022-04-15,2022-04-29,14
EST_03626,등받이없는벤치,1,117000,한성산업,2022-04-15,2022-04-30,15
EST_03627,보호시설물볼라드,3,292000,국토개발,2022-04-15,2022-06-06,52
EST_03628,보도블록,1,10000,동화토목,2022-04-16,2022-04-27,11
EST_03629,트랜치,2,140000,현대건설,2022-04-16,2022-05-02,16
EST_03630,보호시설물볼라드,2,166000,신세계건설,2022-04-17,2022-05-10,23
EST_03631,가로수보호덮개,3,458000,한성산업,2022-04-17,2022-05-14,27
EST_03632,맨홀,1,180000,신세계테크,2022-04-17,2022-05-09,22
EST_03633,점자블록,2,37000,한성토목,2022-04-17,2022-05-08,21
EST_03634,등받이없는벤치,2,269000,미래시스템,2022-04-17,2022-05-14,27
EST_03635,보호시설물무단횡단방지시설,3,576000,한성시설관리,2022-04-17,2022-06-25,69
EST_03636,보차도경계석,2,80000,미래시설관리,2022-04-17,2022-05-13,26
EST_03637,농구대,1,382000,동화시스템,2022-04-17,2022-05-13,26
EST_03638,달리기,2,1706000,신세계토목,2022-04-18,2022-06-02,45
EST_03639,농구대,3,2180000,태영테크,2022-04-18,2022-08-04,108
EST_03640,보도블록,2,34000,한성시설관리,2022-04-19,2022-05-09,20
EST_03641,농구대,2,1041000,태영건설,2022-04-19,2022-06-02,44
EST_03642,트랜치,2,125000,신세계테크,2022-04-19,2022-05-04,15
EST_03643,축구골대,3,3809000,제일시설관리,2022-04-19,2022-08-16,119
EST_03644,축구골대,2,1608000,한성안전,2022-04-19,2022-06-09,51
EST_03645,보호펜스,2,116000,제일안전,2022-04-20,2022-06-03,44
EST_03646,보차도경계석,3,163000,중앙건설,2022-04-20,2022-06-20,61
EST_03647,점자블록,3,83000,그린플레이,2022-04-20,2022-05-31,41
EST_03648,보호시설물무단횡단방지시설,1,69000,미래안전,2022-04-21,2022-05-17,26
EST_03649,가로수보호덮개,1,97000,제일테크,2022-04-21,2022-05-02,11
EST_03650,보차도경계석,1,35000,중앙토목,2022-04-21,2022-05-07,16
EST_03651,등받이없는벤치,1,67000,동화시설관리,2022-04-21,2022-05-05,14
EST_03652,가로수보호덮개,3,412000,신세계시스템,2022-04-21,2022-05-25,34
EST_03653,보호펜스,3,176000,대명시설관리,2022-04-21,2022-07-15,85
EST_03654,점자블록,3,75000,신세계조경,2022-04-21,2022-05-29,38
EST_03655,보호펜스,1,40000,신세계안전,2022-04-22,2022-05-16,24
EST_03656,보호시설물무단횡단방지시설,2,270000,동화조경,2022-04-22,2022-05-27,35
EST_03657,점자블록,2,32000,제일산업,2022-04-22,2022-05-07,15
EST_03658,축구골대,3,3630000,현대건설,2022-04-22,2022-08-03,103
EST_03659,등받이없는벤치,3,604000,중앙안전,2022-04-23,2022-06-03,41
EST_03660,보호시설물무단횡단방지시설,1,119000,신세계토목,2022-04-23,2022-05-19,26
EST_03661,보호시설물볼라드,3,306000,제일조경,2022-04-24,2022-06-09,46
EST_03662,보호펜스,1,58000,중앙토목,2022-04-24,2022-05-17,23
EST_03663,맨홀,2,608000,우신조경,2022-04-24,2022-05-31,37
EST_03664,등받이없는벤치,3,443000,한성토목,2022-04-25,2022-06-02,38
EST_03665,보호시설물무단횡단방지시설,2,181000,동화토목,2022-04-25,2022-06-03,39
EST_03666,맨홀,1,233000,신세계시스템,2022-04-25,2022-05-18,23
EST_03667,보호시설물볼라드,3,299000,제일조경,2022-04-25,2022-06-19,55
EST_03668,점자블록,2,51000,신세계시설관리,2022-04-25,2022-05-11,16
EST_03669,점자블록,2,41000,신세계조경,2022-04-26,2022-05-14,18
EST_03670,보차도경계석,1,21000,미래시스템,2022-04-26,2022-05-13,17
EST_03671,가로수보호덮개,2,214000,현대건설,2022-04-26,2022-05-11,15
EST_03672,미끄럼틀,2,2549000,신세계조경,2022-04-26,2022-07-13,78
EST_03673,보호펜스,1,33000,중앙토목,2022-04-27,2022-05-19,22
EST_03674,트랜치,2,110000,한성토목,2022-04-27,2022-05-16,19
EST_03675,보호펜스,2,126000,제일산업,2022-04-28,2022-06-11,44
EST_03676,그네,2,1023000,동화테크,2022-04-28,2022-07-19,82
EST_03677,보도블록,2,21000,대명건설,2022-04-28,2022-05-14,16
EST_03678,보호시설물무단횡단방지시설,2,254000,동화토목,2022-04-28,2022-06-02,35
EST_03679,농구대,2,918000,미래시스템,2022-04-28,2022-06-20,53
EST_03680,보호펜스,3,218000,한성토목,2022-04-29,2022-07-06,68
EST_03681,등받이있는벤치,3,825000,대명테크,2022-04-29,2022-06-21,53
EST_03682,맨홀,1,292000,동화조경,2022-04-29,2022-05-22,23
EST_03683,보호시설물무단횡단방지시설,1,139000,대명안전,2022-04-29,2022-05-24,25
EST_03684,보호펜스,1,37000,신세계테크,2022-04-30,2022-05-22,22
EST_03685,그네,1,418000,대명건설,2022-04-30,2022-06-22,53
EST_03686,트랜치,3,255000,미래안전,2022-04-30,2022-05-25,25
EST_03687,축구골대,2,1537000,미래안전,2022-04-30,2022-06-15,46
EST_03688,맨홀,3,1142000,한성토목,2022-05-01,2022-06-27,57
EST_03689,보도블록,1,12000,우신테크,2022-05-01,2022-05-12,11
EST_03690,등받이없는벤치,3,631000,한성시설관리,2022-05-01,2022-06-06,36
EST_03691,등받이없는벤치,2,324000,동화시설관리,2022-05-01,2022-05-28,27
EST_03692,보차도경계석,3,147000,한성건설,2022-05-01,2022-06-12,42
EST_03693,점자블록,1,18000,동화시스템,2022-05-01,2022-05-13,12
EST_03694,보차도경계석,1,37000,제일시설관리,2022-05-02,2022-05-19,17
EST_03695,보차도경계석,3,126000,동화조경,2022-05-02,2022-07-03,62
EST_03696,등받이있는벤치,3,794000,동화토목,2022-05-02,2022-06-06,35
EST_03697,보호시설물볼라드,2,111000,중앙토목,2022-05-02,2022-05-30,28
EST_03698,보호펜스,3,204000,대명안전,2022-05-02,2022-07-25,84
EST_03699,트랜치,2,97000,중앙산업,2022-05-02,2022-05-21,19
EST_03700,보차도경계석,3,158000,한성시설관리,2022-05-03,2022-06-21,49
EST_03701,보호펜스,1,35000,제일조경,2022-05-03,2022-05-27,24
EST_03702,농구대,3,2096000,동화시스템,2022-05-03,2022-08-22,111
EST_03703,가로수보호덮개,2,216000,한성산업,2022-05-04,2022-05-23,19
EST_03704,보호시설물볼라드,2,149000,동화토목,2022-05-04,2022-05-25,21
EST_03705,보도블록,2,33000,대명테크,2022-05-04,2022-05-25,21
EST_03706,등받이있는벤치,1,174000,미래토목,2022-05-04,2022-05-20,16
EST_03707,가로수보호덮개,2,219000,신세계건설,2022-05-04,2022-05-22,18
EST_03708,가로수보호덮개,3,346000,미래시설관리,2022-05-05,2022-06-08,34
EST_03709,보차도경계석,3,156000,한성산업,2022-05-05,2022-06-19,45
EST_03710,등받이없는벤치,2,232000,제일테크,2022-05-05,2022-05-30,25
EST_03711,가로수보호덮개,3,441000,신세계안전,2022-05-05,2022-06-18,44
EST_03712,등받이없는벤치,2,200000,그린플레이,2022-05-05,2022-05-28,23
EST_03713,농구대,1,350000,신세계테크,2022-05-05,2022-05-31,26
EST_03714,보호시설물무단횡단방지시설,3,372000,제일시설관리,2022-05-06,2022-08-05,91
EST_03715,보차도경계석,3,137000,태영건설,2022-05-06,2022-06-20,45
EST_03716,농구대,3,1529000,중앙산업,2022-05-06,2022-07-08,63
EST_03717,맨홀,1,302000,동화토목,2022-05-06,2022-05-29,23
EST_03718,맨홀,1,285000,제일산업,2022-05-06,2022-05-29,23
EST_03719,등받이없는벤치,3,541000,대명시설관리,2022-05-07,2022-06-24,48
EST_03720,축구골대,2,2157000,미래시스템,2022-05-07,2022-06-21,45
EST_03721,점자블록,1,24000,동화토목,2022-05-07,2022-05-18,11
EST_03722,가로수보호덮개,1,111000,한성안전,2022-05-07,2022-05-17,10
EST_03723,등받이없는벤치,3,524000,태영건설,2022-05-07,2022-06-23,47
EST_03724,농구대,3,2285000,한성건설,2022-05-08,2022-08-27,111
EST_03725,점자블록,2,48000,태영안전,2022-05-08,2022-05-27,19
EST_03726,보차도경계석,1,17000,한성건설,2022-05-08,2022-05-26,18
EST_03727,트랜치,3,179000,신세계건설,2022-05-09,2022-06-14,36
EST_03728,보호시설물볼라드,3,249000,도시정비단,2022-05-09,2022-06-22,44
EST_03729,트랜치,3,257000,중앙안전,2022-05-09,2022-06-15,37
EST_03730,보호시설물무단횡단방지시설,2,292000,도시정비단,2022-05-09,2022-06-15,37
EST_03731,보도블록,2,34000,현대시스템,2022-05-10,2022-05-27,17
EST_03732,보호시설물무단횡단방지시설,3,465000,동화시스템,2022-05-10,2022-08-09,91
EST_03733,트랜치,3,199000,대명테크,2022-05-10,2022-06-22,43
EST_03734,맨홀,1,156000,미래토목,2022-05-10,2022-06-03,24
EST_03735,그네,2,1128000,대명안전,2022-05-10,2022-07-29,80
EST_03736,축구골대,2,2054000,미래시설관리,2022-05-10,2022-07-03,54
EST_03737,점자블록,2,36000,제일산업,2022-05-11,2022-06-01,21
EST_03738,농구대,2,769000,신세계시스템,2022-05-11,2022-07-03,53
EST_03739,미끄럼틀,3,4465000,중앙테크,2022-05-11,2022-11-21,194
EST_03740,미끄럼틀,1,568000,현대시스템,2022-05-11,2022-07-01,51
EST_03741,보도블록,3,45000,제일테크,2022-05-11,2022-06-15,35
EST_03742,보차도경계석,1,23000,현대건설,2022-05-12,2022-05-29,17
EST_03743,맨홀,3,1064000,태영테크,2022-05-12,2022-08-07,87
EST_03744,농구대,2,1169000,현대건설,2022-05-12,2022-06-23,42
EST_03745,가로수보호덮개,2,205000,중앙토목,2022-05-13,2022-06-02,20
EST_03746,축구골대,3,3462000,중앙안전,2022-05-13,2022-08-29,108
EST_03747,보호시설물볼라드,3,211000,제일산업,2022-05-14,2022-07-15,62
EST_03748,보차도경계석,3,167000,태영안전,2022-05-14,2022-07-15,62
EST_03749,미끄럼틀,1,808000,태영건설,2022-05-14,2022-07-06,53
EST_03750,보도블록,3,65000,현대건설,2022-05-14,2022-06-26,43
EST_03751,점자블록,2,40000,도시정비단,2022-05-14,2022-06-01,18
EST_03752,미끄럼틀,2,1933000,신세계테크,2022-05-15,2022-08-17,94
EST_03753,농구대,3,1620000,동화시스템,2022-05-15,2022-07-31,77
EST_03754,축구골대,1,784000,신세계안전,2022-05-15,2022-06-16,32
EST_03755,가로수보호덮개,3,458000,미래토목,2022-05-15,2022-06-12,28
EST_03756,보호펜스,1,27000,제일안전,2022-05-15,2022-06-09,25
EST_03757,가로수보호덮개,3,307000,도시정비단,2022-05-15,2022-06-27,43
EST_03758,맨홀,2,640000,신세계안전,2022-05-15,2022-06-27,43
EST_03759,달리기,3,2733000,동화시설관리,2022-05-15,2022-08-30,107
EST_03760,보호시설물볼라드,1,34000,미래안전,2022-05-16,2022-06-01,16
EST_03761,트랜치,3,227000,동화조경,2022-05-16,2022-06-26,41
EST_03762,점자블록,3,77000,미래안전,2022-05-16,2022-06-26,41
EST_03763,등받이없는벤치,3,592000,신세계시설관리,2022-05-17,2022-06-29,43
EST_03764,보호펜스,1,46000,에코시설,2022-05-17,2022-06-10,24
EST_03765,맨홀,2,500000,동화테크,2022-05-17,2022-06-24,38
EST_03766,그네,2,1205000,중앙토목,2022-05-17,2022-08-13,88
EST_03767,보차도경계석,1,20000,신세계테크,2022-05-17,2022-06-01,15
EST_03768,보호펜스,1,45000,중앙산업,2022-05-17,2022-06-12,26
EST_03769,맨홀,2,612000,태영건설,2022-05-17,2022-06-19,33
EST_03770,달리기,2,1282000,미래시스템,2022-05-17,2022-07-05,49
EST_03771,보호펜스,1,36000,제일안전,2022-05-17,2022-06-11,25
EST_03772,보도블록,3,43000,현대건설,2022-05-18,2022-06-23,36
EST_03773,맨홀,1,146000,중앙산업,2022-05-18,2022-06-07,20
EST_03774,축구골대,1,1030000,대명시설관리,2022-05-18,2022-06-25,38
EST_03775,트랜치,1,30000,동화시설관리,2022-05-18,2022-05-30,12
EST_03776,등받이있는벤치,1,141000,제일산업,2022-05-18,2022-06-02,15
EST_03777,점자블록,1,14000,중앙산업,2022-05-18,2022-05-30,12
EST_03778,보차도경계석,3,106000,제일시설관리,2022-05-19,2022-06-26,38
EST_03779,축구골대,1,919000,그린플레이,2022-05-19,2022-06-21,33
EST_03780,가로수보호덮개,3,366000,대명테크,2022-05-19,2022-06-25,37
EST_03781,맨홀,1,298000,도시정비단,2022-05-19,2022-06-09,21
EST_03782,보호펜스,3,188000,신세계테크,2022-05-19,2022-08-12,85
EST_03783,등받이있는벤치,2,284000,우신테크,2022-05-19,2022-06-10,22
EST_03784,농구대,1,358000,현대시스템,2022-05-19,2022-06-15,27
EST_03785,농구대,3,1831000,한성시설관리,2022-05-19,2022-08-12,85
EST_03786,등받이없는벤치,1,103000,신세계조경,2022-05-20,2022-06-03,14
EST_03787,보도블록,2,24000,대명안전,2022-05-20,2022-06-06,17
EST_03788,달리기,1,609000,미래안전,2022-05-20,2022-06-23,34
EST_03789,트랜치,1,28000,우신조경,2022-05-20,2022-05-31,11
EST_03790,보호시설물무단횡단방지시설,2,202000,신세계테크,2022-05-20,2022-07-02,43
EST_03791,보호시설물무단횡단방지시설,2,205000,미래안전,2022-05-21,2022-07-03,43
EST_03792,보호시설물무단횡단방지시설,1,137000,한성시설관리,2022-05-21,2022-06-16,26
EST_03793,보도블록,1,12000,대명안전,2022-05-22,2022-06-01,10
EST_03794,맨홀,3,833000,미래시설관리,2022-05-22,2022-07-17,56
EST_03795,가로수보호덮개,1,52000,한성산업,2022-05-22,2022-06-03,12
EST_03796,점자블록,2,50000,태영안전,2022-05-22,2022-06-11,20
EST_03797,맨홀,3,1193000,신세계테크,2022-05-22,2022-07-15,54
EST_03798,축구골대,3,2905000,한성시설관리,2022-05-23,2022-08-18,87
EST_03799,축구골대,2,1979000,한성시설관리,2022-05-23,2022-07-09,47
EST_03800,보차도경계석,2,80000,동화시설관리,2022-05-23,2022-06-17,25
EST_03801,맨홀,3,1000000,제일시설관리,2022-05-24,2022-07-26,63
EST_03802,가로수보호덮개,2,223000,동화시스템,2022-05-24,2022-06-08,15
EST_03803,가로수보호덮개,3,339000,미래시설관리,2022-05-24,2022-06-22,29
EST_03804,보차도경계석,3,148000,도시정비단,2022-05-24,2022-06-28,35
EST_03805,보호펜스,1,29000,우신시설관리,2022-05-25,2022-06-20,26
EST_03806,보호펜스,1,39000,제일테크,2022-05-25,2022-06-19,25
EST_03807,점자블록,2,32000,국토개발,2022-05-25,2022-06-12,18
EST_03808,보호펜스,2,94000,우신조경,2022-05-26,2022-07-07,42
EST_03809,보호시설물볼라드,2,142000,태영테크,2022-05-26,2022-06-24,29
EST_03810,미끄럼틀,1,800000,동화시설관리,2022-05-27,2022-07-24,58
EST_03811,맨홀,3,1129000,신세계건설,2022-05-27,2022-08-10,75
EST_03812,그네,1,572000,제일산업,2022-05-27,2022-07-21,55
EST_03813,농구대,1,298000,신세계테크,2022-05-27,2022-06-27,31
EST_03814,트랜치,1,30000,대명건설,2022-05-28,2022-06-08,11
EST_03815,가로수보호덮개,3,436000,동화시설관리,2022-05-28,2022-07-10,43
EST_03816,미끄럼틀,3,3348000,한성안전,2022-05-29,2022-11-14,169
EST_03817,점자블록,1,23000,제일토목,2022-05-29,2022-06-09,11
EST_03818,보도블록,1,13000,중앙산업,2022-05-30,2022-06-11,12
EST_03819,보도블록,2,28000,신세계시스템,2022-05-31,2022-06-17,17
EST_03820,달리기,3,2340000,제일시설관리,2022-05-31,2022-10-08,130
EST_03821,그네,2,1038000,신세계시설관리,2022-05-31,2022-08-09,70
EST_03822,농구대,3,2305000,대명건설,2022-05-31,2022-08-09,70
EST_03823,달리기,2,1148000,제일안전,2022-06-01,2022-07-20,49
EST_03824,보도블록,3,58000,제일안전,2022-06-01,2022-06-30,29
EST_03825,그네,2,1082000,한성시설관리,2022-06-01,2022-08-20,80
EST_03826,등받이있는벤치,2,404000,한성산업,2022-06-01,2022-06-27,26
EST_03827,등받이없는벤치,3,441000,신세계안전,2022-06-01,2022-08-02,62
EST_03828,농구대,2,991000,신세계토목,2022-06-02,2022-07-16,44
EST_03829,맨홀,2,553000,우신시설관리,2022-06-02,2022-07-03,31
EST_03830,보호시설물볼라드,2,137000,대명테크,2022-06-02,2022-06-25,23
EST_03831,축구골대,3,3629000,태영테크,2022-06-02,2022-08-24,83
EST_03832,점자블록,2,51000,신세계안전,2022-06-02,2022-06-23,21
EST_03833,축구골대,3,3317000,미래시스템,2022-06-03,2022-09-01,90
EST_03834,보호시설물볼라드,3,273000,대명산업,2022-06-03,2022-08-01,59
EST_03835,미끄럼틀,3,4798000,태영안전,2022-06-03,2022-12-16,196
EST_03836,달리기,3,2156000,미래토목,2022-06-04,2022-08-27,84
EST_03837,보호시설물무단횡단방지시설,2,184000,제일테크,2022-06-04,2022-07-09,35
EST_03838,맨홀,1,247000,태영건설,2022-06-04,2022-06-27,23
EST_03839,보호시설물볼라드,2,154000,동화테크,2022-06-04,2022-06-29,25
EST_03840,미끄럼틀,2,2554000,태영안전,2022-06-04,2022-08-14,71
EST_03841,보호시설물무단횡단방지시설,2,286000,한성안전,2022-06-04,2022-07-18,44
EST_03842,보호시설물볼라드,1,33000,신세계토목,2022-06-05,2022-06-22,17
EST_03843,보호시설물볼라드,2,150000,신세계시스템,2022-06-05,2022-06-26,21
EST_03844,맨홀,3,798000,한성시설관리,2022-06-05,2022-08-31,87
EST_03845,축구골대,3,3339000,중앙건설,2022-06-05,2022-09-23,110
EST_03846,보호펜스,1,48000,한성건설,2022-06-05,2022-07-01,26
EST_03847,농구대,1,321000,한성산업,2022-06-05,2022-07-06,31
EST_03848,보차도경계석,3,154000,중앙테크,2022-06-05,2022-08-05,61
EST_03849,미끄럼틀,2,2301000,미래토목,2022-06-06,2022-08-29,84
EST_03850,보호시설물볼라드,3,205000,한성시설관리,2022-06-06,2022-07-22,46
EST_03851,등받이있는벤치,2,425000,한성건설,2022-06-06,2022-06-29,23
EST_03852,등받이있는벤치,3,857000,대명산업,2022-06-07,2022-07-21,44
EST_03853,등받이없는벤치,1,135000,태영테크,2022-06-07,2022-06-23,16
EST_03854,등받이없는벤치,2,296000,중앙테크,2022-06-07,2022-07-04,27
EST_03855,보호시설물볼라드,3,235000,제일안전,2022-06-07,2022-07-26,49
EST_03856,미끄럼틀,3,4208000,그린플레이,2022-06-07,2022-10-02,117
EST_03857,등받이있는벤치,1,95000,중앙토목,2022-06-07,2022-06-24,17
EST_03858,그네,1,501000,태영안전,2022-06-08,2022-07-28,50
EST_03859,보도블록,2,30000,대명건설,2022-06-08,2022-06-25,17
EST_03860,미끄럼틀,1,1050000,동화토목,2022-06-08,2022-07-23,45
EST_03861,가로수보호덮개,1,83000,태영안전,2022-06-09,2022-06-21,12
EST_03862,달리기,3,2184000,동화시스템,2022-06-09,2022-09-30,113
EST_03863,보도블록,3,59000,한성시설관리,2022-06-09,2022-07-11,32
EST_03864,가로수보호덮개,3,319000,태영건설,2022-06-09,2022-07-11,32
EST_03865,보호시설물무단횡단방지시설,2,197000,태영안전,2022-06-09,2022-07-22,43
EST_03866,맨홀,2,633000,제일안전,2022-06-09,2022-07-22,43
EST_03867,트랜치,3,236000,우신산업,2022-06-09,2022-07-10,31
EST_03868,보호펜스,3,202000,그린플레이,2022-06-09,2022-09-08,91
EST_03869,트랜치,3,227000,제일산업,2022-06-09,2022-07-19,40
EST_03870,점자블록,2,40000,그린플레이,2022-06-09,2022-06-28,19
EST_03871,점자블록,1,14000,신세계조경,2022-06-10,2022-06-22,12
EST_03872,축구골대,3,3990000,중앙토목,2022-06-10,2022-10-03,115
EST_03873,점자블록,3,78000,미래시설관리,2022-06-10,2022-07-13,33
EST_03874,등받이있는벤치,1,115000,한성안전,2022-06-11,2022-06-26,15
EST_03875,축구골대,3,4269000,미래토목,2022-06-11,2022-08-30,80
EST_03876,보호시설물무단횡단방지시설,2,196000,대명산업,2022-06-11,2022-07-21,40
EST_03877,보차도경계석,3,164000,태영안전,2022-06-12,2022-07-23,41
EST_03878,보차도경계석,3,156000,대명안전,2022-06-12,2022-07-18,36
EST_03879,등받이없는벤치,3,586000,대명건설,2022-06-12,2022-08-05,54
EST_03880,트랜치,3,235000,미래토목,2022-06-12,2022-07-16,34
EST_03881,농구대,2,769000,미래토목,2022-06-12,2022-08-01,50
EST_03882,맨홀,2,463000,한성안전,2022-06-13,2022-07-24,41
EST_03883,트랜치,2,123000,동화시스템,2022-06-13,2022-07-03,20
EST_03884,그네,3,1962000,제일토목,2022-06-13,2022-10-28,137
EST_03885,그네,3,2109000,미래안전,2022-06-13,2022-11-22,162
EST_03886,보도블록,2,23000,우신시설관리,2022-06-13,2022-06-30,17
EST_03887,농구대,3,2067000,동화토목,2022-06-13,2022-08-25,73
EST_03888,트랜치,2,99000,신세계토목,2022-06-13,2022-07-01,18
EST_03889,그네,1,531000,미래토목,2022-06-13,2022-08-01,49
EST_03890,가로수보호덮개,3,401000,신세계시설관리,2022-06-14,2022-07-25,41
EST_03891,보호펜스,2,86000,현대시스템,2022-06-14,2022-07-21,37
EST_03892,보도블록,2,23000,신세계토목,2022-06-14,2022-06-29,15
EST_03893,트랜치,3,253000,대명건설,2022-06-14,2022-07-13,29
EST_03894,등받이있는벤치,1,119000,중앙테크,2022-06-14,2022-06-28,14
EST_03895,축구골대,1,631000,신세계시스템,2022-06-14,2022-07-20,36
EST_03896,그네,2,1305000,미래안전,2022-06-15,2022-09-17,94
EST_03897,점자블록,3,62000,신세계시스템,2022-06-15,2022-07-17,32
EST_03898,점자블록,1,19000,제일조경,2022-06-15,2022-06-26,11
EST_03899,가로수보호덮개,1,54000,미래시설관리,2022-06-15,2022-06-25,10
EST_03900,등받이없는벤치,2,329000,대명산업,2022-06-15,2022-07-12,27
EST_03901,점자블록,3,74000,태영건설,2022-06-16,2022-07-14,28
EST_03902,그네,2,1291000,대명테크,2022-06-16,2022-08-30,75
EST_03903,달리기,3,2212000,신세계안전,2022-06-16,2022-09-15,91
EST_03904,등받이없는벤치,1,134000,우신테크,2022-06-17,2022-07-04,17
EST_03905,보도블록,1,13000,그린플레이,2022-06-17,2022-06-28,11
EST_03906,농구대,3,2236000,신세계안전,2022-06-17,2022-09-23,98
EST_03907,농구대,3,1733000,대명안전,2022-06-17,2022-10-04,109
EST_03908,미끄럼틀,1,1242000,국토개발,2022-06-17,2022-08-03,47
EST_03909,그네,2,1173000,그린플레이,2022-06-18,2022-09-16,90
EST_03910,축구골대,1,1028000,대명안전,2022-06-18,2022-07-21,33
EST_03911,등받이없는벤치,1,82000,대명건설,2022-06-18,2022-07-02,14
EST_03912,보차도경계석,1,24000,중앙토목,2022-06-18,2022-07-04,16
EST_03913,그네,3,1983000,에코시설,2022-06-18,2022-12-25,190
EST_03914,보도블록,2,21000,우신테크,2022-06-18,2022-07-05,17
EST_03915,농구대,1,521000,우신조경,2022-06-19,2022-07-15,26
EST_03916,보호시설물볼라드,1,36000,신세계테크,2022-06-19,2022-07-05,16
EST_03917,맨홀,1,180000,한성건설,2022-06-19,2022-07-11,22
EST_03918,보도블록,1,12000,우신시설관리,2022-06-20,2022-07-01,11
EST_03919,등받이없는벤치,1,100000,신세계토목,2022-06-20,2022-07-05,15
EST_03920,미끄럼틀,1,1014000,한성건설,2022-06-20,2022-08-15,56
EST_03921,그네,3,2372000,태영건설,2022-06-20,2022-12-19,182
EST_03922,점자블록,1,17000,미래안전,2022-06-21,2022-07-02,11
EST_03923,등받이있는벤치,3,686000,제일토목,2022-06-21,2022-08-19,59
EST_03924,가로수보호덮개,1,112000,우신산업,2022-06-21,2022-07-02,11
EST_03925,달리기,3,2846000,태영테크,2022-06-22,2022-09-12,82
EST_03926,가로수보호덮개,2,160000,미래토목,2022-06-22,2022-07-10,18
EST_03927,보도블록,3,48000,제일시설관리,2022-06-22,2022-08-05,44
EST_03928,미끄럼틀,1,799000,제일테크,2022-06-23,2022-08-17,55
EST_03929,미끄럼틀,1,737000,신세계시설관리,2022-06-23,2022-08-19,57
EST_03930,보호펜스,3,178000,우신시설관리,2022-06-23,2022-09-02,71
EST_03931,맨홀,3,1251000,국토개발,2022-06-23,2022-09-07,76
EST_03932,미끄럼틀,1,804000,제일토목,2022-06-23,2022-08-13,51
EST_03933,가로수보호덮개,2,158000,우신산업,2022-06-24,2022-07-15,21
EST_03934,등받이있는벤치,2,320000,한성토목,2022-06-24,2022-07-21,27
EST_03935,농구대,3,2301000,한성산업,2022-06-24,2022-08-27,64
EST_03936,미끄럼틀,2,1719000,대명시설관리,2022-06-24,2022-09-29,97
EST_03937,점자블록,1,19000,미래안전,2022-06-24,2022-07-04,10
EST_03938,농구대,1,240000,태영안전,2022-06-25,2022-07-22,27
EST_03939,보호시설물볼라드,2,105000,우신시설관리,2022-06-25,2022-07-24,29
EST_03940,농구대,3,1701000,제일시설관리,2022-06-25,2022-09-03,70
EST_03941,달리기,3,2260000,중앙테크,2022-06-25,2022-10-03,100
EST_03942,그네,1,427000,중앙건설,2022-06-25,2022-08-21,57
EST_03943,미끄럼틀,2,1731000,제일산업,2022-06-25,2022-10-01,98
EST_03944,보호시설물무단횡단방지시설,2,287000,중앙건설,2022-06-26,2022-08-03,38
EST_03945,달리기,2,1248000,우신테크,2022-06-26,2022-08-13,48
EST_03946,맨홀,1,248000,중앙토목,2022-06-26,2022-07-20,24
EST_03947,보차도경계석,2,84000,대명안전,2022-06-26,2022-07-19,23
EST_03948,맨홀,3,1253000,태영건설,2022-06-26,2022-09-14,80
EST_03949,농구대,3,2137000,한성시설관리,2022-06-26,2022-10-06,102
EST_03950,축구골대,2,1349000,제일조경,2022-06-26,2022-08-26,61
EST_03951,점자블록,2,41000,한성시설관리,2022-06-27,2022-07-17,20
EST_03952,가로수보호덮개,1,73000,중앙건설,2022-06-27,2022-07-09,12
EST_03953,농구대,3,1549000,중앙테크,2022-06-27,2022-10-08,103
EST_03954,농구대,1,373000,미래시설관리,2022-06-27,2022-07-25,28
EST_03955,등받이없는벤치,2,232000,중앙토목,2022-06-27,2022-07-24,27
EST_03956,보호시설물무단횡단방지시설,1,74000,현대건설,2022-06-27,2022-07-22,25
EST_03957,보호시설물볼라드,2,101000,태영테크,2022-06-27,2022-07-25,28
EST_03958,농구대,3,1747000,한성산업,2022-06-28,2022-08-31,64
EST_03959,등받이없는벤치,3,404000,미래시설관리,2022-06-28,2022-08-04,37
EST_03960,점자블록,3,85000,미래토목,2022-06-28,2022-08-08,41
EST_03961,트랜치,3,266000,중앙산업,2022-06-28,2022-08-06,39
EST_03962,점자블록,2,42000,제일안전,2022-06-28,2022-07-16,18
EST_03963,축구골대,2,1973000,제일안전,2022-06-28,2022-08-29,62
EST_03964,가로수보호덮개,3,425000,미래시설관리,2022-06-29,2022-07-28,29
EST_03965,축구골대,3,4144000,신세계테크,2022-06-29,2022-10-30,123
EST_03966,보차도경계석,3,150000,대명안전,2022-06-29,2022-08-25,57
EST_03967,가로수보호덮개,2,160000,제일안전,2022-06-29,2022-07-15,16
EST_03968,보호펜스,2,90000,동화토목,2022-07-01,2022-08-06,36
EST_03969,점자블록,1,15000,제일시설관리,2022-07-01,2022-07-12,11
EST_03970,보도블록,2,24000,신세계토목,2022-07-01,2022-07-16,15
EST_03971,달리기,2,1572000,한성산업,2022-07-01,2022-08-27,57
EST_03972,보호시설물볼라드,2,133000,신세계시스템,2022-07-01,2022-07-25,24
EST_03973,미끄럼틀,2,2432000,우신테크,2022-07-01,2022-09-26,87
EST_03974,보호펜스,3,202000,신세계조경,2022-07-01,2022-09-09,70
EST_03975,달리기,3,2294000,제일시설관리,2022-07-02,2022-10-05,95
EST_03976,보차도경계석,1,28000,미래시설관리,2022-07-02,2022-07-16,14
EST_03977,트랜치,3,242000,에코시설,2022-07-02,2022-07-31,29
EST_03978,보차도경계석,2,78000,동화시설관리,2022-07-02,2022-07-25,23
EST_03979,보도블록,3,62000,대명시설관리,2022-07-03,2022-08-15,43
EST_03980,보호시설물볼라드,3,202000,신세계토목,2022-07-03,2022-08-14,42
EST_03981,보호시설물볼라드,3,230000,대명건설,2022-07-03,2022-08-27,55
EST_03982,보도블록,3,53000,신세계안전,2022-07-03,2022-07-28,25
EST_03983,보차도경계석,3,163000,신세계건설,2022-07-03,2022-08-11,39
EST_03984,맨홀,1,187000,중앙안전,2022-07-04,2022-07-26,22
EST_03985,등받이있는벤치,2,403000,제일테크,2022-07-04,2022-08-03,30
EST_03986,가로수보호덮개,3,459000,대명안전,2022-07-04,2022-08-17,44
EST_03987,보도블록,1,14000,제일산업,2022-07-04,2022-07-15,11
EST_03988,축구골대,2,1541000,한성시설관리,2022-07-04,2022-08-23,50
EST_03989,달리기,3,2121000,동화조경,2022-07-04,2022-10-12,100
EST_03990,축구골대,2,1863000,우신조경,2022-07-04,2022-08-22,49
EST_03991,트랜치,1,33000,에코시설,2022-07-05,2022-07-15,10
EST_03992,보호시설물볼라드,3,263000,태영건설,2022-07-05,2022-08-25,51
EST_03993,보도블록,1,10000,태영건설,2022-07-05,2022-07-17,12
EST_03994,가로수보호덮개,3,310000,제일안전,2022-07-05,2022-08-06,32
EST_03995,등받이있는벤치,2,371000,현대건설,2022-07-05,2022-08-04,30
EST_03996,등받이없는벤치,1,85000,동화조경,2022-07-05,2022-07-20,15
EST_03997,보호시설물볼라드,3,239000,제일시설관리,2022-07-06,2022-09-01,57
EST_03998,그네,3,2130000,태영안전,2022-07-06,2022-12-25,172
EST_03999,맨홀,3,1039000,제일안전,2022-07-06,2022-09-13,69
EST_04000,달리기,1,515000,동화시설관리,2022-07-06,2022-08-09,34
EST_04001,보도블록,2,23000,도시정비단,2022-07-06,2022-07-27,21
EST_04002,트랜치,2,92000,대명시설관리,2022-07-07,2022-07-24,17
EST_04003,맨홀,2,591000,태영건설,2022-07-07,2022-08-13,37
EST_04004,보호펜스,1,56000,태영건설,2022-07-07,2022-07-30,23
EST_04005,보호시설물무단횡단방지시설,1,72000,미래안전,2022-07-07,2022-07-31,24
EST_04006,보차도경계석,1,20000,한성안전,2022-07-07,2022-07-22,15
EST_04007,달리기,2,1537000,미래시설관리,2022-07-07,2022-09-08,63
EST_04008,등받이있는벤치,1,115000,대명테크,2022-07-08,2022-07-23,15
EST_04009,보호펜스,3,182000,대명건설,2022-07-08,2022-09-21,75
EST_04010,트랜치,1,44000,동화테크,2022-07-08,2022-07-19,11
EST_04011,점자블록,2,51000,제일조경,2022-07-08,2022-07-29,21
EST_04012,트랜치,2,133000,중앙산업,2022-07-08,2022-07-23,15
EST_04013,축구골대,2,1396000,미래시설관리,2022-07-08,2022-08-23,46
EST_04014,가로수보호덮개,1,60000,중앙토목,2022-07-08,2022-07-18,10
EST_04015,보호시설물무단횡단방지시설,1,69000,미래시스템,2022-07-09,2022-08-02,24
EST_04016,축구골대,3,3517000,한성시설관리,2022-07-09,2022-10-18,101
EST_04017,보호펜스,1,49000,국토개발,2022-07-09,2022-08-03,25
EST_04018,농구대,1,440000,한성토목,2022-07-09,2022-08-03,25
EST_04019,등받이없는벤치,3,440000,제일조경,2022-07-09,2022-09-05,58
EST_04020,등받이없는벤치,3,534000,도시정비단,2022-07-10,2022-08-18,39
EST_04021,가로수보호덮개,3,368000,태영안전,2022-07-11,2022-08-05,25
EST_04022,보호펜스,3,168000,대명건설,2022-07-11,2022-10-03,84
EST_04023,맨홀,3,1178000,에코시설,2022-07-11,2022-09-11,62
EST_04024,농구대,3,2161000,제일산업,2022-07-11,2022-09-26,77
EST_04025,보차도경계석,1,22000,태영테크,2022-07-11,2022-07-27,16
EST_04026,맨홀,2,634000,중앙테크,2022-07-12,2022-08-20,39
EST_04027,점자블록,3,62000,현대시스템,2022-07-12,2022-08-06,25
EST_04028,보도블록,2,33000,현대건설,2022-07-12,2022-08-01,20
EST_04029,달리기,1,591000,한성토목,2022-07-13,2022-08-14,32
EST_04030,트랜치,2,128000,동화테크,2022-07-13,2022-08-03,21
EST_04031,보호시설물무단횡단방지시설,3,513000,한성토목,2022-07-13,2022-10-08,87
EST_04032,보도블록,1,8000,미래안전,2022-07-13,2022-07-23,10
EST_04033,달리기,1,472000,동화테크,2022-07-13,2022-08-19,37
EST_04034,맨홀,3,1074000,신세계토목,2022-07-13,2022-09-11,60
EST_04035,점자블록,2,45000,중앙안전,2022-07-13,2022-08-03,21
EST_04036,보차도경계석,1,22000,그린플레이,2022-07-14,2022-07-28,14
EST_04037,농구대,2,1088000,한성건설,2022-07-14,2022-09-03,51
EST_04038,등받이없는벤치,1,112000,신세계건설,2022-07-14,2022-07-29,15
EST_04039,그네,1,368000,우신시설관리,2022-07-15,2022-09-05,52
EST_04040,보차도경계석,2,82000,신세계시스템,2022-07-15,2022-08-08,24
EST_04041,트랜치,2,128000,중앙건설,2022-07-15,2022-07-30,15
EST_04042,가로수보호덮개,3,420000,미래시설관리,2022-07-15,2022-08-18,34
EST_04043,등받이있는벤치,1,143000,제일토목,2022-07-16,2022-08-01,16
EST_04044,등받이없는벤치,3,584000,중앙테크,2022-07-16,2022-09-11,57
EST_04045,등받이없는벤치,2,279000,중앙토목,2022-07-16,2022-08-10,25
EST_04046,축구골대,1,554000,미래토목,2022-07-16,2022-08-16,31
EST_04047,미끄럼틀,2,2150000,태영건설,2022-07-16,2022-10-11,87
EST_04048,보호시설물볼라드,1,65000,미래시설관리,2022-07-17,2022-08-03,17
EST_04049,맨홀,1,182000,제일안전,2022-07-17,2022-08-06,20
EST_04050,맨홀,1,300000,대명산업,2022-07-17,2022-08-07,21
EST_04051,보호펜스,2,80000,대명시설관리,2022-07-17,2022-08-22,36
EST_04052,맨홀,3,1104000,제일산업,2022-07-18,2022-09-09,53
EST_04053,보차도경계석,2,86000,중앙테크,2022-07-18,2022-08-13,26
EST_04054,트랜치,2,100000,제일안전,2022-07-18,2022-08-02,15
EST_04055,맨홀,3,1185000,제일산업,2022-07-18,2022-10-05,79
EST_04056,보호시설물무단횡단방지시설,3,572000,우신산업,2022-07-19,2022-10-18,91
EST_04057,보호시설물무단횡단방지시설,3,487000,중앙안전,2022-07-19,2022-09-10,53
EST_04058,가로수보호덮개,3,488000,미래시스템,2022-07-19,2022-08-24,36
EST_04059,보도블록,3,53000,동화조경,2022-07-19,2022-08-24,36
EST_04060,맨홀,1,300000,제일안전,2022-07-19,2022-08-11,23
EST_04061,그네,3,2602000,대명건설,2022-07-19,2022-11-20,124
EST_04062,가로수보호덮개,3,490000,한성안전,2022-07-20,2022-08-22,33
EST_04063,축구골대,3,4280000,에코시설,2022-07-20,2022-11-07,110
EST_04064,보호시설물무단횡단방지시설,2,199000,제일시설관리,2022-07-20,2022-08-27,38
EST_04065,맨홀,2,531000,제일안전,2022-07-20,2022-08-26,37
EST_04066,가로수보호덮개,2,184000,현대건설,2022-07-20,2022-08-06,17
EST_04067,보도블록,1,15000,신세계토목,2022-07-20,2022-08-01,12
EST_04068,달리기,3,3053000,미래시스템,2022-07-20,2022-10-26,98
EST_04069,축구골대,3,3802000,신세계테크,2022-07-20,2022-10-04,76
EST_04070,점자블록,2,38000,대명테크,2022-07-21,2022-08-05,15
EST_04071,미끄럼틀,1,624000,대명산업,2022-07-21,2022-09-05,46
EST_04072,보호펜스,3,207000,대명안전,2022-07-22,2022-09-17,57
EST_04073,점자블록,1,16000,그린플레이,2022-07-22,2022-08-03,12
EST_04074,농구대,3,1807000,동화조경,2022-07-22,2022-10-02,72
EST_04075,등받이없는벤치,2,248000,한성산업,2022-07-22,2022-08-16,25
EST_04076,달리기,1,567000,한성건설,2022-07-22,2022-08-22,31
EST_04077,달리기,3,2554000,동화토목,2022-07-22,2022-10-08,78
EST_04078,보도블록,3,45000,신세계안전,2022-07-22,2022-08-23,32
EST_04079,보차도경계석,1,31000,대명안전,2022-07-22,2022-08-07,16
EST_04080,보호시설물볼라드,3,202000,동화조경,2022-07-22,2022-09-16,56
EST_04081,미끄럼틀,1,1274000,도시정비단,2022-07-23,2022-09-12,51
EST_04082,미끄럼틀,3,4013000,제일시설관리,2022-07-23,2022-12-28,158
EST_04083,미끄럼틀,2,2332000,도시정비단,2022-07-23,2022-10-03,72
EST_04084,맨홀,1,221000,우신조경,2022-07-23,2022-08-14,22
EST_04085,보호시설물볼라드,1,49000,현대건설,2022-07-23,2022-08-09,17
EST_04086,등받이있는벤치,3,629000,미래시스템,2022-07-23,2022-08-30,38
EST_04087,축구골대,2,1859000,대명산업,2022-07-23,2022-09-22,61
EST_04088,농구대,3,2296000,국토개발,2022-07-23,2022-11-07,107
EST_04089,미끄럼틀,2,2460000,신세계조경,2022-07-23,2022-10-09,78
EST_04090,맨홀,3,1192000,국토개발,2022-07-24,2022-09-27,65
EST_04091,축구골대,3,2980000,신세계안전,2022-07-24,2022-11-24,123
EST_04092,축구골대,1,958000,에코시설,2022-07-24,2022-08-25,32
EST_04093,가로수보호덮개,3,474000,신세계시설관리,2022-07-24,2022-08-28,35
EST_04094,보호시설물무단횡단방지시설,1,80000,신세계토목,2022-07-25,2022-08-16,22
EST_04095,등받이없는벤치,1,128000,동화테크,2022-07-25,2022-08-11,17
EST_04096,등받이있는벤치,3,890000,우신시설관리,2022-07-26,2022-09-01,37
EST_04097,그네,1,446000,제일조경,2022-07-26,2022-09-16,52
EST_04098,보차도경계석,2,58000,대명건설,2022-07-26,2022-08-21,26
EST_04099,보호시설물볼라드,1,41000,대명산업,2022-07-26,2022-08-12,17
EST_04100,축구골대,2,1403000,우신조경,2022-07-27,2022-09-26,61
EST_04101,가로수보호덮개,1,63000,한성건설,2022-07-27,2022-08-07,11
EST_04102,축구골대,3,3634000,동화조경,2022-07-28,2022-11-13,108
EST_04103,등받이없는벤치,2,232000,중앙산업,2022-07-28,2022-08-26,29
EST_04104,그네,3,2199000,도시정비단,2022-07-28,2023-01-04,160
EST_04105,달리기,3,2377000,그린플레이,2022-07-28,2022-11-18,113
EST_04106,맨홀,3,987000,우신테크,2022-07-29,2022-10-02,65
EST_04107,보차도경계석,3,125000,중앙안전,2022-07-29,2022-09-21,54
EST_04108,등받이있는벤치,2,411000,현대시스템,2022-07-30,2022-08-23,24
EST_04109,보도블록,3,47000,중앙산업,2022-07-30,2022-08-31,32
EST_04110,달리기,3,2517000,중앙안전,2022-07-30,2022-11-19,112
EST_04111,농구대,3,1926000,제일산업,2022-07-30,2022-10-17,79
EST_04112,그네,2,1375000,한성건설,2022-07-30,2022-11-05,98
EST_04113,보차도경계석,3,168000,신세계시스템,2022-07-30,2022-09-13,45
EST_04114,트랜치,1,50000,현대시스템,2022-07-31,2022-08-12,12
EST_04115,그네,2,1179000,동화시설관리,2022-08-01,2022-11-07,98
EST_04116,미끄럼틀,2,2560000,중앙안전,2022-08-01,2022-10-24,84
EST_04117,농구대,3,1764000,대명안전,2022-08-01,2022-11-08,99
EST_04118,보호시설물무단횡단방지시설,1,66000,대명테크,2022-08-01,2022-08-22,21
EST_04119,미끄럼틀,3,4938000,미래안전,2022-08-02,2023-01-07,158
EST_04120,점자블록,2,40000,동화시설관리,2022-08-02,2022-08-18,16
EST_04121,보차도경계석,1,23000,신세계시스템,2022-08-02,2022-08-17,15
EST_04122,축구골대,2,1774000,중앙토목,2022-08-03,2022-09-19,47
EST_04123,트랜치,1,40000,대명테크,2022-08-03,2022-08-14,11
EST_04124,등받이있는벤치,3,630000,신세계안전,2022-08-03,2022-10-03,61
EST_04125,트랜치,2,124000,한성산업,2022-08-03,2022-08-22,19
EST_04126,보호시설물무단횡단방지시설,1,70000,한성산업,2022-08-04,2022-08-25,21
EST_04127,트랜치,3,193000,동화시스템,2022-08-04,2022-09-07,34
EST_04128,보호펜스,1,54000,신세계테크,2022-08-04,2022-08-27,23
EST_04129,점자블록,1,15000,동화시설관리,2022-08-04,2022-08-14,10
EST_04130,달리기,1,668000,태영건설,2022-08-04,2022-09-07,34
EST_04131,보호펜스,2,108000,신세계시스템,2022-08-05,2022-09-13,39
EST_04132,보호펜스,3,235000,우신테크,2022-08-05,2022-10-30,86
EST_04133,보차도경계석,1,25000,한성토목,2022-08-06,2022-08-22,16
EST_04134,보호시설물무단횡단방지시설,3,536000,한성건설,2022-08-06,2022-10-06,61
EST_04135,트랜치,1,49000,제일토목,2022-08-08,2022-08-18,10
EST_04136,보차도경계석,1,21000,신세계건설,2022-08-08,2022-08-24,16
EST_04137,축구골대,3,4305000,제일시설관리,2022-08-09,2022-11-16,99
EST_04138,등받이있는벤치,2,282000,한성건설,2022-08-09,2022-09-06,28
EST_04139,보호시설물무단횡단방지시설,2,196000,중앙테크,2022-08-09,2022-09-10,32
EST_04140,보호시설물무단횡단방지시설,2,251000,중앙산업,2022-08-09,2022-09-21,43
EST_04141,보차도경계석,1,28000,중앙산업,2022-08-09,2022-08-26,17
EST_04142,트랜치,1,49000,신세계안전,2022-08-09,2022-08-20,11
EST_04143,보호시설물무단횡단방지시설,1,100000,동화테크,2022-08-09,2022-09-05,27
EST_04144,보호시설물볼라드,2,134000,현대건설,2022-08-10,2022-09-08,29
EST_04145,보차도경계석,1,40000,제일시설관리,2022-08-12,2022-08-28,16
EST_04146,농구대,2,1170000,동화테크,2022-08-12,2022-09-25,44
EST_04147,등받이없는벤치,1,152000,한성산업,2022-08-13,2022-08-29,16
EST_04148,달리기,1,469000,신세계건설,2022-08-13,2022-09-17,35
EST_04149,보차도경계석,2,84000,동화조경,2022-08-13,2022-09-05,23
EST_04150,트랜치,1,41000,한성안전,2022-08-14,2022-08-26,12
EST_04151,등받이없는벤치,3,423000,동화토목,2022-08-14,2022-10-05,52
EST_04152,트랜치,1,63000,한성토목,2022-08-14,2022-08-25,11
EST_04153,보호시설물볼라드,1,37000,동화시설관리,2022-08-14,2022-09-01,18
EST_04154,등받이없는벤치,2,262000,신세계안전,2022-08-14,2022-09-04,21
EST_04155,맨홀,3,899000,에코시설,2022-08-14,2022-10-28,75
EST_04156,달리기,3,2898000,신세계안전,2022-08-14,2022-11-26,104
EST_04157,보차도경계석,1,29000,신세계안전,2022-08-14,2022-08-28,14
EST_04158,맨홀,2,646000,중앙안전,2022-08-14,2022-09-14,31
EST_04159,보도블록,1,11000,제일조경,2022-08-14,2022-08-26,12
EST_04160,트랜치,1,64000,제일안전,2022-08-15,2022-08-27,12
EST_04161,등받이있는벤치,1,203000,태영테크,2022-08-16,2022-08-30,14
EST_04162,점자블록,1,12000,제일시설관리,2022-08-17,2022-08-27,10
EST_04163,축구골대,2,1774000,도시정비단,2022-08-17,2022-10-20,64
EST_04164,보호펜스,2,112000,미래토목,2022-08-17,2022-10-01,45
EST_04165,보도블록,1,13000,현대시스템,2022-08-18,2022-08-29,11
EST_04166,보호시설물볼라드,3,205000,현대건설,2022-08-18,2022-10-14,57
EST_04167,보호펜스,1,45000,동화토목,2022-08-18,2022-09-13,26
EST_04168,축구골대,3,2950000,한성시설관리,2022-08-18,2022-11-07,81
EST_04169,보호시설물무단횡단방지시설,1,107000,미래토목,2022-08-19,2022-09-11,23
EST_04170,그네,1,374000,현대건설,2022-08-19,2022-10-03,45
EST_04171,보차도경계석,2,65000,중앙안전,2022-08-19,2022-09-11,23
EST_04172,트랜치,2,98000,우신조경,2022-08-19,2022-09-05,17
EST_04173,미끄럼틀,1,698000,미래안전,2022-08-20,2022-10-11,52
EST_04174,점자블록,2,47000,태영건설,2022-08-20,2022-09-09,20
EST_04175,트랜치,1,41000,태영테크,2022-08-20,2022-09-01,12
EST_04176,달리기,3,2945000,현대시스템,2022-08-20,2022-12-03,105
EST_04177,등받이없는벤치,3,505000,중앙토목,2022-08-20,2022-10-21,62
EST_04178,보도블록,3,53000,제일산업,2022-08-20,2022-09-30,41
EST_04179,점자블록,1,12000,동화테크,2022-08-21,2022-09-01,11
EST_04180,달리기,2,1169000,신세계건설,2022-08-21,2022-10-08,48
EST_04181,점자블록,2,51000,한성산업,2022-08-21,2022-09-07,17
EST_04182,보호시설물무단횡단방지시설,1,63000,대명산업,2022-08-21,2022-09-11,21
EST_04183,보호시설물볼라드,3,206000,제일안전,2022-08-21,2022-10-03,43
EST_04184,맨홀,2,509000,우신시설관리,2022-08-22,2022-10-03,42
EST_04185,그네,1,416000,미래시스템,2022-08-22,2022-10-18,57
EST_04186,보호시설물볼라드,3,316000,중앙토목,2022-08-23,2022-09-28,36
EST_04187,미끄럼틀,2,2435000,대명산업,2022-08-23,2022-11-12,81
EST_04188,그네,3,1983000,우신산업,2022-08-23,2023-01-22,152
EST_04189,미끄럼틀,2,2760000,현대건설,2022-08-23,2022-11-01,70
EST_04190,가로수보호덮개,2,217000,에코시설,2022-08-24,2022-09-14,21
EST_04191,보도블록,2,22000,신세계토목,2022-08-24,2022-09-14,21
EST_04192,보호시설물볼라드,3,231000,동화조경,2022-08-24,2022-10-22,59
EST_04193,등받이없는벤치,1,70000,미래시설관리,2022-08-24,2022-09-09,16
EST_04194,보호시설물무단횡단방지시설,2,198000,미래안전,2022-08-24,2022-10-03,40
EST_04195,그네,1,602000,국토개발,2022-08-24,2022-10-11,48
EST_04196,맨홀,2,595000,그린플레이,2022-08-25,2022-09-25,31
EST_04197,보호시설물무단횡단방지시설,2,287000,동화시설관리,2022-08-25,2022-09-25,31
EST_04198,보도블록,3,57000,신세계시설관리,2022-08-25,2022-09-23,29
EST_04199,그네,3,2314000,에코시설,2022-08-25,2023-01-21,149
EST_04200,보도블록,1,10000,신세계테크,2022-08-25,2022-09-05,11
EST_04201,축구골대,3,3147000,미래안전,2022-08-26,2022-11-30,96
EST_04202,맨홀,2,535000,현대시스템,2022-08-26,2022-09-27,32
EST_04203,등받이있는벤치,2,461000,제일조경,2022-08-26,2022-09-23,28
EST_04204,보호시설물무단횡단방지시설,3,420000,태영건설,2022-08-27,2022-11-19,84
EST_04205,보호펜스,2,89000,제일토목,2022-08-27,2022-10-09,43
EST_04206,그네,3,1847000,그린플레이,2022-08-27,2023-01-18,144
EST_04207,등받이없는벤치,1,69000,우신조경,2022-08-27,2022-09-13,17
EST_04208,보호펜스,2,119000,신세계안전,2022-08-28,2022-10-03,36
EST_04209,가로수보호덮개,2,208000,제일테크,2022-08-28,2022-09-13,16
EST_04210,농구대,1,248000,도시정비단,2022-08-28,2022-09-22,25
EST_04211,점자블록,3,62000,신세계시설관리,2022-08-28,2022-09-30,33
EST_04212,미끄럼틀,3,5342000,중앙테크,2022-08-28,2023-03-05,189
EST_04213,보호시설물볼라드,2,136000,현대건설,2022-08-28,2022-09-19,22
EST_04214,점자블록,1,11000,태영건설,2022-08-29,2022-09-08,10
EST_04215,보호시설물볼라드,1,75000,우신조경,2022-08-30,2022-09-14,15
EST_04216,축구골대,3,2690000,태영안전,2022-08-30,2022-11-27,89
EST_04217,그네,1,647000,동화토목,2022-08-30,2022-10-21,52
EST_04218,보호펜스,1,37000,한성시설관리,2022-08-30,2022-09-23,24
EST_04219,점자블록,1,21000,신세계조경,2022-08-30,2022-09-10,11
EST_04220,점자블록,3,99000,제일시설관리,2022-08-31,2022-10-02,32
EST_04221,달리기,1,748000,제일토목,2022-08-31,2022-10-02,32
EST_04222,축구골대,3,3333000,한성시설관리,2022-08-31,2023-01-12,134
EST_04223,점자블록,2,40000,미래안전,2022-08-31,2022-09-19,19
EST_04224,맨홀,2,564000,중앙산업,2022-08-31,2022-10-12,42
EST_04225,축구골대,2,1482000,제일안전,2022-08-31,2022-10-28,58
EST_04226,가로수보호덮개,2,218000,태영테크,2022-09-01,2022-09-16,15
EST_04227,그네,2,1160000,한성토목,2022-09-01,2022-12-07,97
EST_04228,트랜치,1,50000,한성안전,2022-09-01,2022-09-13,12
EST_04229,보차도경계석,1,28000,신세계시설관리,2022-09-01,2022-09-16,15
EST_04230,가로수보호덮개,2,203000,태영건설,2022-09-01,2022-09-20,19
EST_04231,맨홀,3,1005000,도시정비단,2022-09-01,2022-11-20,80
EST_04232,보호시설물볼라드,1,60000,제일조경,2022-09-02,2022-09-19,17
EST_04233,트랜치,2,136000,우신시설관리,2022-09-02,2022-09-19,17
EST_04234,등받이있는벤치,3,817000,한성안전,2022-09-03,2022-10-10,37
EST_04235,가로수보호덮개,1,59000,신세계테크,2022-09-03,2022-09-13,10
EST_04236,보차도경계석,2,57000,대명산업,2022-09-03,2022-10-03,30
EST_04237,점자블록,2,35000,우신시설관리,2022-09-03,2022-09-22,19
EST_04238,보호시설물무단횡단방지시설,2,279000,동화시스템,2022-09-03,2022-10-15,42
EST_04239,축구골대,2,1489000,대명산업,2022-09-04,2022-10-23,49
EST_04240,등받이있는벤치,1,116000,중앙테크,2022-09-04,2022-09-18,14
EST_04241,농구대,1,374000,태영건설,2022-09-05,2022-10-01,26
EST_04242,맨홀,2,643000,우신시설관리,2022-09-05,2022-10-11,36
EST_04243,보호펜스,2,86000,한성안전,2022-09-06,2022-10-10,34
EST_04244,축구골대,2,2139000,중앙산업,2022-09-06,2022-10-22,46
EST_04245,보호시설물무단횡단방지시설,2,218000,미래시설관리,2022-09-06,2022-10-12,36
EST_04246,보호시설물무단횡단방지시설,3,489000,동화시스템,2022-09-06,2022-10-29,53
EST_04247,가로수보호덮개,3,389000,대명건설,2022-09-06,2022-10-10,34
EST_04248,농구대,2,887000,한성안전,2022-09-07,2022-10-21,44
EST_04249,점자블록,2,39000,중앙안전,2022-09-08,2022-09-24,16
EST_04250,미끄럼틀,3,4001000,우신조경,2022-09-08,2022-12-31,114
EST_04251,보호시설물무단횡단방지시설,1,64000,신세계건설,2022-09-08,2022-10-04,26
EST_04252,축구골대,3,3144000,신세계조경,2022-09-08,2023-01-06,120
EST_04253,보호시설물무단횡단방지시설,2,182000,동화토목,2022-09-09,2022-10-16,37
EST_04254,등받이있는벤치,3,844000,우신시설관리,2022-09-09,2022-11-01,53
EST_04255,등받이없는벤치,2,290000,대명테크,2022-09-09,2022-10-02,23
EST_04256,달리기,2,1078000,현대시스템,2022-09-10,2022-11-12,63
EST_04257,등받이없는벤치,1,101000,미래안전,2022-09-10,2022-09-27,17
EST_04258,등받이있는벤치,1,157000,동화테크,2022-09-10,2022-09-24,14
EST_04259,미끄럼틀,2,2515000,동화조경,2022-09-10,2022-11-27,78
EST_04260,보도블록,2,31000,신세계안전,2022-09-10,2022-10-01,21
EST_04261,맨홀,3,1038000,동화시스템,2022-09-11,2022-12-07,87
EST_04262,트랜치,1,62000,신세계시설관리,2022-09-11,2022-09-21,10
EST_04263,농구대,1,334000,제일안전,2022-09-11,2022-10-10,29
EST_04264,가로수보호덮개,2,173000,중앙테크,2022-09-11,2022-09-28,17
EST_04265,트랜치,2,135000,대명안전,2022-09-11,2022-10-02,21
EST_04266,보호시설물볼라드,2,118000,신세계조경,2022-09-11,2022-10-03,22
EST_04267,미끄럼틀,2,2104000,한성안전,2022-09-11,2022-12-14,94
EST_04268,점자블록,1,23000,미래안전,2022-09-12,2022-09-22,10
EST_04269,맨홀,3,1028000,한성산업,2022-09-12,2022-11-20,69
EST_04270,축구골대,1,743000,제일산업,2022-09-12,2022-10-17,35
EST_04271,보차도경계석,1,37000,우신시설관리,2022-09-12,2022-09-26,14
EST_04272,축구골대,2,1438000,현대시스템,2022-09-12,2022-11-09,58
EST_04273,보호시설물무단횡단방지시설,1,97000,동화토목,2022-09-12,2022-10-05,23
EST_04274,점자블록,2,39000,제일테크,2022-09-13,2022-10-02,19
EST_04275,보차도경계석,3,135000,대명시설관리,2022-09-13,2022-10-21,38
EST_04276,등받이있는벤치,2,299000,미래시설관리,2022-09-13,2022-10-10,27
EST_04277,트랜치,3,256000,한성시설관리,2022-09-13,2022-10-15,32
EST_04278,보호시설물볼라드,2,151000,동화시설관리,2022-09-13,2022-10-07,24
EST_04279,트랜치,3,241000,중앙안전,2022-09-13,2022-10-21,38
EST_04280,보호펜스,3,197000,대명안전,2022-09-13,2022-12-08,86
EST_04281,보차도경계석,2,62000,미래시스템,2022-09-13,2022-10-10,27
EST_04282,농구대,3,2188000,중앙테크,2022-09-13,2022-12-06,84
EST_04283,트랜치,3,247000,신세계토목,2022-09-14,2022-10-28,44
EST_04284,달리기,2,1487000,제일토목,2022-09-15,2022-11-06,52
EST_04285,축구골대,3,2791000,현대건설,2022-09-15,2022-12-22,98
EST_04286,미끄럼틀,1,1232000,도시정비단,2022-09-15,2022-10-30,45
EST_04287,달리기,1,414000,대명건설,2022-09-15,2022-10-21,36
EST_04288,보호펜스,1,44000,제일시설관리,2022-09-15,2022-10-06,21
EST_04289,그네,2,1431000,대명시설관리,2022-09-15,2022-11-28,74
EST_04290,보차도경계석,2,79000,태영테크,2022-09-16,2022-10-07,21
EST_04291,보도블록,1,12000,제일시설관리,2022-09-16,2022-09-26,10
EST_04292,등받이있는벤치,2,442000,동화시스템,2022-09-16,2022-10-12,26
EST_04293,보호시설물무단횡단방지시설,2,243000,동화조경,2022-09-16,2022-10-25,39
EST_04294,맨홀,1,146000,우신시설관리,2022-09-17,2022-10-09,22
EST_04295,축구골대,1,557000,신세계시스템,2022-09-17,2022-10-24,37
EST_04296,맨홀,2,590000,우신산업,2022-09-17,2022-10-18,31
EST_04297,등받이없는벤치,1,123000,미래시설관리,2022-09-17,2022-10-02,15
EST_04298,그네,3,1891000,미래토목,2022-09-18,2023-03-05,168
EST_04299,그네,3,2687000,신세계조경,2022-09-18,2023-01-11,115
EST_04300,트랜치,1,48000,동화토목,2022-09-18,2022-09-29,11
EST_04301,점자블록,2,31000,신세계조경,2022-09-18,2022-10-07,19
EST_04302,축구골대,1,575000,우신조경,2022-09-18,2022-10-26,38
EST_04303,보도블록,2,34000,대명산업,2022-09-19,2022-10-10,21
EST_04304,등받이있는벤치,2,284000,제일산업,2022-09-19,2022-10-11,22
EST_04305,등받이있는벤치,3,698000,한성건설,2022-09-19,2022-10-24,35
EST_04306,보차도경계석,2,80000,중앙안전,2022-09-19,2022-10-16,27
EST_04307,등받이없는벤치,1,116000,태영안전,2022-09-20,2022-10-04,14
EST_04308,보차도경계석,1,19000,현대건설,2022-09-20,2022-10-08,18
EST_04309,보호시설물볼라드,3,264000,제일테크,2022-09-20,2022-10-29,39
EST_04310,가로수보호덮개,1,118000,현대시스템,2022-09-20,2022-09-30,10
EST_04311,가로수보호덮개,3,487000,중앙건설,2022-09-20,2022-10-18,28
EST_04312,등받이있는벤치,2,373000,신세계토목,2022-09-20,2022-10-13,23
EST_04313,가로수보호덮개,2,217000,대명안전,2022-09-21,2022-10-10,19
EST_04314,보호펜스,3,232000,대명안전,2022-09-21,2022-12-13,83
EST_04315,미끄럼틀,2,2259000,국토개발,2022-09-21,2022-12-19,89
EST_04316,보호시설물볼라드,2,160000,중앙테크,2022-09-21,2022-10-18,27
EST_04317,보호펜스,2,80000,중앙산업,2022-09-21,2022-11-03,43
EST_04318,등받이있는벤치,3,584000,동화조경,2022-09-21,2022-11-21,61
EST_04319,트랜치,1,46000,대명안전,2022-09-22,2022-10-02,10
EST_04320,달리기,1,690000,우신산업,2022-09-22,2022-10-29,37
EST_04321,농구대,3,1644000,중앙토목,2022-09-22,2022-12-06,75
EST_04322,농구대,1,328000,태영건설,2022-09-23,2022-10-21,28
EST_04323,점자블록,3,79000,우신테크,2022-09-24,2022-11-05,42
EST_04324,등받이없는벤치,3,540000,태영테크,2022-09-24,2022-11-08,45
EST_04325,농구대,2,857000,신세계조경,2022-09-24,2022-11-05,42
EST_04326,가로수보호덮개,3,361000,대명테크,2022-09-24,2022-11-01,38
EST_04327,축구골대,2,1382000,대명건설,2022-09-24,2022-11-19,56
EST_04328,맨홀,2,451000,제일산업,2022-09-24,2022-10-29,35
EST_04329,보호펜스,1,53000,중앙테크,2022-09-25,2022-10-21,26
EST_04330,보차도경계석,3,114000,중앙건설,2022-09-25,2022-11-15,51
EST_04331,그네,3,2565000,미래토목,2022-09-25,2023-01-20,117
EST_04332,농구대,3,1443000,도시정비단,2022-09-25,2023-01-08,105
EST_04333,그네,1,568000,국토개발,2022-09-25,2022-11-20,56
EST_04334,보차도경계석,3,140000,현대시스템,2022-09-26,2022-11-19,54
EST_04335,맨홀,2,496000,동화테크,2022-09-26,2022-10-30,34
EST_04336,축구골대,1,589000,제일토목,2022-09-26,2022-10-28,32
EST_04337,가로수보호덮개,2,242000,한성산업,2022-09-26,2022-10-13,17
EST_04338,등받이없는벤치,1,84000,한성토목,2022-09-26,2022-10-12,16
EST_04339,보호시설물무단횡단방지시설,3,534000,국토개발,2022-09-26,2022-12-27,92
EST_04340,점자블록,2,49000,대명테크,2022-09-27,2022-10-17,20
EST_04341,트랜치,3,245000,동화조경,2022-09-27,2022-11-09,43
EST_04342,보도블록,1,11000,신세계시설관리,2022-09-28,2022-10-08,10
EST_04343,등받이없는벤치,2,297000,동화테크,2022-09-28,2022-10-20,22
EST_04344,보호시설물무단횡단방지시설,3,434000,대명산업,2022-09-28,2022-11-25,58
EST_04345,보호펜스,2,88000,에코시설,2022-09-28,2022-11-08,41
EST_04346,트랜치,3,214000,신세계테크,2022-09-28,2022-11-05,38
EST_04347,등받이있는벤치,3,864000,그린플레이,2022-09-29,2022-11-12,44
EST_04348,달리기,3,3168000,신세계테크,2022-09-29,2023-01-04,97
EST_04349,축구골대,1,941000,미래토목,2022-09-29,2022-11-01,33
EST_04350,달리기,2,1163000,우신시설관리,2022-09-30,2022-11-28,59
EST_04351,점자블록,2,39000,우신시설관리,2022-09-30,2022-10-16,16
EST_04352,보도블록,1,8000,신세계시설관리,2022-09-30,2022-10-12,12
EST_04353,보차도경계석,3,150000,그린플레이,2022-10-01,2022-11-28,58
EST_04354,보도블록,1,9000,제일조경,2022-10-01,2022-10-13,12
EST_04355,축구골대,2,1431000,신세계조경,2022-10-01,2022-11-30,60
EST_04356,보호펜스,1,29000,중앙건설,2022-10-01,2022-10-27,26
EST_04357,점자블록,3,82000,신세계조경,2022-10-02,2022-11-14,43
EST_04358,농구대,3,2241000,미래토목,2022-10-02,2022-12-19,78
EST_04359,가로수보호덮개,3,472000,제일토목,2022-10-02,2022-10-27,25
EST_04360,보호시설물볼라드,3,309000,미래토목,2022-10-03,2022-11-21,49
EST_04361,그네,3,2293000,중앙테크,2022-10-03,2023-02-04,124
EST_04362,등받이있는벤치,1,145000,동화테크,2022-10-03,2022-10-19,16
EST_04363,등받이있는벤치,2,295000,우신조경,2022-10-03,2022-10-31,28
EST_04364,트랜치,3,209000,한성안전,2022-10-03,2022-11-02,30
EST_04365,등받이있는벤치,1,142000,대명안전,2022-10-04,2022-10-18,14
EST_04366,보호시설물볼라드,3,275000,신세계조경,2022-10-04,2022-11-17,44
EST_04367,트랜치,1,32000,태영안전,2022-10-04,2022-10-16,12
EST_04368,미끄럼틀,2,2337000,신세계안전,2022-10-04,2023-01-02,90
EST_04369,보호시설물볼라드,1,48000,국토개발,2022-10-05,2022-10-22,17
EST_04370,맨홀,3,1219000,한성토목,2022-10-05,2022-11-25,51
EST_04371,점자블록,1,18000,신세계시스템,2022-10-05,2022-10-17,12
EST_04372,맨홀,3,1197000,대명안전,2022-10-05,2022-11-24,50
EST_04373,보호시설물무단횡단방지시설,1,85000,대명건설,2022-10-05,2022-10-28,23
EST_04374,보호시설물무단횡단방지시설,1,73000,중앙안전,2022-10-05,2022-10-31,26
EST_04375,보차도경계석,1,39000,신세계시스템,2022-10-05,2022-10-20,15
EST_04376,가로수보호덮개,1,100000,태영테크,2022-10-06,2022-10-18,12
EST_04377,달리기,2,1429000,도시정비단,2022-10-06,2022-11-24,49
EST_04378,가로수보호덮개,3,426000,한성토목,2022-10-07,2022-11-15,39
EST_04379,축구골대,2,2080000,제일산업,2022-10-07,2022-12-11,65
EST_04380,등받이없는벤치,1,79000,대명안전,2022-10-07,2022-10-24,17
EST_04381,점자블록,3,79000,미래시설관리,2022-10-08,2022-11-08,31
EST_04382,그네,1,382000,신세계건설,2022-10-08,2022-11-28,51
EST_04383,보차도경계석,1,19000,신세계건설,2022-10-08,2022-10-24,16
EST_04384,보차도경계석,1,33000,신세계테크,2022-10-08,2022-10-25,17
EST_04385,그네,2,1134000,태영테크,2022-10-08,2023-01-08,92
EST_04386,달리기,2,1385000,동화토목,2022-10-09,2022-12-08,60
EST_04387,보호시설물무단횡단방지시설,1,61000,한성산업,2022-10-09,2022-11-03,25
EST_04388,점자블록,3,76000,제일토목,2022-10-09,2022-11-13,35
EST_04389,트랜치,2,133000,중앙건설,2022-10-10,2022-10-27,17
EST_04390,가로수보호덮개,2,234000,제일조경,2022-10-10,2022-10-29,19
EST_04391,점자블록,3,74000,현대시스템,2022-10-10,2022-11-16,37
EST_04392,가로수보호덮개,1,71000,대명안전,2022-10-10,2022-10-22,12
EST_04393,트랜치,1,37000,제일토목,2022-10-11,2022-10-21,10
EST_04394,트랜치,1,55000,그린플레이,2022-10-11,2022-10-21,10
EST_04395,농구대,3,1962000,제일테크,2022-10-11,2023-01-01,82
EST_04396,미끄럼틀,1,854000,신세계건설,2022-10-11,2022-12-06,56
EST_04397,트랜치,3,256000,신세계안전,2022-10-12,2022-11-14,33
EST_04398,그네,3,2625000,한성안전,2022-10-12,2023-02-09,120
EST_04399,가로수보호덮개,1,93000,중앙건설,2022-10-12,2022-10-23,11
EST_04400,점자블록,1,18000,미래안전,2022-10-12,2022-10-23,11
EST_04401,보도블록,3,58000,그린플레이,2022-10-12,2022-11-19,38
EST_04402,그네,3,2705000,미래시스템,2022-10-12,2023-04-29,199
EST_04403,맨홀,3,850000,한성토목,2022-10-12,2023-01-04,84
EST_04404,보호시설물무단횡단방지시설,3,537000,제일산업,2022-10-13,2023-01-10,89
EST_04405,보차도경계석,1,30000,중앙안전,2022-10-13,2022-10-30,17
EST_04406,보호시설물볼라드,3,276000,현대건설,2022-10-14,2022-12-03,50
EST_04407,보차도경계석,1,40000,그린플레이,2022-10-14,2022-10-31,17
EST_04408,보도블록,2,27000,한성안전,2022-10-14,2022-10-29,15
EST_04409,보호시설물무단횡단방지시설,2,227000,중앙테크,2022-10-14,2022-11-28,45
EST_04410,그네,2,1164000,제일산업,2022-10-14,2022-12-21,68
EST_04411,축구골대,1,629000,신세계건설,2022-10-14,2022-11-20,37
EST_04412,농구대,3,2030000,대명건설,2022-10-14,2022-12-20,67
EST_04413,달리기,1,374000,우신조경,2022-10-15,2022-11-18,34
EST_04414,그네,3,2716000,우신시설관리,2022-10-15,2023-04-17,184
EST_04415,그네,3,2630000,대명안전,2022-10-15,2023-03-09,145
EST_04416,보호펜스,2,126000,제일산업,2022-10-15,2022-11-28,44
EST_04417,미끄럼틀,1,665000,신세계건설,2022-10-16,2022-12-04,49
EST_04418,보도블록,3,56000,제일안전,2022-10-16,2022-11-21,36
EST_04419,가로수보호덮개,1,84000,신세계토목,2022-10-16,2022-10-28,12
EST_04420,가로수보호덮개,1,79000,태영건설,2022-10-16,2022-10-28,12
EST_04421,농구대,3,1775000,중앙테크,2022-10-16,2022-12-24,69
EST_04422,맨홀,3,1081000,신세계시설관리,2022-10-16,2023-01-09,85
EST_04423,트랜치,3,222000,도시정비단,2022-10-16,2022-11-20,35
EST_04424,보도블록,2,28000,미래시설관리,2022-10-16,2022-11-04,19
EST_04425,트랜치,1,42000,한성시설관리,2022-10-17,2022-10-27,10
EST_04426,축구골대,2,1623000,대명건설,2022-10-17,2022-12-10,54
EST_04427,맨홀,2,520000,우신산업,2022-10-17,2022-11-26,40
EST_04428,보차도경계석,1,18000,그린플레이,2022-10-17,2022-11-01,15
EST_04429,등받이있는벤치,1,185000,동화시설관리,2022-10-17,2022-11-01,15
EST_04430,미끄럼틀,2,2315000,한성시설관리,2022-10-17,2022-12-31,75
EST_04431,맨홀,1,205000,제일토목,2022-10-17,2022-11-07,21
EST_04432,보도블록,3,57000,미래시스템,2022-10-18,2022-11-17,30
EST_04433,등받이있는벤치,2,406000,제일조경,2022-10-19,2022-11-15,27
EST_04434,축구골대,2,1413000,미래시스템,2022-10-19,2022-12-12,54
EST_04435,그네,1,300000,한성안전,2022-10-19,2022-12-12,54
EST_04436,보호시설물무단횡단방지시설,3,410000,한성안전,2022-10-19,2022-12-22,64
EST_04437,농구대,2,1192000,신세계조경,2022-10-19,2022-12-02,44
EST_04438,농구대,1,490000,한성산업,2022-10-19,2022-11-18,30
EST_04439,보호시설물볼라드,3,234000,제일토목,2022-10-19,2022-12-08,50
EST_04440,미끄럼틀,2,2044000,동화시스템,2022-10-19,2023-01-08,81
EST_04441,등받이있는벤치,1,118000,동화시스템,2022-10-20,2022-11-03,14
EST_04442,그네,3,2745000,동화테크,2022-10-20,2023-05-02,194
EST_04443,맨홀,1,189000,한성건설,2022-10-20,2022-11-14,25
EST_04444,점자블록,2,41000,신세계시스템,2022-10-20,2022-11-06,17
EST_04445,보호펜스,1,41000,우신조경,2022-10-20,2022-11-16,27
EST_04446,그네,1,542000,제일산업,2022-10-20,2022-12-06,47
EST_04447,농구대,3,2010000,우신산업,2022-10-20,2022-12-27,68
EST_04448,보호펜스,1,29000,제일안전,2022-10-21,2022-11-15,25
EST_04449,등받이없는벤치,2,298000,한성토목,2022-10-21,2022-11-16,26
EST_04450,보차도경계석,3,155000,태영테크,2022-10-21,2022-12-06,46
EST_04451,보호펜스,2,100000,대명안전,2022-10-21,2022-11-25,35
EST_04452,가로수보호덮개,3,386000,신세계조경,2022-10-22,2022-11-25,34
EST_04453,점자블록,2,45000,동화시설관리,2022-10-22,2022-11-10,19
EST_04454,가로수보호덮개,1,71000,중앙건설,2022-10-22,2022-11-02,11
EST_04455,보호펜스,1,40000,대명산업,2022-10-22,2022-11-14,23
EST_04456,가로수보호덮개,1,73000,한성안전,2022-10-22,2022-11-01,10
EST_04457,농구대,3,1768000,대명건설,2022-10-22,2023-01-17,87
EST_04458,보호시설물무단횡단방지시설,1,108000,신세계시스템,2022-10-22,2022-11-17,26
EST_04459,달리기,3,2577000,도시정비단,2022-10-23,2023-01-11,80
EST_04460,트랜치,2,113000,제일테크,2022-10-23,2022-11-09,17
EST_04461,그네,2,1145000,동화시설관리,2022-10-23,2023-01-21,90
EST_04462,미끄럼틀,1,1053000,한성토목,2022-10-24,2022-12-09,46
EST_04463,그네,3,2182000,우신테크,2022-10-24,2023-02-15,114
EST_04464,보도블록,3,52000,대명시설관리,2022-10-24,2022-11-19,26
EST_04465,보차도경계석,1,36000,태영건설,2022-10-24,2022-11-10,17
EST_04466,축구골대,2,1346000,국토개발,2022-10-24,2022-12-20,57
EST_04467,등받이없는벤치,3,487000,대명건설,2022-10-24,2022-11-28,35
EST_04468,등받이없는벤치,1,136000,제일테크,2022-10-25,2022-11-10,16
EST_04469,등받이없는벤치,2,260000,에코시설,2022-10-25,2022-11-16,22
EST_04470,그네,2,951000,동화조경,2022-10-25,2023-01-04,71
EST_04471,보호펜스,1,43000,제일안전,2022-10-25,2022-11-20,26
EST_04472,맨홀,1,275000,제일테크,2022-10-26,2022-11-17,22
EST_04473,등받이있는벤치,3,741000,대명시설관리,2022-10-26,2022-12-12,47
EST_04474,농구대,1,542000,동화시스템,2022-10-26,2022-11-21,26
EST_04475,가로수보호덮개,1,99000,우신조경,2022-10-26,2022-11-06,11
EST_04476,트랜치,1,30000,에코시설,2022-10-26,2022-11-07,12
EST_04477,보호시설물무단횡단방지시설,1,127000,한성시설관리,2022-10-27,2022-11-17,21
EST_04478,트랜치,1,37000,미래안전,2022-10-27,2022-11-08,12
EST_04479,농구대,3,1464000,제일테크,2022-10-28,2023-02-11,106
EST_04480,보차도경계석,3,130000,한성건설,2022-10-28,2022-12-19,52
EST_04481,등받이있는벤치,2,395000,한성안전,2022-10-28,2022-11-23,26
EST_04482,트랜치,3,192000,우신테크,2022-10-28,2022-12-04,37
EST_04483,농구대,2,1013000,대명시설관리,2022-10-28,2022-12-10,43
EST_04484,미끄럼틀,1,1033000,우신시설관리,2022-10-29,2022-12-19,51
EST_04485,가로수보호덮개,2,171000,한성건설,2022-10-29,2022-11-19,21
EST_04486,보차도경계석,1,20000,신세계건설,2022-10-29,2022-11-13,15
EST_04487,미끄럼틀,2,2710000,중앙토목,2022-10-30,2023-01-11,73
EST_04488,미끄럼틀,2,1693000,한성산업,2022-10-30,2023-01-08,70
EST_04489,보호펜스,1,58000,중앙산업,2022-10-30,2022-11-22,23
EST_04490,농구대,3,1978000,신세계조경,2022-10-31,2023-01-17,78
EST_04491,농구대,1,307000,대명건설,2022-10-31,2022-11-27,27
EST_04492,달리기,3,2901000,제일산업,2022-10-31,2023-02-06,98
EST_04493,달리기,2,1448000,현대건설,2022-10-31,2022-12-29,59
EST_04494,미끄럼틀,1,1013000,동화테크,2022-11-01,2022-12-18,47
EST_04495,트랜치,2,136000,중앙안전,2022-11-01,2022-11-16,15
EST_04496,등받이있는벤치,1,143000,중앙안전,2022-11-01,2022-11-15,14
EST_04497,보호시설물무단횡단방지시설,1,130000,우신테크,2022-11-01,2022-11-27,26
EST_04498,보호시설물볼라드,2,118000,신세계토목,2022-11-02,2022-11-23,21
EST_04499,보호시설물무단횡단방지시설,1,61000,신세계테크,2022-11-02,2022-11-24,22
EST_04500,달리기,3,2383000,동화토목,2022-11-02,2023-01-21,80
EST_04501,보도블록,1,14000,대명건설,2022-11-02,2022-11-13,11
EST_04502,달리기,2,1093000,동화시설관리,2022-11-02,2022-12-20,48
EST_04503,보호시설물무단횡단방지시설,3,431000,한성안전,2022-11-02,2022-12-30,58
EST_04504,달리기,2,1384000,미래토목,2022-11-03,2022-12-27,54
EST_04505,트랜치,3,263000,태영건설,2022-11-03,2022-12-04,31
EST_04506,축구골대,2,2018000,동화토목,2022-11-03,2022-12-18,45
EST_04507,축구골대,2,2101000,중앙산업,2022-11-03,2023-01-07,65
EST_04508,보호시설물볼라드,2,118000,미래토목,2022-11-03,2022-11-29,26
EST_04509,농구대,1,289000,동화시스템,2022-11-03,2022-11-28,25
EST_04510,맨홀,2,417000,미래시스템,2022-11-03,2022-12-03,30
EST_04511,등받이없는벤치,2,322000,에코시설,2022-11-03,2022-12-01,28
EST_04512,점자블록,2,32000,한성안전,2022-11-04,2022-11-19,15
EST_04513,등받이없는벤치,1,133000,동화테크,2022-11-04,2022-11-19,15
EST_04514,가로수보호덮개,2,160000,도시정비단,2022-11-04,2022-11-19,15
EST_04515,달리기,2,1666000,현대시스템,2022-11-04,2023-01-02,59
EST_04516,트랜치,1,52000,중앙건설,2022-11-04,2022-11-15,11
EST_04517,가로수보호덮개,3,346000,신세계안전,2022-11-04,2022-12-18,44
EST_04518,보차도경계석,1,37000,동화시설관리,2022-11-04,2022-11-20,16
EST_04519,농구대,1,320000,한성시설관리,2022-11-04,2022-12-05,31
EST_04520,그네,1,363000,미래안전,2022-11-05,2022-12-25,50
EST_04521,트랜치,2,105000,제일테크,2022-11-05,2022-11-24,19
EST_04522,보차도경계석,1,18000,동화테크,2022-11-05,2022-11-19,14
EST_04523,보호시설물무단횡단방지시설,1,114000,우신시설관리,2022-11-05,2022-11-26,21
EST_04524,등받이없는벤치,1,114000,그린플레이,2022-11-06,2022-11-22,16
EST_04525,그네,3,2469000,태영테크,2022-11-06,2023-03-13,127
EST_04526,가로수보호덮개,3,444000,중앙테크,2022-11-07,2022-12-08,31
EST_04527,등받이있는벤치,3,877000,대명테크,2022-11-08,2022-12-17,39
EST_04528,달리기,1,758000,중앙토목,2022-11-08,2022-12-10,32
EST_04529,트랜치,2,132000,동화조경,2022-11-08,2022-11-29,21
EST_04530,보차도경계석,3,140000,우신산업,2022-11-08,2022-12-13,35
EST_04531,달리기,3,3121000,에코시설,2022-11-08,2023-03-13,125
EST_04532,달리기,2,1425000,한성안전,2022-11-09,2023-01-03,55
EST_04533,축구골대,2,2125000,중앙안전,2022-11-09,2023-01-13,65
EST_04534,트랜치,1,43000,대명안전,2022-11-10,2022-11-21,11
EST_04535,보호펜스,1,31000,신세계안전,2022-11-10,2022-12-04,24
EST_04536,달리기,2,1628000,우신테크,2022-11-10,2022-12-25,45
EST_04537,보호시설물무단횡단방지시설,2,190000,신세계건설,2022-11-10,2022-12-23,43
EST_04538,그네,1,608000,미래시설관리,2022-11-10,2022-12-30,50
EST_04539,맨홀,3,1083000,우신조경,2022-11-10,2023-01-08,59
EST_04540,보호시설물무단횡단방지시설,2,278000,한성산업,2022-11-10,2022-12-15,35
EST_04541,축구골대,1,603000,한성안전,2022-11-10,2022-12-11,31
EST_04542,보호시설물무단횡단방지시설,3,382000,동화조경,2022-11-10,2023-01-20,71
EST_04543,농구대,3,2006000,미래시스템,2022-11-11,2023-02-16,97
EST_04544,달리기,3,2455000,도시정비단,2022-11-11,2023-03-16,125
EST_04545,보도블록,1,8000,미래시설관리,2022-11-11,2022-11-21,10
EST_04546,보호시설물볼라드,2,153000,한성토목,2022-11-12,2022-12-06,24
EST_04547,가로수보호덮개,3,352000,신세계시스템,2022-11-12,2022-12-14,32
EST_04548,맨홀,1,240000,대명건설,2022-11-12,2022-12-03,21
EST_04549,보차도경계석,1,34000,제일테크,2022-11-12,2022-11-29,17
EST_04550,달리기,1,635000,신세계조경,2022-11-12,2022-12-12,30
EST_04551,그네,2,1308000,제일테크,2022-11-12,2023-02-14,94
EST_04552,보호펜스,2,82000,미래시설관리,2022-11-12,2022-12-14,32
EST_04553,미끄럼틀,2,1927000,대명산업,2022-11-13,2023-02-17,96
EST_04554,보호펜스,1,46000,한성산업,2022-11-13,2022-12-06,23
EST_04555,달리기,1,671000,한성건설,2022-11-13,2022-12-20,37
EST_04556,등받이없는벤치,3,635000,우신시설관리,2022-11-13,2022-12-26,43
EST_04557,축구골대,1,695000,도시정비단,2022-11-13,2022-12-13,30
EST_04558,보호시설물무단횡단방지시설,1,129000,제일테크,2022-11-13,2022-12-04,21
EST_04559,등받이있는벤치,2,338000,대명테크,2022-11-13,2022-12-13,30
EST_04560,보호펜스,1,57000,신세계조경,2022-11-14,2022-12-09,25
EST_04561,미끄럼틀,1,592000,국토개발,2022-11-14,2023-01-06,53
EST_04562,가로수보호덮개,3,315000,도시정비단,2022-11-14,2022-12-16,32
EST_04563,보호시설물무단횡단방지시설,3,517000,제일시설관리,2022-11-14,2023-01-27,74
EST_04564,가로수보호덮개,3,486000,대명테크,2022-11-14,2022-12-24,40
EST_04565,트랜치,3,240000,그린플레이,2022-11-14,2022-12-23,39
EST_04566,등받이없는벤치,2,297000,신세계시스템,2022-11-14,2022-12-05,21
EST_04567,점자블록,1,14000,동화시스템,2022-11-15,2022-11-27,12
EST_04568,보도블록,1,11000,한성안전,2022-11-15,2022-11-26,11
EST_04569,보호펜스,3,170000,한성안전,2022-11-15,2023-02-04,81
EST_04570,맨홀,2,628000,중앙건설,2022-11-15,2022-12-28,43
EST_04571,미끄럼틀,2,1934000,동화테크,2022-11-15,2023-02-17,94
EST_04572,농구대,2,899000,제일테크,2022-11-16,2023-01-06,51
EST_04573,등받이있는벤치,2,360000,제일조경,2022-11-16,2022-12-13,27
EST_04574,보호펜스,3,169000,에코시설,2022-11-17,2023-01-31,75
EST_04575,축구골대,3,3740000,우신시설관리,2022-11-17,2023-03-11,114
EST_04576,가로수보호덮개,1,73000,미래토목,2022-11-17,2022-11-29,12
EST_04577,축구골대,1,500000,대명건설,2022-11-17,2022-12-19,32
EST_04578,보호시설물무단횡단방지시설,3,558000,신세계안전,2022-11-17,2023-01-24,68
EST_04579,등받이있는벤치,1,152000,대명테크,2022-11-17,2022-12-02,15
EST_04580,등받이있는벤치,1,175000,대명시설관리,2022-11-18,2022-12-02,14
EST_04581,보호시설물볼라드,3,227000,신세계조경,2022-11-18,2023-01-05,48
EST_04582,보도블록,3,65000,중앙테크,2022-11-19,2022-12-19,30
EST_04583,보도블록,1,15000,태영안전,2022-11-19,2022-12-01,12
EST_04584,달리기,3,2126000,신세계토목,2022-11-19,2023-03-23,124
EST_04585,점자블록,1,14000,신세계테크,2022-11-19,2022-11-30,11
EST_04586,보호시설물볼라드,3,259000,동화시설관리,2022-11-20,2022-12-31,41
EST_04587,보차도경계석,3,142000,미래시스템,2022-11-20,2023-01-13,54
EST_04588,점자블록,1,17000,국토개발,2022-11-20,2022-11-30,10
EST_04589,점자블록,2,37000,신세계시스템,2022-11-20,2022-12-10,20
EST_04590,달리기,2,1143000,신세계조경,2022-11-21,2023-01-25,65
EST_04591,맨홀,2,575000,그린플레이,2022-11-21,2023-01-03,43
EST_04592,그네,1,507000,중앙테크,2022-11-21,2023-01-09,49
EST_04593,보차도경계석,1,18000,대명테크,2022-11-21,2022-12-06,15
EST_04594,보차도경계석,1,21000,에코시설,2022-11-21,2022-12-07,16
EST_04595,미끄럼틀,3,4918000,중앙안전,2022-11-21,2023-06-09,200
EST_04596,가로수보호덮개,2,190000,국토개발,2022-11-21,2022-12-09,18
EST_04597,점자블록,3,92000,태영안전,2022-11-21,2023-01-02,42
EST_04598,보차도경계석,3,127000,태영건설,2022-11-21,2023-01-01,41
EST_04599,달리기,1,389000,대명시설관리,2022-11-21,2022-12-23,32
EST_04600,보호펜스,3,169000,그린플레이,2022-11-22,2023-02-14,84
EST_04601,등받이없는벤치,1,99000,한성건설,2022-11-22,2022-12-08,16
EST_04602,미끄럼틀,2,2103000,중앙건설,2022-11-22,2023-02-20,90
EST_04603,그네,3,2357000,대명건설,2022-11-22,2023-05-14,173
EST_04604,그네,3,1766000,동화테크,2022-11-22,2023-06-05,195
EST_04605,보호시설물무단횡단방지시설,3,447000,현대시스템,2022-11-23,2023-01-30,68
EST_04606,등받이있는벤치,2,430000,도시정비단,2022-11-23,2022-12-14,21
EST_04607,보호시설물무단횡단방지시설,2,199000,미래안전,2022-11-23,2023-01-02,40
EST_04608,맨홀,3,1019000,신세계시설관리,2022-11-23,2023-02-07,76
EST_04609,점자블록,3,72000,우신조경,2022-11-24,2023-01-02,39
EST_04610,농구대,3,1924000,대명안전,2022-11-24,2023-03-14,110
EST_04611,농구대,1,521000,우신산업,2022-11-24,2022-12-19,25
EST_04612,맨홀,2,648000,동화시스템,2022-11-24,2022-12-29,35
EST_04613,보호시설물볼라드,3,244000,중앙안전,2022-11-24,2023-01-20,57
EST_04614,등받이있는벤치,3,872000,미래토목,2022-11-24,2023-01-23,60
EST_04615,축구골대,2,2201000,우신산업,2022-11-24,2023-01-19,56
EST_04616,등받이있는벤치,1,191000,제일안전,2022-11-24,2022-12-08,14
EST_04617,보호시설물볼라드,3,277000,한성산업,2022-11-24,2023-01-23,60
EST_04618,축구골대,3,2688000,미래안전,2022-11-24,2023-03-04,100
EST_04619,보호펜스,3,199000,에코시설,2022-11-25,2023-01-23,59
EST_04620,달리기,3,2594000,신세계건설,2022-11-25,2023-02-15,82
EST_04621,미끄럼틀,1,639000,신세계안전,2022-11-25,2023-01-16,52
EST_04622,달리기,3,2942000,신세계시스템,2022-11-25,2023-03-20,115
EST_04623,보호펜스,2,102000,신세계안전,2022-11-25,2022-12-31,36
EST_04624,달리기,2,1429000,미래토목,2022-11-26,2023-01-10,45
EST_04625,가로수보호덮개,1,117000,우신산업,2022-11-27,2022-12-08,11
EST_04626,농구대,2,1025000,그린플레이,2022-11-27,2023-01-05,39
EST_04627,축구골대,3,2979000,대명테크,2022-11-27,2023-03-04,97
EST_04628,보차도경계석,2,66000,제일테크,2022-11-27,2022-12-19,22
EST_04629,보호시설물볼라드,2,105000,한성토목,2022-11-27,2022-12-24,27
EST_04630,달리기,2,1105000,우신테크,2022-11-28,2023-01-15,48
EST_04631,농구대,2,837000,신세계조경,2022-11-28,2023-01-11,44
EST_04632,트랜치,3,208000,동화조경,2022-11-28,2022-12-29,31
EST_04633,달리기,1,447000,신세계테크,2022-11-28,2022-12-28,30
EST_04634,등받이없는벤치,1,131000,제일시설관리,2022-11-28,2022-12-15,17
EST_04635,보도블록,3,46000,동화시스템,2022-11-28,2023-01-07,40
EST_04636,트랜치,1,34000,우신조경,2022-11-29,2022-12-09,10
EST_04637,그네,2,1055000,신세계시설관리,2022-11-29,2023-02-23,86
EST_04638,등받이있는벤치,3,648000,신세계토목,2022-11-29,2023-01-18,50
EST_04639,가로수보호덮개,3,358000,대명산업,2022-11-29,2023-01-02,34
EST_04640,농구대,3,2219000,미래시설관리,2022-11-29,2023-03-04,95
EST_04641,점자블록,2,31000,한성토목,2022-11-29,2022-12-20,21
EST_04642,트랜치,3,252000,제일안전,2022-11-30,2023-01-11,42
EST_04643,축구골대,3,2713000,중앙테크,2022-11-30,2023-04-12,133
EST_04644,가로수보호덮개,2,251000,제일안전,2022-11-30,2022-12-21,21
EST_04645,보차도경계석,3,144000,한성산업,2022-12-01,2023-01-26,56
EST_04646,농구대,3,1902000,동화시설관리,2022-12-01,2023-02-01,62
EST_04647,축구골대,2,1683000,신세계시설관리,2022-12-01,2023-01-19,49
EST_04648,축구골대,3,3917000,제일시설관리,2022-12-01,2023-02-21,82
EST_04649,가로수보호덮개,1,83000,대명산업,2022-12-01,2022-12-13,12
EST_04650,보호시설물무단횡단방지시설,2,289000,제일조경,2022-12-01,2023-01-07,37
EST_04651,축구골대,2,1788000,제일조경,2022-12-02,2023-02-02,62
EST_04652,보도블록,3,62000,신세계시설관리,2022-12-02,2023-01-08,37
EST_04653,축구골대,1,723000,국토개발,2022-12-02,2023-01-06,35
EST_04654,점자블록,3,76000,국토개발,2022-12-02,2023-01-12,41
EST_04655,가로수보호덮개,2,235000,현대건설,2022-12-03,2022-12-22,19
EST_04656,보호시설물볼라드,3,288000,미래안전,2022-12-03,2023-01-10,38
EST_04657,보호시설물볼라드,3,240000,우신시설관리,2022-12-03,2023-01-14,42
EST_04658,농구대,1,327000,제일산업,2022-12-03,2022-12-29,26
EST_04659,점자블록,3,77000,미래안전,2022-12-03,2023-01-04,32
EST_04660,등받이있는벤치,2,431000,중앙안전,2022-12-04,2022-12-27,23
EST_04661,맨홀,2,557000,미래시설관리,2022-12-04,2023-01-10,37
EST_04662,농구대,1,457000,중앙건설,2022-12-04,2023-01-01,28
EST_04663,등받이없는벤치,3,488000,중앙테크,2022-12-05,2023-01-31,57
EST_04664,보도블록,1,11000,현대건설,2022-12-05,2022-12-17,12
EST_04665,보호시설물볼라드,1,69000,신세계안전,2022-12-05,2022-12-20,15
EST_04666,그네,3,2508000,대명테크,2022-12-05,2023-05-08,154
EST_04667,미끄럼틀,2,2607000,현대시스템,2022-12-05,2023-02-14,71
EST_04668,점자블록,2,43000,제일토목,2022-12-05,2022-12-25,20
EST_04669,보도블록,1,8000,제일안전,2022-12-06,2022-12-16,10
EST_04670,가로수보호덮개,3,324000,우신시설관리,2022-12-06,2023-01-04,29
EST_04671,보호펜스,1,40000,대명테크,2022-12-06,2023-01-01,26
EST_04672,축구골대,1,744000,미래시설관리,2022-12-06,2023-01-10,35
EST_04673,보호시설물무단횡단방지시설,1,126000,중앙토목,2022-12-06,2023-01-01,26
EST_04674,미끄럼틀,1,655000,대명건설,2022-12-06,2023-01-28,53
EST_04675,보호펜스,3,222000,중앙테크,2022-12-07,2023-03-04,87
EST_04676,그네,2,914000,미래안전,2022-12-07,2023-02-28,83
EST_04677,달리기,3,2415000,제일시설관리,2022-12-07,2023-02-21,76
EST_04678,가로수보호덮개,2,192000,태영테크,2022-12-07,2022-12-24,17
EST_04679,보호시설물무단횡단방지시설,2,182000,한성건설,2022-12-07,2023-01-09,33
EST_04680,트랜치,3,182000,미래시스템,2022-12-07,2023-01-07,31
EST_04681,축구골대,3,3773000,미래토목,2022-12-08,2023-03-29,111
EST_04682,맨홀,1,236000,동화시설관리,2022-12-08,2022-12-28,20
EST_04683,보호시설물볼라드,3,229000,한성시설관리,2022-12-08,2023-01-13,36
EST_04684,맨홀,3,1204000,현대건설,2022-12-08,2023-02-05,59
EST_04685,등받이있는벤치,2,310000,대명시설관리,2022-12-08,2022-12-29,21
EST_04686,달리기,1,379000,대명건설,2022-12-08,2023-01-11,34
EST_04687,트랜치,3,244000,신세계안전,2022-12-08,2023-01-11,34
EST_04688,보도블록,3,46000,제일조경,2022-12-08,2023-01-17,40
EST_04689,트랜치,1,50000,태영건설,2022-12-08,2022-12-18,10
EST_04690,달리기,1,730000,태영테크,2022-12-09,2023-01-10,32
EST_04691,등받이없는벤치,1,150000,대명테크,2022-12-09,2022-12-23,14
EST_04692,그네,3,2628000,중앙건설,2022-12-10,2023-06-24,196
EST_04693,보도블록,1,14000,한성산업,2022-12-10,2022-12-21,11
EST_04694,점자블록,2,50000,우신시설관리,2022-12-10,2022-12-30,20
EST_04695,보호시설물무단횡단방지시설,2,259000,제일조경,2022-12-10,2023-01-25,46
EST_04696,점자블록,3,87000,미래안전,2022-12-10,2023-01-10,31
EST_04697,보호시설물무단횡단방지시설,1,78000,동화조경,2022-12-10,2023-01-04,25
EST_04698,보호펜스,3,212000,국토개발,2022-12-11,2023-02-12,63
EST_04699,맨홀,2,589000,중앙토목,2022-12-11,2023-01-17,37
EST_04700,농구대,2,1063000,중앙산업,2022-12-11,2023-01-23,43
EST_04701,농구대,3,1948000,한성토목,2022-12-11,2023-03-13,92
EST_04702,보호시설물무단횡단방지시설,3,407000,현대시스템,2022-12-11,2023-02-02,53
EST_04703,축구골대,3,3845000,제일산업,2022-12-11,2023-03-13,92
EST_04704,등받이있는벤치,1,207000,동화시스템,2022-12-12,2022-12-29,17
EST_04705,보호시설물무단횡단방지시설,2,261000,제일조경,2022-12-12,2023-01-21,40
EST_04706,점자블록,1,20000,동화테크,2022-12-12,2022-12-24,12
EST_04707,보호시설물볼라드,1,46000,에코시설,2022-12-12,2022-12-28,16
EST_04708,축구골대,3,3696000,태영건설,2022-12-13,2023-02-26,75
EST_04709,달리기,3,2805000,중앙테크,2022-12-13,2023-03-29,106
EST_04710,등받이있는벤치,3,817000,중앙토목,2022-12-13,2023-01-26,44
EST_04711,등받이없는벤치,2,315000,신세계건설,2022-12-13,2023-01-05,23
EST_04712,농구대,1,543000,동화테크,2022-12-13,2023-01-11,29
EST_04713,트랜치,1,58000,한성토목,2022-12-13,2022-12-24,11
EST_04714,그네,2,1130000,동화시스템,2022-12-13,2023-02-23,72
EST_04715,보차도경계석,3,163000,중앙토목,2022-12-14,2023-01-30,47
EST_04716,보차도경계석,2,58000,미래시스템,2022-12-14,2023-01-11,28
EST_04717,농구대,1,433000,신세계시스템,2022-12-14,2023-01-09,26
EST_04718,그네,3,1959000,신세계조경,2022-12-14,2023-05-12,149
EST_04719,점자블록,1,18000,신세계토목,2022-12-15,2022-12-25,10
EST_04720,보도블록,3,66000,한성건설,2022-12-15,2023-01-20,36
EST_04721,미끄럼틀,2,1971000,한성토목,2022-12-16,2023-03-16,90
EST_04722,보호시설물무단횡단방지시설,2,264000,신세계토목,2022-12-17,2023-01-18,32
EST_04723,트랜치,1,56000,동화조경,2022-12-17,2022-12-28,11
EST_04724,축구골대,1,554000,우신시설관리,2022-12-17,2023-01-21,35
EST_04725,그네,3,2649000,그린플레이,2022-12-17,2023-04-28,132
EST_04726,가로수보호덮개,3,348000,중앙안전,2022-12-17,2023-01-15,29
EST_04727,트랜치,3,202000,신세계토목,2022-12-17,2023-01-24,38
EST_04728,보도블록,2,25000,신세계테크,2022-12-18,2023-01-07,20
EST_04729,농구대,2,1018000,중앙산업,2022-12-18,2023-02-10,54
EST_04730,등받이없는벤치,2,290000,중앙산업,2022-12-18,2023-01-08,21
EST_04731,맨홀,3,1148000,제일산업,2022-12-18,2023-03-13,85
EST_04732,가로수보호덮개,2,218000,우신산업,2022-12-18,2023-01-03,16
EST_04733,그네,3,1733000,한성안전,2022-12-19,2023-07-01,194
EST_04734,가로수보호덮개,3,444000,현대시스템,2022-12-20,2023-02-01,43
EST_04735,달리기,1,558000,한성건설,2022-12-20,2023-01-25,36
EST_04736,미끄럼틀,2,2556000,태영안전,2022-12-20,2023-03-13,83
EST_04737,그네,3,2058000,미래토목,2022-12-20,2023-06-25,187
EST_04738,보호시설물무단횡단방지시설,2,238000,그린플레이,2022-12-20,2023-01-27,38
EST_04739,보호시설물무단횡단방지시설,2,196000,우신산업,2022-12-21,2023-01-30,40
EST_04740,맨홀,3,1038000,미래안전,2022-12-21,2023-03-08,77
EST_04741,등받이없는벤치,1,81000,제일토목,2022-12-21,2023-01-04,14
EST_04742,축구골대,3,3906000,신세계테크,2022-12-21,2023-04-20,120
EST_04743,트랜치,2,121000,중앙안전,2022-12-22,2023-01-09,18
EST_04744,보호시설물무단횡단방지시설,1,82000,미래토목,2022-12-22,2023-01-12,21
EST_04745,그네,2,993000,중앙산업,2022-12-23,2023-03-17,84
EST_04746,달리기,2,1133000,신세계건설,2022-12-23,2023-02-07,46
EST_04747,등받이있는벤치,3,648000,태영건설,2022-12-23,2023-02-01,40
EST_04748,등받이없는벤치,3,530000,중앙안전,2022-12-23,2023-02-09,48
EST_04749,보도블록,2,30000,동화토목,2022-12-23,2023-01-09,17
EST_04750,미끄럼틀,1,1107000,신세계테크,2022-12-23,2023-02-11,50
EST_04751,축구골대,1,597000,국토개발,2022-12-23,2023-01-25,33
EST_04752,트랜치,3,208000,에코시설,2022-12-23,2023-01-21,29
EST_04753,그네,2,1185000,국토개발,2022-12-24,2023-03-15,81
EST_04754,보호시설물무단횡단방지시설,3,434000,중앙토목,2022-12-25,2023-03-05,70
EST_04755,보호시설물무단횡단방지시설,3,475000,에코시설,2022-12-25,2023-02-25,62
EST_04756,가로수보호덮개,2,212000,제일토목,2022-12-25,2023-01-10,16
EST_04757,등받이없는벤치,1,73000,동화조경,2022-12-26,2023-01-12,17
EST_04758,보호시설물무단횡단방지시설,3,572000,제일테크,2022-12-26,2023-03-07,71
EST_04759,점자블록,1,18000,동화시스템,2022-12-26,2023-01-07,12
EST_04760,그네,1,646000,미래시스템,2022-12-26,2023-02-20,56
EST_04761,미끄럼틀,3,5092000,태영건설,2022-12-26,2023-05-13,138
EST_04762,점자블록,3,71000,신세계건설,2022-12-26,2023-01-23,28
EST_04763,미끄럼틀,3,3979000,국토개발,2022-12-26,2023-04-25,120
EST_04764,보호펜스,2,92000,국토개발,2022-12-26,2023-02-09,45
EST_04765,미끄럼틀,3,4980000,에코시설,2022-12-27,2023-07-09,194
EST_04766,보차도경계석,3,119000,제일토목,2022-12-27,2023-02-21,56
EST_04767,달리기,1,502000,한성토목,2022-12-27,2023-02-02,37
EST_04768,보호펜스,3,244000,대명안전,2022-12-27,2023-02-25,60
EST_04769,농구대,1,397000,우신테크,2022-12-27,2023-01-22,26
EST_04770,맨홀,1,252000,한성시설관리,2022-12-27,2023-01-17,21
EST_04771,보차도경계석,3,116000,미래토목,2022-12-27,2023-02-23,58
EST_04772,보도블록,1,12000,동화조경,2022-12-27,2023-01-07,11
EST_04773,축구골대,2,2041000,미래시스템,2022-12-28,2023-02-20,54
EST_04774,축구골대,1,639000,우신테크,2022-12-29,2023-02-03,36
EST_04775,트랜치,3,238000,동화시설관리,2022-12-29,2023-01-30,32
EST_04776,맨홀,3,1072000,우신테크,2022-12-29,2023-02-20,53
EST_04777,보차도경계석,3,108000,도시정비단,2022-12-29,2023-03-01,62
EST_04778,보차도경계석,1,21000,국토개발,2022-12-30,2023-01-15,16
EST_04779,달리기,2,1263000,신세계안전,2022-12-30,2023-02-15,47
EST_04780,가로수보호덮개,2,235000,동화시설관리,2022-12-30,2023-01-14,15
EST_04781,등받이없는벤치,3,536000,한성시설관리,2022-12-30,2023-02-06,38
EST_04782,축구골대,3,2704000,제일시설관리,2022-12-30,2023-04-12,103
EST_04783,미끄럼틀,2,2134000,대명산업,2022-12-30,2023-03-12,72
EST_04784,보차도경계석,2,53000,동화시스템,2022-12-31,2023-01-23,23
EST_04785,축구골대,3,3235000,신세계건설,2022-12-31,2023-03-22,81
EST_04786,그네,2,1409000,태영안전,2022-12-31,2023-03-10,69
EST_04787,보차도경계석,1,24000,중앙산업,2022-12-31,2023-01-16,16
EST_04788,달리기,3,3375000,제일시설관리,2022-12-31,2023-04-14,104
EST_04789,가로수보호덮개,2,205000,에코시설,2022-12-31,2023-01-16,16
EST_04790,보차도경계석,2,79000,제일조경,2023-01-01,2023-01-30,29
EST_04791,보호시설물무단횡단방지시설,1,62000,국토개발,2023-01-01,2023-01-24,23
EST_04792,가로수보호덮개,1,98000,현대건설,2023-01-01,2023-01-11,10
EST_04793,축구골대,1,477000,태영건설,2023-01-01,2023-02-07,37
EST_04794,보도블록,1,10000,한성토목,2023-01-01,2023-01-11,10
EST_04795,보호펜스,1,55000,중앙안전,2023-01-02,2023-01-27,25
EST_04796,등받이없는벤치,3,663000,신세계시설관리,2023-01-02,2023-02-09,38
EST_04797,보호시설물볼라드,3,223000,동화테크,2023-01-02,2023-02-15,44
EST_04798,보차도경계석,3,169000,대명산업,2023-01-02,2023-02-17,46
EST_04799,그네,3,2128000,제일조경,2023-01-03,2023-05-25,142
EST_04800,보호시설물볼라드,3,217000,동화테크,2023-01-03,2023-02-09,37
EST_04801,등받이있는벤치,2,326000,중앙테크,2023-01-03,2023-01-28,25
EST_04802,보호시설물무단횡단방지시설,2,210000,미래토목,2023-01-04,2023-02-14,41
EST_04803,미끄럼틀,1,698000,중앙건설,2023-01-04,2023-02-21,48
EST_04804,등받이없는벤치,2,293000,미래시설관리,2023-01-04,2023-01-27,23
EST_04805,점자블록,3,96000,대명안전,2023-01-04,2023-02-11,38
EST_04806,점자블록,3,94000,우신시설관리,2023-01-04,2023-02-06,33
EST_04807,보호시설물무단횡단방지시설,2,243000,신세계테크,2023-01-04,2023-02-15,42
EST_04808,가로수보호덮개,2,220000,신세계건설,2023-01-04,2023-01-19,15
EST_04809,등받이있는벤치,1,192000,에코시설,2023-01-05,2023-01-21,16
EST_04810,등받이있는벤치,2,401000,신세계조경,2023-01-05,2023-01-30,25
EST_04811,가로수보호덮개,3,448000,제일산업,2023-01-06,2023-02-15,40
EST_04812,보차도경계석,2,70000,미래시설관리,2023-01-06,2023-02-05,30
EST_04813,보호시설물무단횡단방지시설,1,134000,중앙토목,2023-01-06,2023-01-27,21
EST_04814,보호펜스,2,102000,우신테크,2023-01-06,2023-02-14,39
EST_04815,트랜치,2,132000,대명테크,2023-01-06,2023-01-22,16
EST_04816,보차도경계석,2,69000,도시정비단,2023-01-07,2023-01-31,24
EST_04817,축구골대,2,1856000,제일산업,2023-01-07,2023-03-11,63
EST_04818,축구골대,3,2928000,중앙산업,2023-01-07,2023-04-25,108
EST_04819,가로수보호덮개,2,174000,중앙건설,2023-01-07,2023-01-25,18
EST_04820,농구대,1,352000,제일안전,2023-01-07,2023-02-06,30
EST_04821,축구골대,3,4010000,동화시설관리,2023-01-07,2023-04-01,84
EST_04822,점자블록,2,42000,동화조경,2023-01-07,2023-01-22,15
EST_04823,그네,2,898000,현대건설,2023-01-07,2023-03-31,83
EST_04824,가로수보호덮개,2,199000,한성건설,2023-01-07,2023-01-24,17
EST_04825,미끄럼틀,2,2269000,신세계토목,2023-01-08,2023-03-29,80
EST_04826,보도블록,1,10000,제일테크,2023-01-08,2023-01-20,12
EST_04827,농구대,1,491000,국토개발,2023-01-08,2023-02-03,26
EST_04828,보차도경계석,2,65000,국토개발,2023-01-08,2023-02-01,24
EST_04829,보호시설물무단횡단방지시설,2,288000,제일조경,2023-01-08,2023-02-23,46
EST_04830,달리기,2,1757000,제일조경,2023-01-09,2023-03-14,64
EST_04831,등받이없는벤치,1,130000,신세계테크,2023-01-09,2023-01-23,14
EST_04832,보차도경계석,1,38000,대명시설관리,2023-01-09,2023-01-26,17
EST_04833,등받이있는벤치,1,207000,제일토목,2023-01-09,2023-01-26,17
EST_04834,보호펜스,3,197000,동화토목,2023-01-09,2023-03-23,73
EST_04835,보도블록,2,24000,태영건설,2023-01-10,2023-01-29,19
EST_04836,등받이있는벤치,1,214000,제일안전,2023-01-10,2023-01-26,16
EST_04837,그네,2,1238000,대명테크,2023-01-10,2023-03-30,79
EST_04838,보호시설물무단횡단방지시설,2,310000,신세계조경,2023-01-10,2023-02-18,39
EST_04839,미끄럼틀,3,3820000,한성산업,2023-01-10,2023-07-16,187
EST_04840,축구골대,1,547000,신세계조경,2023-01-10,2023-02-17,38
EST_04841,등받이있는벤치,3,714000,대명산업,2023-01-10,2023-03-02,51
EST_04842,보도블록,3,61000,중앙테크,2023-01-11,2023-02-06,26
EST_04843,등받이없는벤치,2,268000,대명산업,2023-01-11,2023-02-09,29
EST_04844,달리기,3,3235000,우신시설관리,2023-01-11,2023-04-26,105
EST_04845,농구대,1,261000,미래시설관리,2023-01-12,2023-02-08,27
EST_04846,맨홀,3,1193000,제일테크,2023-01-12,2023-04-09,87
EST_04847,등받이없는벤치,2,211000,중앙토목,2023-01-13,2023-02-09,27
EST_04848,맨홀,1,232000,동화조경,2023-01-13,2023-02-06,24
EST_04849,등받이있는벤치,2,327000,동화시스템,2023-01-13,2023-02-10,28
EST_04850,보호펜스,2,127000,미래시스템,2023-01-14,2023-02-25,42
EST_04851,미끄럼틀,2,1801000,대명테크,2023-01-14,2023-04-15,91
EST_04852,미끄럼틀,2,1957000,신세계건설,2023-01-15,2023-04-18,93
EST_04853,보호시설물볼라드,1,47000,우신조경,2023-01-15,2023-01-31,16
EST_04854,점자블록,2,42000,신세계시스템,2023-01-15,2023-02-02,18
EST_04855,가로수보호덮개,1,97000,동화시스템,2023-01-15,2023-01-25,10
EST_04856,점자블록,1,23000,신세계안전,2023-01-16,2023-01-27,11
EST_04857,등받이없는벤치,1,131000,대명안전,2023-01-16,2023-01-30,14
EST_04858,등받이있는벤치,2,470000,미래시설관리,2023-01-16,2023-02-10,25
EST_04859,달리기,3,2258000,동화테크,2023-01-16,2023-04-24,98
EST_04860,미끄럼틀,3,4285000,미래시스템,2023-01-17,2023-06-06,140
EST_04861,보차도경계석,3,171000,우신테크,2023-01-17,2023-02-25,39
EST_04862,가로수보호덮개,2,226000,신세계조경,2023-01-17,2023-02-03,17
EST_04863,보호시설물무단횡단방지시설,3,508000,중앙테크,2023-01-17,2023-04-18,91
EST_04864,달리기,2,1161000,신세계건설,2023-01-17,2023-03-10,52
EST_04865,점자블록,1,24000,동화테크,2023-01-17,2023-01-28,11
EST_04866,달리기,1,726000,중앙산업,2023-01-18,2023-02-19,32
EST_04867,보도블록,1,12000,태영건설,2023-01-18,2023-01-29,11
EST_04868,보호시설물무단횡단방지시설,3,495000,에코시설,2023-01-18,2023-03-16,57
EST_04869,점자블록,2,37000,중앙산업,2023-01-18,2023-02-03,16
EST_04870,축구골대,2,1542000,한성안전,2023-01-19,2023-03-18,58
EST_04871,농구대,1,385000,국토개발,2023-01-19,2023-02-20,32
EST_04872,보호펜스,1,45000,한성시설관리,2023-01-19,2023-02-11,23
EST_04873,보호시설물무단횡단방지시설,3,569000,신세계건설,2023-01-19,2023-04-01,72
EST_04874,보차도경계석,3,134000,한성안전,2023-01-20,2023-03-16,55
EST_04875,그네,1,575000,중앙산업,2023-01-21,2023-03-18,56
EST_04876,보호시설물무단횡단방지시설,1,85000,에코시설,2023-01-21,2023-02-12,22
EST_04877,등받이있는벤치,1,117000,대명시설관리,2023-01-21,2023-02-04,14
EST_04878,그네,3,2404000,신세계토목,2023-01-21,2023-05-30,129
EST_04879,가로수보호덮개,3,439000,동화토목,2023-01-22,2023-02-23,32
EST_04880,등받이있는벤치,2,305000,제일시설관리,2023-01-22,2023-02-14,23
EST_04881,보차도경계석,2,84000,동화테크,2023-01-23,2023-02-17,25
EST_04882,점자블록,2,45000,미래토목,2023-01-23,2023-02-09,17
EST_04883,축구골대,3,3043000,동화조경,2023-01-23,2023-06-05,133
EST_04884,가로수보호덮개,1,72000,중앙테크,2023-01-24,2023-02-04,11
EST_04885,보호펜스,2,90000,현대시스템,2023-01-24,2023-03-06,41
EST_04886,보호시설물볼라드,2,117000,우신시설관리,2023-01-24,2023-02-15,22
EST_04887,등받이있는벤치,1,217000,우신테크,2023-01-24,2023-02-07,14
EST_04888,보호시설물무단횡단방지시설,1,84000,동화시스템,2023-01-24,2023-02-14,21
EST_04889,트랜치,2,100000,우신테크,2023-01-24,2023-02-14,21
EST_04890,달리기,2,1100000,신세계시설관리,2023-01-25,2023-03-17,51
EST_04891,그네,3,2629000,제일시설관리,2023-01-26,2023-07-01,156
EST_04892,가로수보호덮개,2,239000,제일테크,2023-01-26,2023-02-13,18
EST_04893,등받이없는벤치,2,295000,대명안전,2023-01-26,2023-02-24,29
EST_04894,보호펜스,1,42000,신세계안전,2023-01-26,2023-02-17,22
EST_04895,축구골대,2,2246000,현대시스템,2023-01-26,2023-03-30,63
EST_04896,보도블록,1,13000,한성시설관리,2023-01-26,2023-02-07,12
EST_04897,축구골대,3,4196000,대명시설관리,2023-01-26,2023-06-07,132
EST_04898,가로수보호덮개,3,407000,그린플레이,2023-01-27,2023-03-12,44
EST_04899,농구대,3,1800000,그린플레이,2023-01-28,2023-04-13,75
EST_04900,트랜치,1,62000,태영테크,2023-01-28,2023-02-09,12
EST_04901,맨홀,1,245000,신세계건설,2023-01-28,2023-02-18,21
EST_04902,보호시설물볼라드,2,142000,대명안전,2023-01-28,2023-02-25,28
EST_04903,그네,1,387000,대명건설,2023-01-29,2023-03-19,49
EST_04904,축구골대,3,4339000,도시정비단,2023-01-29,2023-06-06,128
EST_04905,축구골대,1,914000,신세계조경,2023-01-29,2023-02-28,30
EST_04906,점자블록,2,49000,한성산업,2023-01-29,2023-02-14,16
EST_04907,보도블록,3,65000,중앙토목,2023-01-29,2023-03-07,37
EST_04908,보차도경계석,3,123000,제일조경,2023-01-30,2023-03-08,37
EST_04909,달리기,2,1109000,제일산업,2023-01-30,2023-04-05,65
EST_04910,농구대,2,1004000,동화테크,2023-01-30,2023-03-11,40
EST_04911,보차도경계석,1,18000,미래토목,2023-01-30,2023-02-16,17
EST_04912,보호시설물무단횡단방지시설,3,579000,동화토목,2023-01-31,2023-04-14,73
EST_04913,달리기,3,3221000,태영테크,2023-01-31,2023-04-18,77
EST_04914,보호펜스,3,220000,대명안전,2023-01-31,2023-04-13,72
EST_04915,맨홀,2,504000,동화시스템,2023-01-31,2023-03-12,40
EST_04916,트랜치,1,62000,한성건설,2023-01-31,2023-02-10,10
EST_04917,등받이있는벤치,3,583000,도시정비단,2023-01-31,2023-03-20,48
EST_04918,가로수보호덮개,2,157000,대명건설,2023-02-01,2023-02-18,17
EST_04919,그네,3,2684000,현대시스템,2023-02-01,2023-07-22,171
EST_04920,가로수보호덮개,1,116000,태영안전,2023-02-01,2023-02-12,11
EST_04921,보차도경계석,1,40000,대명건설,2023-02-02,2023-02-19,17
EST_04922,보호펜스,3,183000,미래시스템,2023-02-02,2023-04-24,81
EST_04923,달리기,3,2262000,우신산업,2023-02-03,2023-05-06,92
EST_04924,점자블록,1,11000,동화조경,2023-02-04,2023-02-15,11
EST_04925,보호시설물무단횡단방지시설,1,136000,한성토목,2023-02-04,2023-02-25,21
EST_04926,미끄럼틀,2,2350000,우신조경,2023-02-04,2023-05-04,89
EST_04927,보도블록,1,10000,중앙건설,2023-02-05,2023-02-15,10
EST_04928,등받이있는벤치,2,385000,중앙안전,2023-02-05,2023-03-03,26
EST_04929,축구골대,1,854000,중앙산업,2023-02-06,2023-03-13,35
EST_04930,축구골대,2,2007000,신세계안전,2023-02-06,2023-03-30,52
EST_04931,보차도경계석,2,78000,현대시스템,2023-02-07,2023-03-03,24
EST_04932,보호시설물볼라드,2,141000,한성토목,2023-02-07,2023-03-02,23
EST_04933,축구골대,2,2211000,우신산업,2023-02-07,2023-04-09,61
EST_04934,트랜치,2,120000,한성토목,2023-02-07,2023-02-26,19
EST_04935,등받이있는벤치,3,862000,동화시설관리,2023-02-07,2023-03-16,37
EST_04936,보호펜스,1,49000,태영건설,2023-02-08,2023-03-04,24
EST_04937,등받이없는벤치,3,651000,대명건설,2023-02-08,2023-03-31,51
EST_04938,농구대,2,1194000,한성건설,2023-02-09,2023-04-02,52
EST_04939,점자블록,3,68000,제일테크,2023-02-09,2023-03-15,34
EST_04940,그네,1,521000,우신시설관리,2023-02-10,2023-03-28,46
EST_04941,보호시설물무단횡단방지시설,1,105000,한성토목,2023-02-10,2023-03-05,23
EST_04942,축구골대,3,4217000,미래시스템,2023-02-10,2023-05-24,103
EST_04943,보호시설물무단횡단방지시설,1,64000,한성산업,2023-02-10,2023-03-07,25
EST_04944,축구골대,2,1906000,현대시스템,2023-02-10,2023-04-12,61
EST_04945,미끄럼틀,3,3929000,에코시설,2023-02-11,2023-07-02,141
EST_04946,점자블록,1,20000,태영안전,2023-02-11,2023-02-22,11
EST_04947,농구대,1,454000,우신테크,2023-02-11,2023-03-11,28
EST_04948,그네,3,2611000,신세계조경,2023-02-11,2023-08-29,199
EST_04949,가로수보호덮개,3,385000,중앙건설,2023-02-12,2023-03-23,39
EST_04950,점자블록,1,14000,중앙테크,2023-02-12,2023-02-22,10
EST_04951,트랜치,3,225000,제일안전,2023-02-12,2023-03-20,36
EST_04952,보도블록,3,50000,우신시설관리,2023-02-12,2023-03-14,30
EST_04953,보차도경계석,3,109000,한성안전,2023-02-13,2023-04-08,54
EST_04954,달리기,3,2306000,미래토목,2023-02-13,2023-06-24,131
EST_04955,보호시설물무단횡단방지시설,3,405000,중앙토목,2023-02-14,2023-04-22,67
EST_04956,보도블록,1,10000,에코시설,2023-02-14,2023-02-24,10
EST_04957,농구대,3,2115000,신세계토목,2023-02-14,2023-04-28,73
EST_04958,미끄럼틀,3,4262000,도시정비단,2023-02-14,2023-07-30,166
EST_04959,가로수보호덮개,1,54000,신세계건설,2023-02-14,2023-02-25,11
EST_04960,트랜치,3,197000,신세계토목,2023-02-15,2023-03-26,39
EST_04961,트랜치,1,33000,대명시설관리,2023-02-15,2023-02-26,11
EST_04962,미끄럼틀,2,2741000,에코시설,2023-02-16,2023-05-20,93
EST_04963,미끄럼틀,1,1174000,동화시스템,2023-02-16,2023-04-06,49
EST_04964,등받이있는벤치,2,357000,대명산업,2023-02-16,2023-03-11,23
EST_04965,농구대,3,2287000,대명산업,2023-02-16,2023-05-02,75
EST_04966,보도블록,2,35000,신세계시스템,2023-02-16,2023-03-06,18
EST_04967,점자블록,1,12000,신세계테크,2023-02-16,2023-02-27,11
EST_04968,맨홀,1,136000,한성산업,2023-02-17,2023-03-11,22
EST_04969,점자블록,1,11000,현대건설,2023-02-17,2023-02-27,10
EST_04970,점자블록,2,38000,한성시설관리,2023-02-17,2023-03-06,17
EST_04971,가로수보호덮개,1,102000,중앙토목,2023-02-17,2023-02-27,10
EST_04972,보호펜스,3,158000,미래토목,2023-02-18,2023-05-19,90
EST_04973,보호시설물볼라드,1,49000,한성시설관리,2023-02-18,2023-03-07,17
EST_04974,등받이없는벤치,3,596000,중앙테크,2023-02-18,2023-03-27,37
EST_04975,보차도경계석,3,112000,신세계조경,2023-02-18,2023-03-25,35
EST_04976,트랜치,3,200000,제일토목,2023-02-18,2023-03-25,35
EST_04977,축구골대,1,1021000,신세계테크,2023-02-18,2023-03-25,35
EST_04978,트랜치,1,30000,태영건설,2023-02-19,2023-03-01,10
EST_04979,점자블록,3,88000,대명시설관리,2023-02-19,2023-03-26,35
EST_04980,농구대,3,1818000,제일안전,2023-02-19,2023-06-11,112
EST_04981,등받이없는벤치,1,69000,도시정비단,2023-02-19,2023-03-08,17
EST_04982,맨홀,2,419000,신세계안전,2023-02-19,2023-03-27,36
EST_04983,농구대,3,1889000,한성안전,2023-02-19,2023-06-06,107
EST_04984,등받이있는벤치,1,152000,우신산업,2023-02-20,2023-03-08,16
EST_04985,등받이있는벤치,3,813000,태영테크,2023-02-20,2023-04-09,48
EST_04986,등받이있는벤치,2,349000,대명안전,2023-02-20,2023-03-16,24
EST_04987,등받이없는벤치,2,310000,대명시설관리,2023-02-20,2023-03-17,25
EST_04988,달리기,1,814000,미래시스템,2023-02-20,2023-03-27,35
EST_04989,등받이있는벤치,2,436000,우신테크,2023-02-20,2023-03-17,25
EST_04990,보도블록,1,10000,제일테크,2023-02-20,2023-03-03,11
EST_04991,달리기,3,2178000,우신시설관리,2023-02-20,2023-05-07,76
EST_04992,등받이있는벤치,1,140000,제일테크,2023-02-20,2023-03-09,17
EST_04993,가로수보호덮개,3,376000,현대건설,2023-02-21,2023-03-31,38
EST_04994,맨홀,3,860000,에코시설,2023-02-22,2023-05-19,86
EST_04995,맨홀,3,979000,태영테크,2023-02-22,2023-05-20,87
EST_04996,등받이있는벤치,1,133000,제일안전,2023-02-22,2023-03-08,14
EST_04997,보호펜스,1,58000,대명산업,2023-02-23,2023-03-17,22
EST_04998,보차도경계석,3,159000,중앙안전,2023-02-23,2023-04-02,38
EST_04999,축구골대,3,3052000,대명안전,2023-02-23,2023-05-20,86
EST_05000,미끄럼틀,3,5515000,신세계테크,2023-02-23,2023-07-09,136
EST_05001,축구골대,1,1031000,동화조경,2023-02-23,2023-03-28,33
EST_05002,보호펜스,1,41000,우신시설관리,2023-02-24,2023-03-20,24
EST_05003,달리기,3,3214000,미래시설관리,2023-02-24,2023-05-26,91
EST_05004,축구골대,3,3682000,대명산업,2023-02-24,2023-06-29,125
EST_05005,점자블록,1,21000,한성건설,2023-02-24,2023-03-06,10
EST_05006,달리기,3,2817000,동화시설관리,2023-02-24,2023-07-05,131
EST_05007,보도블록,2,23000,동화토목,2023-02-24,2023-03-13,17
EST_05008,점자블록,3,89000,동화토목,2023-02-24,2023-04-07,42
EST_05009,가로수보호덮개,3,491000,신세계시스템,2023-02-25,2023-03-23,26
EST_05010,보호펜스,1,29000,신세계테크,2023-02-25,2023-03-19,22
EST_05011,보호펜스,3,194000,제일산업,2023-02-25,2023-04-26,60
EST_05012,보호시설물무단횡단방지시설,1,116000,제일산업,2023-02-26,2023-03-19,21
EST_05013,보호시설물볼라드,2,120000,그린플레이,2023-02-26,2023-03-19,21
EST_05014,보도블록,3,63000,현대시스템,2023-02-26,2023-04-08,41
EST_05015,보도블록,1,14000,신세계토목,2023-02-26,2023-03-08,10
EST_05016,보호펜스,3,187000,신세계건설,2023-02-26,2023-05-20,83
EST_05017,축구골대,3,3352000,우신산업,2023-02-27,2023-06-19,112
EST_05018,가로수보호덮개,3,400000,제일테크,2023-02-27,2023-03-25,26
EST_05019,등받이있는벤치,3,777000,한성안전,2023-02-27,2023-04-19,51
EST_05020,보도블록,1,11000,중앙테크,2023-02-27,2023-03-10,11
EST_05021,보호시설물무단횡단방지시설,1,131000,에코시설,2023-02-27,2023-03-21,22
EST_05022,맨홀,1,263000,대명시설관리,2023-02-28,2023-03-23,23
EST_05023,보차도경계석,1,28000,중앙산업,2023-02-28,2023-03-14,14
EST_05024,농구대,2,1108000,제일시설관리,2023-03-01,2023-04-20,50
EST_05025,보도블록,1,11000,중앙안전,2023-03-01,2023-03-12,11
EST_05026,축구골대,2,1971000,신세계시스템,2023-03-01,2023-04-22,52
EST_05027,미끄럼틀,2,2128000,태영안전,2023-03-02,2023-06-01,91
EST_05028,달리기,3,3023000,동화조경,2023-03-02,2023-07-04,124
EST_05029,트랜치,1,39000,태영안전,2023-03-02,2023-03-12,10
EST_05030,점자블록,3,72000,그린플레이,2023-03-03,2023-04-11,39
EST_05031,보도블록,2,35000,현대시스템,2023-03-03,2023-03-19,16
EST_05032,보차도경계석,3,113000,한성시설관리,2023-03-03,2023-04-25,53
EST_05033,미끄럼틀,2,1790000,동화시스템,2023-03-04,2023-05-25,82
EST_05034,보차도경계석,1,41000,동화토목,2023-03-04,2023-03-19,15
EST_05035,보차도경계석,3,159000,신세계시설관리,2023-03-04,2023-05-03,60
EST_05036,점자블록,3,94000,현대시스템,2023-03-04,2023-04-12,39
EST_05037,축구골대,2,2032000,신세계시스템,2023-03-05,2023-05-04,60
EST_05038,농구대,3,1992000,신세계시설관리,2023-03-05,2023-06-18,105
EST_05039,등받이없는벤치,3,608000,태영안전,2023-03-05,2023-04-18,44
EST_05040,농구대,3,2351000,동화시설관리,2023-03-05,2023-06-09,96
EST_05041,점자블록,2,36000,중앙테크,2023-03-05,2023-03-25,20
EST_05042,미끄럼틀,2,2386000,중앙테크,2023-03-05,2023-06-09,96
EST_05043,보도블록,2,35000,대명시설관리,2023-03-05,2023-03-26,21
EST_05044,트랜치,3,256000,도시정비단,2023-03-05,2023-03-30,25
EST_05045,달리기,2,1190000,제일산업,2023-03-05,2023-05-04,60
EST_05046,등받이있는벤치,1,195000,중앙테크,2023-03-07,2023-03-23,16
EST_05047,보차도경계석,2,75000,한성안전,2023-03-07,2023-04-05,29
EST_05048,등받이있는벤치,3,798000,미래시설관리,2023-03-07,2023-05-08,62
EST_05049,그네,1,563000,우신산업,2023-03-08,2023-05-03,56
EST_05050,맨홀,1,272000,우신산업,2023-03-08,2023-03-31,23
EST_05051,등받이있는벤치,2,367000,대명시설관리,2023-03-09,2023-04-04,26
EST_05052,등받이없는벤치,1,100000,제일산업,2023-03-09,2023-03-26,17
EST_05053,맨홀,1,291000,중앙건설,2023-03-09,2023-03-31,22
EST_05054,보호시설물볼라드,1,75000,대명산업,2023-03-09,2023-03-23,14
EST_05055,가로수보호덮개,3,399000,신세계조경,2023-03-09,2023-04-18,40
EST_05056,달리기,1,450000,우신테크,2023-03-10,2023-04-17,38
EST_05057,농구대,3,2092000,신세계조경,2023-03-10,2023-06-12,94
EST_05058,트랜치,3,220000,중앙테크,2023-03-10,2023-04-19,40
EST_05059,그네,3,2460000,신세계안전,2023-03-10,2023-08-17,160
EST_05060,등받이있는벤치,3,866000,신세계건설,2023-03-10,2023-04-15,36
EST_05061,등받이없는벤치,2,309000,동화테크,2023-03-10,2023-04-09,30
EST_05062,가로수보호덮개,2,169000,한성시설관리,2023-03-11,2023-03-31,20
EST_05063,보호시설물볼라드,1,68000,우신시설관리,2023-03-11,2023-03-28,17
EST_05064,등받이없는벤치,3,420000,현대시스템,2023-03-12,2023-04-19,38
EST_05065,점자블록,1,19000,현대건설,2023-03-12,2023-03-24,12
EST_05066,가로수보호덮개,1,65000,중앙건설,2023-03-13,2023-03-23,10
EST_05067,그네,1,377000,중앙건설,2023-03-13,2023-04-27,45
EST_05068,가로수보호덮개,3,416000,그린플레이,2023-03-13,2023-04-10,28
EST_05069,가로수보호덮개,2,189000,우신시설관리,2023-03-14,2023-04-01,18
EST_05070,가로수보호덮개,2,221000,중앙테크,2023-03-14,2023-04-03,20
EST_05071,보호시설물볼라드,1,67000,중앙토목,2023-03-15,2023-04-01,17
EST_05072,가로수보호덮개,1,79000,미래시설관리,2023-03-15,2023-03-25,10
EST_05073,축구골대,3,3800000,신세계안전,2023-03-15,2023-07-18,125
EST_05074,보호시설물무단횡단방지시설,2,269000,미래토목,2023-03-15,2023-04-24,40
EST_05075,축구골대,3,2856000,에코시설,2023-03-16,2023-07-20,126
EST_05076,트랜치,3,232000,한성산업,2023-03-16,2023-04-28,43
EST_05077,점자블록,3,80000,제일조경,2023-03-16,2023-04-10,25
EST_05078,트랜치,1,44000,우신산업,2023-03-16,2023-03-26,10
EST_05079,농구대,2,1211000,중앙안전,2023-03-16,2023-04-24,39
EST_05080,보호시설물무단횡단방지시설,3,562000,제일테크,2023-03-16,2023-05-18,63
EST_05081,등받이있는벤치,2,288000,중앙산업,2023-03-16,2023-04-15,30
EST_05082,보호펜스,3,238000,한성시설관리,2023-03-16,2023-06-08,84
EST_05083,보도블록,3,66000,태영건설,2023-03-17,2023-04-14,28
EST_05084,맨홀,3,1114000,미래토목,2023-03-17,2023-05-22,66
EST_05085,그네,2,1337000,신세계시설관리,2023-03-17,2023-06-03,78
EST_05086,보호시설물무단횡단방지시설,2,294000,우신산업,2023-03-17,2023-04-30,44
EST_05087,달리기,1,473000,중앙테크,2023-03-17,2023-04-16,30
EST_05088,보호시설물볼라드,1,51000,중앙안전,2023-03-17,2023-04-02,16
EST_05089,보호펜스,2,89000,미래시스템,2023-03-17,2023-04-20,34
EST_05090,점자블록,1,23000,신세계시설관리,2023-03-17,2023-03-29,12
EST_05091,보도블록,1,9000,미래안전,2023-03-17,2023-03-28,11
EST_05092,등받이있는벤치,1,202000,미래시설관리,2023-03-18,2023-04-03,16
EST_05093,미끄럼틀,3,4145000,국토개발,2023-03-18,2023-08-31,166
EST_05094,보도블록,1,14000,동화시스템,2023-03-18,2023-03-29,11
EST_05095,등받이있는벤치,1,168000,제일산업,2023-03-18,2023-04-04,17
EST_05096,미끄럼틀,1,1027000,신세계테크,2023-03-19,2023-05-06,48
EST_05097,미끄럼틀,2,2652000,신세계테크,2023-03-20,2023-06-12,84
EST_05098,그네,1,349000,동화토목,2023-03-20,2023-05-07,48
EST_05099,보도블록,3,66000,태영테크,2023-03-20,2023-04-30,41
EST_05100,달리기,2,1262000,중앙테크,2023-03-20,2023-05-15,56
EST_05101,맨홀,3,918000,신세계조경,2023-03-20,2023-05-25,66
EST_05102,맨홀,2,550000,신세계토목,2023-03-20,2023-05-01,42
EST_05103,미끄럼틀,2,2140000,한성토목,2023-03-20,2023-05-27,68
EST_05104,보호시설물볼라드,1,62000,대명건설,2023-03-21,2023-04-07,17
EST_05105,보호시설물볼라드,1,73000,우신테크,2023-03-21,2023-04-05,15
EST_05106,등받이있는벤치,3,779000,한성토목,2023-03-21,2023-05-05,45
EST_05107,농구대,2,824000,신세계조경,2023-03-21,2023-05-11,51
EST_05108,가로수보호덮개,3,387000,제일시설관리,2023-03-21,2023-04-24,34
EST_05109,점자블록,2,32000,대명건설,2023-03-21,2023-04-05,15
EST_05110,보호시설물볼라드,1,48000,태영안전,2023-03-21,2023-04-08,18
EST_05111,그네,3,2570000,국토개발,2023-03-22,2023-10-08,200
EST_05112,그네,2,1403000,신세계건설,2023-03-22,2023-06-24,94
EST_05113,미끄럼틀,1,739000,중앙토목,2023-03-22,2023-05-18,57
EST_05114,농구대,2,1151000,대명건설,2023-03-22,2023-05-05,44
EST_05115,점자블록,1,23000,신세계시설관리,2023-03-22,2023-04-03,12
EST_05116,미끄럼틀,1,1277000,국토개발,2023-03-23,2023-05-11,49
EST_05117,점자블록,1,22000,제일시설관리,2023-03-23,2023-04-04,12
EST_05118,그네,2,1367000,동화시스템,2023-03-23,2023-06-06,75
EST_05119,축구골대,1,1011000,제일토목,2023-03-23,2023-04-24,32
EST_05120,보호시설물볼라드,2,149000,대명테크,2023-03-23,2023-04-15,23
EST_05121,보도블록,3,47000,태영안전,2023-03-24,2023-04-27,34
EST_05122,보도블록,1,14000,우신시설관리,2023-03-24,2023-04-04,11
EST_05123,달리기,1,458000,제일산업,2023-03-25,2023-04-26,32
EST_05124,등받이없는벤치,3,619000,대명테크,2023-03-25,2023-05-16,52
EST_05125,달리기,3,2865000,한성산업,2023-03-25,2023-06-18,85
EST_05126,그네,3,2786000,대명건설,2023-03-25,2023-09-07,166
EST_05127,보호시설물무단횡단방지시설,3,495000,대명산업,2023-03-25,2023-05-18,54
EST_05128,그네,2,1056000,미래안전,2023-03-25,2023-06-10,77
EST_05129,보호시설물볼라드,1,52000,신세계테크,2023-03-26,2023-04-12,17
EST_05130,보도블록,1,8000,신세계조경,2023-03-26,2023-04-05,10
EST_05131,보호펜스,1,40000,중앙안전,2023-03-26,2023-04-17,22
EST_05132,보차도경계석,2,81000,도시정비단,2023-03-26,2023-04-21,26
EST_05133,맨홀,1,204000,대명안전,2023-03-26,2023-04-15,20
EST_05134,보도블록,2,31000,태영안전,2023-03-26,2023-04-12,17
EST_05135,미끄럼틀,1,978000,제일안전,2023-03-27,2023-05-17,51
EST_05136,트랜치,1,35000,한성건설,2023-03-27,2023-04-06,10
EST_05137,그네,1,542000,대명테크,2023-03-27,2023-05-15,49
EST_05138,등받이없는벤치,2,305000,신세계시설관리,2023-03-28,2023-04-18,21
EST_05139,트랜치,1,44000,미래시설관리,2023-03-28,2023-04-07,10
EST_05140,등받이없는벤치,3,502000,동화시스템,2023-03-28,2023-05-08,41
EST_05141,농구대,3,2092000,중앙건설,2023-03-29,2023-07-13,106
EST_05142,보호펜스,3,200000,태영건설,2023-03-29,2023-07-01,94
EST_05143,보호시설물볼라드,1,38000,제일토목,2023-03-30,2023-04-16,17
EST_05144,그네,1,549000,동화시스템,2023-03-30,2023-05-14,45
EST_05145,보호시설물무단횡단방지시설,3,505000,미래안전,2023-03-30,2023-06-08,70
EST_05146,등받이있는벤치,2,389000,한성시설관리,2023-03-30,2023-04-20,21
EST_05147,등받이있는벤치,1,100000,태영건설,2023-03-30,2023-04-15,16
EST_05148,점자블록,2,34000,대명시설관리,2023-03-31,2023-04-18,18
EST_05149,등받이없는벤치,2,219000,신세계토목,2023-03-31,2023-04-21,21
EST_05150,축구골대,1,527000,대명산업,2023-03-31,2023-05-02,32
EST_05151,보호시설물볼라드,1,37000,대명시설관리,2023-03-31,2023-04-16,16
EST_05152,보도블록,3,53000,현대건설,2023-03-31,2023-05-09,39
EST_05153,점자블록,2,46000,도시정비단,2023-03-31,2023-04-18,18
EST_05154,보호시설물무단횡단방지시설,3,549000,한성시설관리,2023-04-01,2023-06-09,69
EST_05155,맨홀,2,482000,동화테크,2023-04-01,2023-05-04,33
EST_05156,등받이없는벤치,1,82000,현대시스템,2023-04-01,2023-04-17,16
EST_05157,보호시설물볼라드,3,253000,태영안전,2023-04-01,2023-05-24,53
EST_05158,등받이있는벤치,3,629000,중앙토목,2023-04-02,2023-05-29,57
EST_05159,점자블록,1,22000,신세계시스템,2023-04-02,2023-04-13,11
EST_05160,보호시설물볼라드,2,141000,우신산업,2023-04-02,2023-04-29,27
EST_05161,달리기,1,396000,신세계안전,2023-04-02,2023-05-08,36
EST_05162,보호펜스,2,126000,한성안전,2023-04-02,2023-05-13,41
EST_05163,맨홀,2,511000,신세계시스템,2023-04-02,2023-05-15,43
EST_05164,보차도경계석,2,72000,제일토목,2023-04-02,2023-04-23,21
EST_05165,맨홀,1,312000,동화테크,2023-04-02,2023-04-26,24
EST_05166,보차도경계석,2,88000,우신테크,2023-04-03,2023-04-30,27
EST_05167,보호펜스,2,128000,우신시설관리,2023-04-03,2023-05-06,33
EST_05168,농구대,2,971000,중앙테크,2023-04-03,2023-05-27,54
EST_05169,보차도경계석,3,139000,미래시스템,2023-04-03,2023-05-16,43
EST_05170,농구대,3,1842000,현대시스템,2023-04-04,2023-06-23,80
EST_05171,보도블록,3,67000,신세계건설,2023-04-04,2023-05-13,39
EST_05172,트랜치,3,238000,중앙건설,2023-04-04,2023-05-11,37
EST_05173,등받이있는벤치,3,749000,동화토목,2023-04-04,2023-05-25,51
EST_05174,등받이있는벤치,3,875000,대명시설관리,2023-04-04,2023-05-11,37
EST_05175,등받이있는벤치,3,839000,신세계조경,2023-04-04,2023-05-10,36
EST_05176,보도블록,2,34000,한성시설관리,2023-04-05,2023-04-21,16
EST_05177,농구대,3,1670000,한성토목,2023-04-05,2023-06-19,75
EST_05178,맨홀,3,1272000,우신조경,2023-04-05,2023-06-16,72
EST_05179,보호펜스,2,85000,제일테크,2023-04-05,2023-05-20,45
EST_05180,보호펜스,3,176000,신세계테크,2023-04-05,2023-06-23,79
EST_05181,등받이있는벤치,1,193000,대명산업,2023-04-06,2023-04-21,15
EST_05182,가로수보호덮개,3,357000,한성시설관리,2023-04-06,2023-05-07,31
EST_05183,등받이없는벤치,2,289000,신세계시스템,2023-04-06,2023-04-27,21
EST_05184,축구골대,3,3359000,중앙건설,2023-04-06,2023-07-04,89
EST_05185,맨홀,2,408000,한성산업,2023-04-06,2023-05-16,40
EST_05186,보도블록,1,9000,현대시스템,2023-04-06,2023-04-17,11
EST_05187,점자블록,3,74000,중앙테크,2023-04-07,2023-05-07,30
EST_05188,트랜치,1,47000,현대건설,2023-04-07,2023-04-17,10
EST_05189,보차도경계석,2,57000,중앙건설,2023-04-07,2023-05-05,28
EST_05190,보차도경계석,3,129000,제일시설관리,2023-04-07,2023-05-20,43
EST_05191,그네,1,314000,신세계조경,2023-04-07,2023-05-28,51
EST_05192,등받이없는벤치,3,615000,미래안전,2023-04-08,2023-05-24,46
EST_05193,그네,1,623000,중앙산업,2023-04-08,2023-06-02,55
EST_05194,등받이없는벤치,3,564000,대명건설,2023-04-08,2023-05-28,50
EST_05195,보도블록,2,22000,한성산업,2023-04-09,2023-04-27,18
EST_05196,등받이있는벤치,2,286000,중앙건설,2023-04-09,2023-04-30,21
EST_05197,보호시설물볼라드,3,248000,미래시스템,2023-04-09,2023-05-28,49
EST_05198,보호펜스,1,53000,한성시설관리,2023-04-09,2023-05-02,23
EST_05199,농구대,3,2070000,신세계테크,2023-04-09,2023-07-20,102
EST_05200,보차도경계석,3,124000,중앙안전,2023-04-09,2023-06-09,61
EST_05201,등받이있는벤치,2,314000,태영테크,2023-04-09,2023-05-08,29
EST_05202,보차도경계석,1,33000,중앙안전,2023-04-10,2023-04-25,15
EST_05203,보호펜스,3,208000,도시정비단,2023-04-10,2023-06-20,71
EST_05204,보호펜스,1,29000,제일토목,2023-04-10,2023-05-05,25
EST_05205,달리기,2,1423000,미래시설관리,2023-04-10,2023-05-30,50
EST_05206,트랜치,1,55000,우신시설관리,2023-04-10,2023-04-22,12
EST_05207,보도블록,2,29000,대명안전,2023-04-10,2023-05-01,21
EST_05208,트랜치,3,272000,동화테크,2023-04-10,2023-05-12,32
EST_05209,가로수보호덮개,3,485000,대명산업,2023-04-11,2023-05-10,29
EST_05210,점자블록,3,87000,그린플레이,2023-04-11,2023-05-14,33
EST_05211,보호펜스,2,107000,도시정비단,2023-04-11,2023-05-16,35
EST_05212,맨홀,2,445000,중앙건설,2023-04-11,2023-05-14,33
EST_05213,보도블록,3,54000,중앙안전,2023-04-11,2023-05-16,35
EST_05214,보도블록,3,65000,우신시설관리,2023-04-11,2023-05-21,40
EST_05215,맨홀,3,1190000,신세계안전,2023-04-12,2023-06-20,69
EST_05216,보호시설물볼라드,2,124000,제일조경,2023-04-12,2023-05-12,30
EST_05217,보호시설물볼라드,2,161000,대명산업,2023-04-12,2023-05-03,21
EST_05218,등받이있는벤치,2,350000,동화시설관리,2023-04-13,2023-05-11,28
EST_05219,축구골대,2,2041000,대명산업,2023-04-13,2023-06-01,49
EST_05220,가로수보호덮개,3,486000,대명테크,2023-04-14,2023-05-13,29
EST_05221,맨홀,1,294000,대명시설관리,2023-04-14,2023-05-09,25
EST_05222,보차도경계석,3,114000,제일안전,2023-04-14,2023-06-09,56
EST_05223,보도블록,3,60000,우신테크,2023-04-14,2023-05-10,26
EST_05224,미끄럼틀,2,2229000,우신조경,2023-04-15,2023-06-26,72
EST_05225,트랜치,3,192000,한성산업,2023-04-15,2023-05-23,38
EST_05226,등받이있는벤치,3,794000,한성토목,2023-04-15,2023-05-30,45
EST_05227,그네,3,2653000,중앙테크,2023-04-15,2023-09-04,142
EST_05228,보차도경계석,2,66000,미래시설관리,2023-04-16,2023-05-16,30
EST_05229,보호펜스,1,48000,동화시설관리,2023-04-16,2023-05-10,24
EST_05230,그네,2,1175000,신세계조경,2023-04-16,2023-07-13,88
EST_05231,등받이없는벤치,2,241000,현대건설,2023-04-16,2023-05-11,25
EST_05232,그네,1,617000,우신산업,2023-04-17,2023-06-11,55
EST_05233,보차도경계석,3,150000,제일시설관리,2023-04-17,2023-06-04,48
EST_05234,등받이있는벤치,1,208000,그린플레이,2023-04-17,2023-05-05,18
EST_05235,맨홀,2,637000,신세계건설,2023-04-18,2023-05-28,40
EST_05236,보차도경계석,1,25000,동화시스템,2023-04-18,2023-05-05,17
EST_05237,등받이없는벤치,1,110000,미래안전,2023-04-18,2023-05-02,14
EST_05238,보도블록,1,15000,동화시설관리,2023-04-18,2023-04-28,10
EST_05239,보도블록,1,11000,국토개발,2023-04-18,2023-04-30,12
EST_05240,농구대,1,492000,도시정비단,2023-04-18,2023-05-13,25
EST_05241,가로수보호덮개,3,346000,신세계조경,2023-04-19,2023-06-02,44
EST_05242,가로수보호덮개,1,77000,우신시설관리,2023-04-19,2023-04-29,10
EST_05243,보도블록,2,31000,제일시설관리,2023-04-19,2023-05-05,16
EST_05244,농구대,3,1921000,에코시설,2023-04-19,2023-07-03,75
EST_05245,등받이있는벤치,1,125000,현대시스템,2023-04-19,2023-05-03,14
EST_05246,보도블록,1,10000,신세계테크,2023-04-19,2023-04-30,11
EST_05247,등받이없는벤치,2,268000,도시정비단,2023-04-19,2023-05-15,26
EST_05248,축구골대,1,921000,제일테크,2023-04-19,2023-05-20,31
EST_05249,맨홀,3,1131000,제일안전,2023-04-19,2023-07-06,78
EST_05250,등받이없는벤치,2,235000,제일테크,2023-04-20,2023-05-14,24
EST_05251,맨홀,3,1211000,중앙건설,2023-04-20,2023-07-11,82
EST_05252,달리기,3,3010000,대명시설관리,2023-04-20,2023-08-27,129
EST_05253,달리기,2,1552000,그린플레이,2023-04-20,2023-06-15,56
EST_05254,보호시설물무단횡단방지시설,1,118000,미래토목,2023-04-21,2023-05-16,25
EST_05255,축구골대,3,2903000,동화토목,2023-04-21,2023-07-18,88
EST_05256,점자블록,2,44000,미래토목,2023-04-21,2023-05-08,17
EST_05257,보도블록,2,26000,미래안전,2023-04-21,2023-05-10,19
EST_05258,보호시설물볼라드,3,273000,미래시스템,2023-04-22,2023-06-09,48
EST_05259,등받이있는벤치,2,286000,제일토목,2023-04-22,2023-05-14,22
EST_05260,보차도경계석,1,24000,대명테크,2023-04-22,2023-05-07,15
EST_05261,트랜치,2,90000,신세계조경,2023-04-23,2023-05-12,19
EST_05262,보차도경계석,2,71000,한성안전,2023-04-23,2023-05-23,30
EST_05263,보호펜스,1,57000,국토개발,2023-04-23,2023-05-16,23
EST_05264,달리기,2,1663000,국토개발,2023-04-23,2023-06-11,49
EST_05265,가로수보호덮개,1,75000,대명테크,2023-04-23,2023-05-05,12
EST_05266,등받이없는벤치,2,247000,국토개발,2023-04-24,2023-05-15,21
EST_05267,등받이있는벤치,2,465000,신세계테크,2023-04-25,2023-05-17,22
EST_05268,미끄럼틀,3,3741000,신세계시스템,2023-04-25,2023-11-07,196
EST_05269,그네,1,494000,현대시스템,2023-04-25,2023-06-21,57
EST_05270,달리기,3,3107000,우신테크,2023-04-25,2023-07-22,88
EST_05271,미끄럼틀,2,2714000,제일조경,2023-04-25,2023-07-10,76
EST_05272,보도블록,1,10000,동화시스템,2023-04-25,2023-05-05,10
EST_05273,보호펜스,2,122000,미래토목,2023-04-25,2023-05-26,31
EST_05274,등받이있는벤치,1,195000,대명산업,2023-04-25,2023-05-11,16
EST_05275,보도블록,3,51000,국토개발,2023-04-26,2023-06-04,39
EST_05276,맨홀,2,642000,중앙건설,2023-04-26,2023-06-05,40
EST_05277,등받이있는벤치,2,306000,제일안전,2023-04-26,2023-05-24,28
EST_05278,축구골대,2,2080000,미래시설관리,2023-04-26,2023-06-10,45
EST_05279,농구대,3,2349000,신세계시스템,2023-04-26,2023-07-08,73
EST_05280,트랜치,2,146000,동화테크,2023-04-26,2023-05-12,16
EST_05281,보호시설물무단횡단방지시설,1,75000,한성안전,2023-04-26,2023-05-20,24
EST_05282,트랜치,3,229000,우신조경,2023-04-27,2023-05-31,34
EST_05283,보호시설물무단횡단방지시설,2,305000,현대시스템,2023-04-27,2023-06-09,43
EST_05284,점자블록,3,99000,도시정비단,2023-04-27,2023-05-30,33
EST_05285,가로수보호덮개,3,429000,한성시설관리,2023-04-27,2023-05-23,26
EST_05286,그네,3,2304000,신세계안전,2023-04-27,2023-10-03,159
EST_05287,등받이있는벤치,3,817000,우신조경,2023-04-27,2023-06-09,43
EST_05288,가로수보호덮개,1,72000,신세계건설,2023-04-28,2023-05-09,11
EST_05289,보호시설물무단횡단방지시설,3,570000,한성산업,2023-04-28,2023-06-24,57
EST_05290,보호펜스,2,124000,제일조경,2023-04-28,2023-06-11,44
EST_05291,보호시설물무단횡단방지시설,2,294000,제일조경,2023-04-28,2023-06-12,45
EST_05292,달리기,1,704000,한성건설,2023-04-29,2023-06-02,34
EST_05293,가로수보호덮개,3,394000,제일조경,2023-04-29,2023-05-24,25
EST_05294,달리기,2,1396000,신세계조경,2023-04-29,2023-06-25,57
EST_05295,점자블록,2,49000,태영안전,2023-04-29,2023-05-16,17
EST_05296,등받이없는벤치,1,154000,그린플레이,2023-04-29,2023-05-13,14
EST_05297,축구골대,1,570000,미래시설관리,2023-04-30,2023-06-07,38
EST_05298,보차도경계석,2,62000,신세계시스템,2023-04-30,2023-05-25,25
EST_05299,미끄럼틀,1,809000,제일시설관리,2023-04-30,2023-06-25,56
EST_05300,보호시설물무단횡단방지시설,2,192000,한성안전,2023-04-30,2023-06-01,32
EST_05301,보차도경계석,3,151000,제일시설관리,2023-04-30,2023-07-01,62
EST_05302,보호시설물볼라드,1,74000,도시정비단,2023-04-30,2023-05-14,14
EST_05303,보호시설물볼라드,3,296000,신세계테크,2023-04-30,2023-06-14,45
EST_05304,등받이있는벤치,3,689000,우신조경,2023-05-01,2023-06-05,35
EST_05305,점자블록,3,102000,대명안전,2023-05-01,2023-06-04,34
EST_05306,맨홀,3,1195000,대명시설관리,2023-05-01,2023-06-30,60
EST_05307,달리기,2,1507000,신세계테크,2023-05-02,2023-07-01,60
EST_05308,미끄럼틀,1,1090000,대명산업,2023-05-03,2023-06-17,45
EST_05309,보호펜스,1,45000,한성안전,2023-05-03,2023-05-26,23
EST_05310,보호시설물무단횡단방지시설,2,255000,태영테크,2023-05-03,2023-06-09,37
EST_05311,보호펜스,3,169000,동화토목,2023-05-03,2023-07-15,73
EST_05312,가로수보호덮개,1,120000,우신조경,2023-05-04,2023-05-14,10
EST_05313,등받이없는벤치,1,96000,대명시설관리,2023-05-05,2023-05-21,16
EST_05314,보호펜스,2,122000,제일테크,2023-05-05,2023-06-16,42
EST_05315,달리기,1,566000,한성안전,2023-05-05,2023-06-10,36
EST_05316,트랜치,3,261000,대명시설관리,2023-05-05,2023-06-15,41
EST_05317,점자블록,1,10000,동화시스템,2023-05-05,2023-05-17,12
EST_05318,보차도경계석,3,110000,동화토목,2023-05-05,2023-07-01,57
EST_05319,보도블록,1,15000,태영건설,2023-05-05,2023-05-15,10
EST_05320,달리기,3,2762000,태영안전,2023-05-06,2023-08-29,115
EST_05321,보도블록,1,8000,동화테크,2023-05-06,2023-05-17,11
EST_05322,보차도경계석,2,58000,신세계테크,2023-05-06,2023-05-31,25
EST_05323,가로수보호덮개,2,192000,에코시설,2023-05-06,2023-05-22,16
EST_05324,미끄럼틀,3,4160000,제일테크,2023-05-06,2023-09-20,137
EST_05325,등받이없는벤치,3,615000,태영테크,2023-05-06,2023-07-01,56
EST_05326,트랜치,3,183000,도시정비단,2023-05-07,2023-06-13,37
EST_05327,보도블록,3,69000,우신시설관리,2023-05-07,2023-06-04,28
EST_05328,보호펜스,1,53000,한성산업,2023-05-07,2023-06-01,25
EST_05329,농구대,3,1691000,태영건설,2023-05-08,2023-08-24,108
EST_05330,트랜치,3,244000,신세계토목,2023-05-08,2023-06-12,35
EST_05331,보도블록,2,27000,동화조경,2023-05-08,2023-05-29,21
EST_05332,가로수보호덮개,2,181000,신세계안전,2023-05-08,2023-05-28,20
EST_05333,보호펜스,2,118000,한성안전,2023-05-08,2023-06-10,33
EST_05334,점자블록,3,81000,우신조경,2023-05-08,2023-06-17,40
EST_05335,미끄럼틀,3,5113000,한성건설,2023-05-08,2023-10-23,168
EST_05336,트랜치,2,147000,중앙산업,2023-05-09,2023-05-26,17
EST_05337,가로수보호덮개,2,166000,신세계조경,2023-05-09,2023-05-29,20
EST_05338,보호펜스,1,30000,대명건설,2023-05-09,2023-06-01,23
EST_05339,축구골대,3,3393000,제일안전,2023-05-10,2023-09-06,119
EST_05340,달리기,1,742000,동화토목,2023-05-10,2023-06-10,31
EST_05341,축구골대,3,3368000,중앙안전,2023-05-10,2023-08-21,103
EST_05342,보도블록,2,26000,미래토목,2023-05-10,2023-05-31,21
EST_05343,그네,2,1062000,신세계시스템,2023-05-10,2023-07-23,74
EST_05344,보도블록,3,62000,우신조경,2023-05-10,2023-06-07,28
EST_05345,달리기,3,2965000,도시정비단,2023-05-10,2023-08-14,96
EST_05346,달리기,1,729000,신세계토목,2023-05-11,2023-06-16,36
EST_05347,가로수보호덮개,2,255000,한성산업,2023-05-11,2023-05-28,17
EST_05348,달리기,3,2536000,국토개발,2023-05-11,2023-07-30,80
EST_05349,미끄럼틀,3,4068000,대명테크,2023-05-11,2023-10-07,149
EST_05350,보호시설물볼라드,1,45000,신세계안전,2023-05-11,2023-05-27,16
EST_05351,미끄럼틀,3,3458000,대명건설,2023-05-12,2023-11-08,180
EST_05352,보차도경계석,3,152000,에코시설,2023-05-12,2023-07-04,53
EST_05353,보호시설물볼라드,1,54000,한성토목,2023-05-12,2023-05-28,16
EST_05354,트랜치,3,196000,우신테크,2023-05-12,2023-06-09,28
EST_05355,농구대,3,1968000,신세계토목,2023-05-13,2023-08-25,104
EST_05356,그네,1,626000,도시정비단,2023-05-13,2023-07-01,49
EST_05357,보호시설물볼라드,2,106000,우신테크,2023-05-13,2023-06-09,27
EST_05358,보호펜스,1,30000,도시정비단,2023-05-13,2023-06-03,21
EST_05359,축구골대,3,4409000,우신테크,2023-05-14,2023-08-15,93
EST_05360,점자블록,3,86000,대명안전,2023-05-14,2023-06-20,37
EST_05361,축구골대,2,1912000,도시정비단,2023-05-14,2023-07-10,57
EST_05362,농구대,3,2050000,제일테크,2023-05-14,2023-07-18,65
EST_05363,보호시설물무단횡단방지시설,3,502000,우신산업,2023-05-14,2023-08-15,93
EST_05364,보호펜스,2,95000,제일조경,2023-05-14,2023-06-26,43
EST_05365,축구골대,1,933000,신세계테크,2023-05-14,2023-06-16,33
EST_05366,보호펜스,2,119000,우신산업,2023-05-14,2023-06-26,43
EST_05367,그네,1,673000,한성토목,2023-05-15,2023-07-02,48
EST_05368,등받이없는벤치,1,134000,대명산업,2023-05-15,2023-06-01,17
EST_05369,점자블록,3,82000,그린플레이,2023-05-15,2023-06-25,41
EST_05370,보차도경계석,2,86000,국토개발,2023-05-15,2023-06-06,22
EST_05371,맨홀,1,239000,신세계토목,2023-05-16,2023-06-07,22
EST_05372,가로수보호덮개,2,180000,중앙테크,2023-05-16,2023-06-01,16
EST_05373,달리기,1,379000,제일토목,2023-05-16,2023-06-17,32
EST_05374,보호펜스,2,125000,제일테크,2023-05-17,2023-06-20,34
EST_05375,보도블록,3,59000,제일시설관리,2023-05-17,2023-06-16,30
EST_05376,맨홀,1,261000,한성토목,2023-05-17,2023-06-09,23
EST_05377,트랜치,1,56000,동화시스템,2023-05-18,2023-05-30,12
EST_05378,농구대,3,1666000,제일조경,2023-05-18,2023-09-06,111
EST_05379,보호시설물무단횡단방지시설,3,469000,중앙토목,2023-05-18,2023-08-08,82
EST_05380,보호시설물무단횡단방지시설,2,198000,중앙건설,2023-05-18,2023-06-29,42
EST_05381,농구대,2,754000,국토개발,2023-05-18,2023-06-27,40
EST_05382,농구대,2,753000,미래안전,2023-05-18,2023-07-08,51
EST_05383,등받이없는벤치,1,76000,신세계토목,2023-05-18,2023-06-04,17
EST_05384,달리기,1,746000,태영안전,2023-05-18,2023-06-21,34
EST_05385,보도블록,2,22000,제일토목,2023-05-19,2023-06-03,15
EST_05386,가로수보호덮개,1,106000,태영테크,2023-05-19,2023-05-31,12
EST_05387,보호펜스,2,119000,현대시스템,2023-05-19,2023-07-01,43
EST_05388,등받이없는벤치,2,308000,태영테크,2023-05-19,2023-06-16,28
EST_05389,달리기,2,1578000,신세계토목,2023-05-19,2023-07-08,50
EST_05390,축구골대,2,1870000,우신시설관리,2023-05-19,2023-07-06,48
EST_05391,보도블록,1,10000,현대시스템,2023-05-19,2023-05-30,11
EST_05392,미끄럼틀,1,602000,신세계조경,2023-05-20,2023-07-15,56
EST_05393,보호시설물볼라드,3,301000,중앙건설,2023-05-20,2023-07-04,45
EST_05394,트랜치,2,96000,제일조경,2023-05-20,2023-06-10,21
EST_05395,미끄럼틀,1,1027000,신세계테크,2023-05-20,2023-07-09,50
EST_05396,보차도경계석,1,24000,미래시설관리,2023-05-21,2023-06-06,16
EST_05397,보도블록,1,14000,에코시설,2023-05-22,2023-06-01,10
EST_05398,보호시설물볼라드,3,326000,미래시스템,2023-05-22,2023-07-05,44
EST_05399,등받이없는벤치,2,236000,대명산업,2023-05-23,2023-06-19,27
EST_05400,미끄럼틀,1,610000,신세계시설관리,2023-05-23,2023-07-15,53
EST_05401,가로수보호덮개,1,115000,대명테크,2023-05-24,2023-06-05,12
EST_05402,등받이없는벤치,3,611000,도시정비단,2023-05-24,2023-07-02,39
EST_05403,보호시설물무단횡단방지시설,1,119000,국토개발,2023-05-24,2023-06-15,22
EST_05404,맨홀,1,282000,한성시설관리,2023-05-24,2023-06-16,23
EST_05405,맨홀,1,181000,중앙건설,2023-05-25,2023-06-16,22
EST_05406,트랜치,3,187000,그린플레이,2023-05-25,2023-06-26,32
EST_05407,보호시설물볼라드,2,133000,그린플레이,2023-05-25,2023-06-16,22
EST_05408,등받이있는벤치,3,598000,미래토목,2023-05-25,2023-07-24,60
EST_05409,축구골대,1,833000,중앙토목,2023-05-26,2023-07-01,36
EST_05410,가로수보호덮개,2,224000,한성산업,2023-05-26,2023-06-14,19
EST_05411,보호시설물무단횡단방지시설,3,535000,대명시설관리,2023-05-26,2023-07-29,64
EST_05412,등받이없는벤치,2,278000,신세계테크,2023-05-26,2023-06-20,25
EST_05413,보호시설물볼라드,3,297000,도시정비단,2023-05-26,2023-07-05,40
EST_05414,그네,1,571000,태영테크,2023-05-27,2023-07-19,53
EST_05415,보호펜스,1,44000,동화조경,2023-05-27,2023-06-21,25
EST_05416,농구대,3,1890000,대명테크,2023-05-27,2023-08-25,90
EST_05417,보호펜스,2,80000,우신테크,2023-05-27,2023-07-02,36
EST_05418,등받이있는벤치,3,717000,한성토목,2023-05-27,2023-07-08,42
EST_05419,트랜치,1,66000,우신시설관리,2023-05-27,2023-06-08,12
EST_05420,보호시설물무단횡단방지시설,1,65000,한성안전,2023-05-27,2023-06-17,21
EST_05421,트랜치,1,37000,제일안전,2023-05-27,2023-06-06,10
EST_05422,그네,1,507000,제일시설관리,2023-05-27,2023-07-16,50
EST_05423,달리기,2,1450000,미래시설관리,2023-05-27,2023-07-11,45
EST_05424,농구대,3,1635000,신세계테크,2023-05-28,2023-08-24,88
EST_05425,농구대,3,1754000,한성토목,2023-05-28,2023-08-11,75
EST_05426,맨홀,3,1089000,우신조경,2023-05-28,2023-07-17,50
EST_05427,보차도경계석,3,108000,신세계테크,2023-05-28,2023-07-18,51
EST_05428,트랜치,3,213000,그린플레이,2023-05-29,2023-07-04,36
EST_05429,보호시설물볼라드,2,107000,한성산업,2023-05-29,2023-06-21,23
EST_05430,농구대,1,448000,제일테크,2023-05-29,2023-06-27,29
EST_05431,보차도경계석,3,115000,신세계조경,2023-05-29,2023-07-18,50
EST_05432,등받이없는벤치,1,118000,미래시스템,2023-05-29,2023-06-16,18
EST_05433,달리기,1,568000,대명테크,2023-05-30,2023-07-02,33
EST_05434,보호시설물무단횡단방지시설,1,136000,도시정비단,2023-05-30,2023-06-20,21
EST_05435,등받이없는벤치,2,254000,동화시설관리,2023-05-30,2023-06-28,29
EST_05436,보호시설물볼라드,2,158000,한성건설,2023-05-31,2023-06-27,27
EST_05437,달리기,1,511000,현대건설,2023-05-31,2023-06-30,30
EST_05438,달리기,3,3186000,한성산업,2023-05-31,2023-09-06,98
EST_05439,보도블록,2,34000,중앙산업,2023-05-31,2023-06-21,21
EST_05440,맨홀,3,1185000,신세계조경,2023-06-01,2023-08-02,62
EST_05441,보도블록,2,31000,도시정비단,2023-06-01,2023-06-16,15
EST_05442,점자블록,2,34000,대명안전,2023-06-01,2023-06-16,15
EST_05443,축구골대,3,2766000,대명산업,2023-06-01,2023-10-03,124
EST_05444,등받이없는벤치,1,73000,신세계시설관리,2023-06-02,2023-06-19,17
EST_05445,트랜치,2,99000,중앙토목,2023-06-02,2023-06-19,17
EST_05446,등받이있는벤치,2,339000,에코시설,2023-06-02,2023-06-24,22
EST_05447,등받이있는벤치,2,356000,제일테크,2023-06-02,2023-06-29,27
EST_05448,보호시설물무단횡단방지시설,1,110000,동화테크,2023-06-03,2023-06-29,26
EST_05449,보호시설물볼라드,2,108000,한성산업,2023-06-03,2023-06-28,25
EST_05450,트랜치,3,204000,현대시스템,2023-06-03,2023-07-10,37
EST_05451,달리기,2,1097000,대명안전,2023-06-04,2023-08-07,64
EST_05452,트랜치,3,240000,중앙산업,2023-06-05,2023-07-15,40
EST_05453,보호펜스,1,35000,한성토목,2023-06-05,2023-06-28,23
EST_05454,보도블록,2,34000,도시정비단,2023-06-05,2023-06-23,18
EST_05455,그네,1,443000,한성시설관리,2023-06-05,2023-07-29,54
EST_05456,보호시설물볼라드,3,241000,신세계시스템,2023-06-06,2023-07-17,41
EST_05457,트랜치,2,114000,국토개발,2023-06-06,2023-06-23,17
EST_05458,가로수보호덮개,3,494000,미래안전,2023-06-06,2023-07-03,27
EST_05459,그네,1,616000,신세계시스템,2023-06-06,2023-07-23,47
EST_05460,보차도경계석,2,89000,대명안전,2023-06-06,2023-07-01,25
EST_05461,보호펜스,2,82000,한성산업,2023-06-06,2023-07-14,38
EST_05462,보호시설물무단횡단방지시설,3,377000,동화테크,2023-06-06,2023-08-01,56
EST_05463,트랜치,3,252000,동화테크,2023-06-06,2023-07-13,37
EST_05464,가로수보호덮개,2,231000,중앙안전,2023-06-06,2023-06-25,19
EST_05465,맨홀,2,479000,태영안전,2023-06-07,2023-07-07,30
EST_05466,트랜치,1,43000,태영안전,2023-06-07,2023-06-19,12
EST_05467,트랜치,3,178000,대명안전,2023-06-07,2023-07-12,35
EST_05468,등받이없는벤치,2,265000,신세계조경,2023-06-07,2023-07-03,26
EST_05469,보호펜스,3,225000,미래토목,2023-06-08,2023-09-10,94
EST_05470,보도블록,2,27000,현대건설,2023-06-08,2023-06-25,17
EST_05471,농구대,2,1120000,에코시설,2023-06-08,2023-07-27,49
EST_05472,보차도경계석,3,155000,중앙안전,2023-06-09,2023-07-30,51
EST_05473,맨홀,3,1103000,태영안전,2023-06-09,2023-08-03,55
EST_05474,달리기,1,407000,우신시설관리,2023-06-09,2023-07-15,36
EST_05475,등받이없는벤치,1,121000,제일테크,2023-06-09,2023-06-23,14
EST_05476,등받이있는벤치,1,170000,현대시스템,2023-06-09,2023-06-25,16
EST_05477,보도블록,3,68000,제일산업,2023-06-10,2023-07-10,30
EST_05478,그네,2,1147000,미래시스템,2023-06-10,2023-08-18,69
EST_05479,미끄럼틀,2,2101000,제일시설관리,2023-06-10,2023-08-23,74
EST_05480,보호시설물볼라드,2,157000,중앙테크,2023-06-11,2023-07-07,26
EST_05481,농구대,1,263000,대명건설,2023-06-11,2023-07-07,26
EST_05482,트랜치,3,224000,신세계조경,2023-06-11,2023-07-12,31
EST_05483,맨홀,2,418000,한성건설,2023-06-11,2023-07-17,36
EST_05484,보차도경계석,2,55000,우신조경,2023-06-11,2023-07-07,26
EST_05485,보차도경계석,3,128000,미래시설관리,2023-06-11,2023-07-29,48
EST_05486,보호펜스,3,195000,동화시설관리,2023-06-11,2023-08-14,64
EST_05487,등받이있는벤치,3,582000,우신조경,2023-06-12,2023-08-12,61
EST_05488,등받이없는벤치,2,224000,미래안전,2023-06-12,2023-07-04,22
EST_05489,그네,2,1374000,제일토목,2023-06-12,2023-09-17,97
EST_05490,달리기,3,2574000,태영안전,2023-06-12,2023-09-02,82
EST_05491,점자블록,2,41000,우신시설관리,2023-06-12,2023-06-28,16
EST_05492,점자블록,1,16000,우신테크,2023-06-12,2023-06-24,12
EST_05493,보차도경계석,1,24000,동화토목,2023-06-12,2023-06-26,14
EST_05494,가로수보호덮개,3,342000,동화조경,2023-06-12,2023-07-09,27
EST_05495,등받이없는벤치,2,234000,신세계시설관리,2023-06-13,2023-07-06,23
EST_05496,보차도경계석,3,139000,대명건설,2023-06-13,2023-08-12,60
EST_05497,점자블록,3,71000,미래안전,2023-06-13,2023-07-17,34
EST_05498,보호시설물볼라드,3,237000,중앙안전,2023-06-14,2023-07-27,43
EST_05499,축구골대,1,1060000,우신시설관리,2023-06-14,2023-07-22,38
EST_05500,미끄럼틀,2,2509000,대명건설,2023-06-14,2023-09-06,84
EST_05501,보호펜스,2,105000,한성시설관리,2023-06-14,2023-07-20,36
EST_05502,보도블록,3,54000,제일테크,2023-06-15,2023-07-15,30
EST_05503,달리기,2,1596000,중앙건설,2023-06-15,2023-08-06,52
EST_05504,축구골대,2,2079000,국토개발,2023-06-15,2023-08-11,57
EST_05505,그네,3,1852000,한성안전,2023-06-15,2023-12-20,188
EST_05506,등받이없는벤치,2,286000,한성토목,2023-06-16,2023-07-07,21
EST_05507,보호시설물볼라드,2,125000,한성건설,2023-06-16,2023-07-09,23
EST_05508,등받이없는벤치,1,156000,제일토목,2023-06-16,2023-07-03,17
EST_05509,축구골대,3,3671000,중앙산업,2023-06-16,2023-09-06,82
EST_05510,보도블록,1,13000,대명시설관리,2023-06-17,2023-06-29,12
EST_05511,맨홀,1,135000,태영테크,2023-06-17,2023-07-10,23
EST_05512,트랜치,2,142000,제일토목,2023-06-17,2023-07-08,21
EST_05513,농구대,2,1162000,동화시설관리,2023-06-17,2023-08-01,45
EST_05514,보도블록,3,59000,중앙건설,2023-06-17,2023-07-22,35
EST_05515,점자블록,3,64000,우신시설관리,2023-06-18,2023-07-21,33
EST_05516,축구골대,3,4220000,우신시설관리,2023-06-18,2023-09-09,83
EST_05517,가로수보호덮개,2,185000,현대시스템,2023-06-18,2023-07-05,17
EST_05518,보호시설물볼라드,1,57000,제일테크,2023-06-18,2023-07-02,14
EST_05519,미끄럼틀,3,4247000,동화시스템,2023-06-18,2023-12-18,183
EST_05520,점자블록,2,33000,한성건설,2023-06-19,2023-07-09,20
EST_05521,보차도경계석,3,113000,신세계조경,2023-06-20,2023-08-03,44
EST_05522,보도블록,3,60000,제일조경,2023-06-20,2023-07-24,34
EST_05523,달리기,2,1411000,중앙건설,2023-06-20,2023-08-08,49
EST_05524,보호시설물볼라드,1,64000,대명건설,2023-06-20,2023-07-07,17
EST_05525,보호시설물무단횡단방지시설,2,220000,대명안전,2023-06-20,2023-07-29,39
EST_05526,보도블록,2,26000,대명안전,2023-06-20,2023-07-09,19
EST_05527,보도블록,3,61000,제일안전,2023-06-20,2023-07-31,41
EST_05528,보차도경계석,1,22000,우신조경,2023-06-20,2023-07-04,14
EST_05529,가로수보호덮개,3,380000,한성토목,2023-06-21,2023-07-24,33
EST_05530,축구골대,1,723000,현대건설,2023-06-21,2023-07-23,32
EST_05531,등받이없는벤치,3,427000,한성시설관리,2023-06-22,2023-08-09,48
EST_05532,보차도경계석,2,78000,중앙산업,2023-06-22,2023-07-17,25
EST_05533,그네,2,1041000,우신조경,2023-06-22,2023-09-22,92
EST_05534,보도블록,1,8000,제일산업,2023-06-22,2023-07-02,10
EST_05535,보도블록,3,60000,제일시설관리,2023-06-23,2023-08-04,42
EST_05536,점자블록,1,23000,태영테크,2023-06-23,2023-07-03,10
EST_05537,보호시설물무단횡단방지시설,2,236000,태영건설,2023-06-23,2023-07-28,35
EST_05538,달리기,2,1603000,제일조경,2023-06-23,2023-08-13,51
EST_05539,농구대,1,512000,대명테크,2023-06-23,2023-07-22,29
EST_05540,가로수보호덮개,3,481000,태영테크,2023-06-23,2023-07-21,28
EST_05541,보호시설물무단횡단방지시설,1,113000,동화토목,2023-06-24,2023-07-18,24
EST_05542,맨홀,1,170000,우신테크,2023-06-24,2023-07-17,23
EST_05543,보도블록,2,24000,제일토목,2023-06-24,2023-07-09,15
EST_05544,가로수보호덮개,1,58000,우신조경,2023-06-24,2023-07-05,11
EST_05545,점자블록,3,96000,제일안전,2023-06-24,2023-08-02,39
EST_05546,맨홀,1,246000,신세계토목,2023-06-24,2023-07-14,20
EST_05547,보호펜스,1,51000,제일토목,2023-06-25,2023-07-19,24
EST_05548,미끄럼틀,1,771000,우신산업,2023-06-25,2023-08-14,50
EST_05549,점자블록,3,99000,신세계안전,2023-06-25,2023-08-02,38
EST_05550,보호펜스,3,239000,제일테크,2023-06-26,2023-09-01,67
EST_05551,농구대,1,336000,신세계조경,2023-06-26,2023-07-27,31
EST_05552,보호시설물볼라드,1,49000,국토개발,2023-06-26,2023-07-13,17
EST_05553,점자블록,2,52000,태영안전,2023-06-26,2023-07-17,21
EST_05554,보도블록,1,13000,대명테크,2023-06-27,2023-07-07,10
EST_05555,보호시설물무단횡단방지시설,3,512000,제일조경,2023-06-27,2023-09-06,71
EST_05556,보도블록,2,33000,제일테크,2023-06-27,2023-07-18,21
EST_05557,보호시설물무단횡단방지시설,3,539000,동화시설관리,2023-06-27,2023-09-20,85
EST_05558,달리기,3,2321000,제일토목,2023-06-28,2023-10-16,110
EST_05559,맨홀,2,600000,태영건설,2023-06-28,2023-07-29,31
EST_05560,달리기,1,504000,현대건설,2023-06-28,2023-07-28,30
EST_05561,보차도경계석,3,166000,중앙산업,2023-06-29,2023-08-29,61
EST_05562,보호시설물무단횡단방지시설,1,79000,대명건설,2023-06-30,2023-07-25,25
EST_05563,축구골대,3,4008000,우신조경,2023-06-30,2023-11-08,131
EST_05564,농구대,3,1642000,한성안전,2023-06-30,2023-10-18,110
EST_05565,보차도경계석,2,81000,신세계안전,2023-06-30,2023-07-24,24
EST_05566,등받이없는벤치,2,309000,태영테크,2023-06-30,2023-07-27,27
EST_05567,보호시설물무단횡단방지시설,1,68000,신세계테크,2023-07-01,2023-07-24,23
EST_05568,보도블록,2,26000,우신테크,2023-07-01,2023-07-22,21
EST_05569,보호펜스,1,37000,신세계건설,2023-07-01,2023-07-24,23
EST_05570,보차도경계석,1,32000,한성안전,2023-07-01,2023-07-17,16
EST_05571,미끄럼틀,1,1241000,미래시스템,2023-07-02,2023-08-23,52
EST_05572,그네,2,972000,동화테크,2023-07-02,2023-09-25,85
EST_05573,가로수보호덮개,2,228000,제일조경,2023-07-02,2023-07-19,17
EST_05574,트랜치,1,57000,대명테크,2023-07-02,2023-07-12,10
EST_05575,보호시설물볼라드,3,247000,신세계토목,2023-07-03,2023-08-15,43
EST_05576,등받이없는벤치,1,158000,우신시설관리,2023-07-03,2023-07-17,14
EST_05577,미끄럼틀,1,621000,대명테크,2023-07-03,2023-08-25,53
EST_05578,등받이있는벤치,1,137000,중앙토목,2023-07-04,2023-07-21,17
EST_05579,등받이없는벤치,2,240000,에코시설,2023-07-04,2023-07-30,26
EST_05580,트랜치,2,99000,중앙테크,2023-07-04,2023-07-24,20
EST_05581,보호시설물볼라드,3,210000,신세계조경,2023-07-04,2023-08-22,49
EST_05582,축구골대,1,560000,우신시설관리,2023-07-04,2023-08-05,32
EST_05583,등받이있는벤치,3,713000,한성안전,2023-07-05,2023-08-14,40
EST_05584,농구대,3,2247000,신세계테크,2023-07-05,2023-09-15,72
EST_05585,트랜치,2,115000,우신테크,2023-07-05,2023-07-24,19
EST_05586,보차도경계석,2,84000,도시정비단,2023-07-05,2023-07-27,22
EST_05587,보도블록,2,27000,중앙산업,2023-07-05,2023-07-25,20
EST_05588,보호시설물볼라드,1,40000,중앙토목,2023-07-06,2023-07-21,15
EST_05589,그네,1,502000,한성시설관리,2023-07-06,2023-08-30,55
EST_05590,그네,2,913000,그린플레이,2023-07-06,2023-10-03,89
EST_05591,그네,1,333000,태영건설,2023-07-06,2023-08-28,53
EST_05592,보호시설물볼라드,3,296000,우신시설관리,2023-07-06,2023-08-13,38
EST_05593,달리기,2,1089000,중앙안전,2023-07-06,2023-08-20,45
EST_05594,보호시설물볼라드,1,57000,제일테크,2023-07-07,2023-07-23,16
EST_05595,달리기,2,1498000,중앙산업,2023-07-07,2023-08-23,47
EST_05596,등받이있는벤치,3,825000,우신테크,2023-07-07,2023-08-30,54
EST_05597,맨홀,3,1278000,신세계테크,2023-07-08,2023-09-03,57
EST_05598,미끄럼틀,3,4198000,신세계시스템,2023-07-09,2023-11-26,140
EST_05599,보호시설물볼라드,1,61000,신세계조경,2023-07-09,2023-07-27,18
EST_05600,보차도경계석,3,140000,동화시스템,2023-07-09,2023-08-14,36
EST_05601,등받이있는벤치,3,918000,동화시스템,2023-07-09,2023-09-06,59
EST_05602,보호시설물볼라드,3,276000,제일시설관리,2023-07-09,2023-09-03,56
EST_05603,트랜치,2,117000,신세계토목,2023-07-09,2023-07-27,18
EST_05604,트랜치,3,199000,제일테크,2023-07-09,2023-08-10,32
EST_05605,그네,2,1418000,신세계시설관리,2023-07-09,2023-09-23,76
EST_05606,보호펜스,2,126000,대명안전,2023-07-09,2023-08-24,46
EST_05607,그네,1,457000,에코시설,2023-07-09,2023-09-01,54
EST_05608,보호펜스,1,36000,대명건설,2023-07-09,2023-08-01,23
EST_05609,그네,1,407000,우신시설관리,2023-07-10,2023-09-05,57
EST_05610,보도블록,2,32000,제일산업,2023-07-10,2023-07-31,21
EST_05611,농구대,1,349000,우신시설관리,2023-07-10,2023-08-05,26
EST_05612,점자블록,1,23000,대명산업,2023-07-11,2023-07-23,12
EST_05613,보호시설물볼라드,3,266000,태영건설,2023-07-12,2023-09-01,51
EST_05614,맨홀,2,561000,한성토목,2023-07-12,2023-08-22,41
EST_05615,축구골대,3,3188000,국토개발,2023-07-12,2023-11-10,121
EST_05616,가로수보호덮개,3,383000,한성산업,2023-07-13,2023-08-08,26
EST_05617,등받이있는벤치,3,800000,제일토목,2023-07-13,2023-09-03,52
EST_05618,트랜치,1,61000,제일안전,2023-07-13,2023-07-25,12
EST_05619,그네,1,570000,태영테크,2023-07-13,2023-09-01,50
EST_05620,보차도경계석,3,148000,미래토목,2023-07-13,2023-08-26,44
EST_05621,등받이있는벤치,1,220000,태영테크,2023-07-14,2023-07-30,16
EST_05622,가로수보호덮개,2,204000,현대건설,2023-07-14,2023-08-03,20
EST_05623,보호시설물볼라드,1,64000,신세계시스템,2023-07-14,2023-07-29,15
EST_05624,미끄럼틀,1,579000,제일안전,2023-07-14,2023-09-07,55
EST_05625,그네,3,1975000,중앙토목,2023-07-14,2023-12-12,151
EST_05626,축구골대,1,591000,대명테크,2023-07-14,2023-08-20,37
EST_05627,보호시설물볼라드,2,164000,제일산업,2023-07-15,2023-08-12,28
EST_05628,보호시설물볼라드,3,207000,신세계안전,2023-07-15,2023-09-07,54
EST_05629,보호펜스,3,249000,우신산업,2023-07-16,2023-10-13,89
EST_05630,축구골대,3,4067000,현대시스템,2023-07-16,2023-11-04,111
EST_05631,보호펜스,2,106000,제일조경,2023-07-16,2023-08-16,31
EST_05632,보호시설물볼라드,3,257000,미래안전,2023-07-17,2023-09-04,49
EST_05633,농구대,3,2085000,현대건설,2023-07-17,2023-11-01,107
EST_05634,축구골대,1,1064000,태영건설,2023-07-17,2023-08-23,37
EST_05635,미끄럼틀,2,2288000,중앙산업,2023-07-18,2023-10-13,87
EST_05636,보호시설물볼라드,2,151000,대명시설관리,2023-07-18,2023-08-12,25
EST_05637,등받이없는벤치,1,75000,태영안전,2023-07-18,2023-08-04,17
EST_05638,맨홀,3,973000,동화테크,2023-07-18,2023-10-05,79
EST_05639,축구골대,1,779000,중앙건설,2023-07-18,2023-08-19,32
EST_05640,등받이없는벤치,1,135000,중앙건설,2023-07-19,2023-08-04,16
EST_05641,보호시설물볼라드,2,156000,신세계안전,2023-07-19,2023-08-16,28
EST_05642,보도블록,3,58000,대명테크,2023-07-19,2023-08-29,41
EST_05643,보도블록,3,51000,미래시스템,2023-07-19,2023-08-19,31
EST_05644,맨홀,3,1156000,제일산업,2023-07-19,2023-10-06,79
EST_05645,보도블록,1,14000,중앙안전,2023-07-20,2023-07-30,10
EST_05646,보차도경계석,2,64000,신세계건설,2023-07-20,2023-08-12,23
EST_05647,농구대,1,329000,한성시설관리,2023-07-20,2023-08-14,25
EST_05648,가로수보호덮개,3,399000,대명시설관리,2023-07-21,2023-08-30,40
EST_05649,등받이없는벤치,2,234000,태영테크,2023-07-21,2023-08-12,22
EST_05650,트랜치,1,35000,우신시설관리,2023-07-21,2023-08-01,11
EST_05651,가로수보호덮개,3,368000,제일시설관리,2023-07-21,2023-09-02,43
EST_05652,가로수보호덮개,3,318000,신세계테크,2023-07-22,2023-08-25,34
EST_05653,그네,3,2016000,태영건설,2023-07-22,2023-12-06,137
EST_05654,그네,3,1839000,신세계토목,2023-07-22,2024-01-31,193
EST_05655,보차도경계석,1,38000,미래토목,2023-07-22,2023-08-06,15
EST_05656,트랜치,1,66000,미래시스템,2023-07-22,2023-08-03,12
EST_05657,보차도경계석,2,84000,우신테크,2023-07-22,2023-08-19,28
EST_05658,보호시설물볼라드,2,137000,제일안전,2023-07-22,2023-08-15,24
EST_05659,점자블록,1,22000,미래시스템,2023-07-22,2023-08-01,10
EST_05660,보호시설물무단횡단방지시설,1,88000,한성토목,2023-07-23,2023-08-19,27
EST_05661,그네,1,311000,신세계조경,2023-07-24,2023-09-10,48
EST_05662,보호시설물무단횡단방지시설,3,418000,신세계안전,2023-07-24,2023-09-27,65
EST_05663,농구대,3,2152000,우신산업,2023-07-25,2023-10-03,70
EST_05664,등받이있는벤치,2,374000,미래시설관리,2023-07-25,2023-08-15,21
EST_05665,가로수보호덮개,1,120000,중앙테크,2023-07-25,2023-08-06,12
EST_05666,달리기,1,447000,현대건설,2023-07-25,2023-08-25,31
EST_05667,보도블록,1,12000,제일시설관리,2023-07-26,2023-08-06,11
EST_05668,맨홀,2,487000,중앙안전,2023-07-26,2023-08-29,34
EST_05669,등받이있는벤치,1,108000,중앙건설,2023-07-26,2023-08-09,14
EST_05670,그네,2,1241000,대명안전,2023-07-26,2023-10-26,92
EST_05671,등받이있는벤치,2,302000,신세계테크,2023-07-27,2023-08-18,22
EST_05672,가로수보호덮개,1,114000,신세계건설,2023-07-27,2023-08-06,10
EST_05673,보도블록,2,34000,대명안전,2023-07-28,2023-08-12,15
EST_05674,등받이없는벤치,1,75000,대명산업,2023-07-28,2023-08-11,14
EST_05675,보차도경계석,3,144000,미래시설관리,2023-07-28,2023-09-26,60
EST_05676,그네,2,1353000,대명테크,2023-07-28,2023-10-09,73
EST_05677,등받이없는벤치,3,518000,도시정비단,2023-07-28,2023-09-07,41
EST_05678,그네,1,639000,우신시설관리,2023-07-29,2023-09-13,46
EST_05679,농구대,2,817000,미래안전,2023-07-29,2023-09-12,45
EST_05680,달리기,1,778000,한성시설관리,2023-07-30,2023-08-30,31
EST_05681,등받이있는벤치,3,760000,신세계안전,2023-07-30,2023-09-14,46
EST_05682,보호시설물무단횡단방지시설,1,136000,대명산업,2023-07-30,2023-08-20,21
EST_05683,보호시설물무단횡단방지시설,2,266000,중앙건설,2023-07-30,2023-09-13,45
EST_05684,맨홀,2,407000,미래토목,2023-07-30,2023-09-08,40
EST_05685,가로수보호덮개,2,235000,제일산업,2023-07-31,2023-08-21,21
EST_05686,농구대,3,1528000,대명안전,2023-07-31,2023-11-07,99
EST_05687,보호시설물무단횡단방지시설,1,112000,신세계안전,2023-07-31,2023-08-21,21
EST_05688,달리기,2,1460000,동화조경,2023-07-31,2023-10-01,62
EST_05689,맨홀,3,873000,한성건설,2023-07-31,2023-10-07,68
EST_05690,달리기,3,3382000,제일테크,2023-07-31,2023-11-12,104
EST_05691,축구골대,3,3413000,중앙안전,2023-08-01,2023-11-05,96
EST_05692,달리기,1,509000,대명시설관리,2023-08-01,2023-09-05,35
EST_05693,보호시설물무단횡단방지시설,2,257000,대명시설관리,2023-08-01,2023-09-14,44
EST_05694,보호시설물볼라드,1,49000,한성건설,2023-08-01,2023-08-16,15
EST_05695,보호시설물볼라드,3,276000,미래토목,2023-08-01,2023-09-25,55
EST_05696,보호펜스,1,57000,동화시스템,2023-08-01,2023-08-25,24
EST_05697,그네,3,2156000,미래시설관리,2023-08-01,2023-12-25,146
EST_05698,미끄럼틀,2,2597000,태영안전,2023-08-02,2023-11-06,96
EST_05699,트랜치,1,44000,미래토목,2023-08-03,2023-08-14,11
EST_05700,보차도경계석,1,25000,우신테크,2023-08-03,2023-08-17,14
EST_05701,점자블록,3,65000,대명산업,2023-08-04,2023-09-16,43
EST_05702,축구골대,2,1629000,제일토목,2023-08-04,2023-09-18,45
EST_05703,보호시설물볼라드,2,137000,한성안전,2023-08-04,2023-08-30,26
EST_05704,보차도경계석,3,172000,한성건설,2023-08-04,2023-09-15,42
EST_05705,가로수보호덮개,1,65000,그린플레이,2023-08-04,2023-08-15,11
EST_05706,축구골대,1,572000,중앙산업,2023-08-04,2023-09-08,35
EST_05707,보호시설물무단횡단방지시설,2,218000,대명시설관리,2023-08-04,2023-09-11,38
EST_05708,맨홀,1,203000,한성산업,2023-08-04,2023-08-26,22
EST_05709,보호시설물볼라드,3,241000,국토개발,2023-08-05,2023-09-12,38
EST_05710,보호펜스,3,181000,우신테크,2023-08-05,2023-10-18,74
EST_05711,보호시설물무단횡단방지시설,2,291000,신세계건설,2023-08-05,2023-09-19,45
EST_05712,미끄럼틀,1,906000,동화토목,2023-08-05,2023-09-25,51
EST_05713,보호시설물볼라드,3,292000,한성산업,2023-08-05,2023-09-29,55
EST_05714,트랜치,1,54000,국토개발,2023-08-06,2023-08-17,11
EST_05715,등받이없는벤치,2,319000,미래시설관리,2023-08-06,2023-08-28,22
EST_05716,등받이없는벤치,2,333000,중앙토목,2023-08-06,2023-08-31,25
EST_05717,그네,2,1331000,동화토목,2023-08-06,2023-11-04,90
EST_05718,미끄럼틀,2,1919000,신세계조경,2023-08-07,2023-10-13,67
EST_05719,등받이있는벤치,1,220000,우신시설관리,2023-08-07,2023-08-23,16
EST_05720,보도블록,1,17000,한성시설관리,2023-08-07,2023-08-19,12
EST_05721,보호펜스,1,44000,제일토목,2023-08-08,2023-09-01,24
EST_05722,농구대,2,1017000,대명건설,2023-08-08,2023-09-24,47
EST_05723,등받이있는벤치,3,789000,중앙건설,2023-08-08,2023-10-06,59
EST_05724,축구골대,3,3247000,제일토목,2023-08-09,2023-11-26,109
EST_05725,보차도경계석,1,37000,신세계테크,2023-08-09,2023-08-24,15
EST_05726,그네,1,665000,한성토목,2023-08-09,2023-09-27,49
EST_05727,보도블록,2,33000,현대시스템,2023-08-09,2023-08-28,19
EST_05728,점자블록,3,67000,제일시설관리,2023-08-09,2023-09-05,27
EST_05729,보도블록,2,36000,동화테크,2023-08-10,2023-08-26,16
EST_05730,그네,3,2539000,한성건설,2023-08-10,2023-11-30,112
EST_05731,달리기,3,2428000,신세계테크,2023-08-11,2023-12-01,112
EST_05732,트랜치,2,103000,제일산업,2023-08-11,2023-08-31,20
EST_05733,농구대,1,361000,한성토목,2023-08-12,2023-09-11,30
EST_05734,그네,1,365000,태영테크,2023-08-12,2023-10-04,53
EST_05735,가로수보호덮개,3,351000,대명산업,2023-08-12,2023-09-09,28
EST_05736,농구대,2,1077000,신세계테크,2023-08-12,2023-10-02,51
EST_05737,트랜치,3,268000,제일안전,2023-08-13,2023-09-26,44
EST_05738,보호시설물볼라드,1,51000,신세계테크,2023-08-13,2023-08-30,17
EST_05739,달리기,1,486000,중앙토목,2023-08-13,2023-09-19,37
EST_05740,보호펜스,1,53000,우신산업,2023-08-13,2023-09-06,24
EST_05741,미끄럼틀,2,2819000,국토개발,2023-08-14,2023-11-17,95
EST_05742,보차도경계석,2,68000,미래안전,2023-08-14,2023-09-13,30
EST_05743,등받이없는벤치,2,240000,제일산업,2023-08-14,2023-09-08,25
EST_05744,농구대,3,1717000,한성건설,2023-08-14,2023-10-30,77
EST_05745,점자블록,2,34000,신세계시설관리,2023-08-14,2023-08-31,17
EST_05746,맨홀,2,507000,대명시설관리,2023-08-14,2023-09-14,31
EST_05747,맨홀,3,899000,현대건설,2023-08-15,2023-10-16,62
EST_05748,달리기,1,608000,대명건설,2023-08-15,2023-09-19,35
EST_05749,보호시설물무단횡단방지시설,3,415000,현대시스템,2023-08-16,2023-10-31,76
EST_05750,보호시설물무단횡단방지시설,2,270000,동화시스템,2023-08-16,2023-09-21,36
EST_05751,보도블록,1,14000,신세계시설관리,2023-08-16,2023-08-28,12
EST_05752,트랜치,2,107000,우신산업,2023-08-16,2023-09-04,19
EST_05753,보호시설물무단횡단방지시설,1,140000,중앙테크,2023-08-16,2023-09-09,24
EST_05754,등받이있는벤치,3,721000,신세계조경,2023-08-16,2023-10-07,52
EST_05755,미끄럼틀,2,1778000,제일조경,2023-08-16,2023-11-09,85
EST_05756,그네,3,1873000,제일조경,2023-08-16,2023-12-16,122
EST_05757,등받이없는벤치,1,133000,대명테크,2023-08-16,2023-09-01,16
EST_05758,보호시설물무단횡단방지시설,3,430000,대명테크,2023-08-17,2023-11-14,89
EST_05759,보호시설물무단횡단방지시설,2,208000,미래시설관리,2023-08-17,2023-09-25,39
EST_05760,보차도경계석,2,74000,대명테크,2023-08-17,2023-09-07,21
EST_05761,미끄럼틀,3,4732000,한성시설관리,2023-08-17,2024-01-15,151
EST_05762,보호시설물무단횡단방지시설,3,582000,동화시설관리,2023-08-17,2023-10-12,56
EST_05763,보호시설물무단횡단방지시설,1,126000,동화조경,2023-08-17,2023-09-07,21
EST_05764,보도블록,3,52000,제일테크,2023-08-17,2023-09-15,29
EST_05765,점자블록,3,82000,대명테크,2023-08-18,2023-09-19,32
EST_05766,맨홀,2,615000,국토개발,2023-08-18,2023-09-26,39
EST_05767,보도블록,1,15000,제일조경,2023-08-19,2023-08-30,11
EST_05768,보도블록,2,34000,도시정비단,2023-08-19,2023-09-05,17
EST_05769,등받이없는벤치,2,266000,중앙산업,2023-08-19,2023-09-15,27
EST_05770,맨홀,3,934000,신세계시스템,2023-08-20,2023-10-22,63
EST_05771,등받이있는벤치,1,177000,동화시설관리,2023-08-20,2023-09-06,17
EST_05772,그네,1,622000,중앙토목,2023-08-20,2023-10-12,53
EST_05773,보호시설물무단횡단방지시설,3,438000,대명안전,2023-08-20,2023-11-08,80
EST_05774,그네,2,1190000,미래시설관리,2023-08-21,2023-11-24,95
EST_05775,보호펜스,2,92000,대명산업,2023-08-21,2023-09-29,39
EST_05776,축구골대,1,602000,우신산업,2023-08-21,2023-09-27,37
EST_05777,점자블록,2,46000,중앙산업,2023-08-21,2023-09-10,20
EST_05778,보차도경계석,2,55000,그린플레이,2023-08-22,2023-09-20,29
EST_05779,가로수보호덮개,2,210000,우신조경,2023-08-22,2023-09-08,17
EST_05780,보차도경계석,1,26000,동화토목,2023-08-22,2023-09-05,14
EST_05781,농구대,3,2334000,대명시설관리,2023-08-22,2023-11-18,88
EST_05782,등받이없는벤치,2,223000,대명건설,2023-08-23,2023-09-18,26
EST_05783,트랜치,3,256000,신세계시스템,2023-08-23,2023-09-21,29
EST_05784,점자블록,2,47000,한성건설,2023-08-23,2023-09-08,16
EST_05785,보차도경계석,1,33000,동화테크,2023-08-23,2023-09-09,17
EST_05786,등받이있는벤치,2,379000,중앙토목,2023-08-23,2023-09-13,21
EST_05787,맨홀,2,418000,대명산업,2023-08-24,2023-10-01,38
EST_05788,가로수보호덮개,2,159000,태영안전,2023-08-25,2023-09-10,16
EST_05789,농구대,1,249000,동화조경,2023-08-25,2023-09-24,30
EST_05790,축구골대,1,802000,대명안전,2023-08-25,2023-10-02,38
EST_05791,점자블록,1,20000,한성산업,2023-08-25,2023-09-04,10
EST_05792,맨홀,1,147000,중앙테크,2023-08-25,2023-09-17,23
EST_05793,보차도경계석,2,70000,국토개발,2023-08-25,2023-09-18,24
EST_05794,축구골대,2,1980000,중앙안전,2023-08-25,2023-10-09,45
EST_05795,보호시설물볼라드,2,118000,우신시설관리,2023-08-26,2023-09-25,30
EST_05796,그네,3,2429000,제일조경,2023-08-26,2024-03-09,196
EST_05797,등받이없는벤치,2,260000,미래안전,2023-08-26,2023-09-17,22
EST_05798,축구골대,1,462000,현대시스템,2023-08-26,2023-09-26,31
EST_05799,가로수보호덮개,3,480000,제일산업,2023-08-26,2023-10-08,43
EST_05800,보호시설물무단횡단방지시설,1,123000,중앙산업,2023-08-27,2023-09-18,22
EST_05801,보차도경계석,1,20000,신세계시설관리,2023-08-27,2023-09-10,14
EST_05802,농구대,2,1175000,신세계안전,2023-08-27,2023-10-20,54
EST_05803,미끄럼틀,1,1026000,미래안전,2023-08-27,2023-10-11,45
EST_05804,가로수보호덮개,2,242000,우신조경,2023-08-27,2023-09-12,16
EST_05805,맨홀,1,236000,동화토목,2023-08-27,2023-09-20,24
EST_05806,점자블록,2,47000,동화시설관리,2023-08-28,2023-09-15,18
EST_05807,그네,2,1164000,제일안전,2023-08-28,2023-11-24,88
EST_05808,가로수보호덮개,1,74000,신세계테크,2023-08-29,2023-09-09,11
EST_05809,보차도경계석,3,115000,대명안전,2023-08-29,2023-10-04,36
EST_05810,트랜치,2,105000,현대시스템,2023-08-30,2023-09-15,16
EST_05811,보호펜스,1,51000,우신테크,2023-08-30,2023-09-21,22
EST_05812,미끄럼틀,1,654000,동화테크,2023-08-31,2023-10-24,54
EST_05813,보호시설물무단횡단방지시설,3,516000,미래시스템,2023-08-31,2023-11-22,83
EST_05814,보도블록,2,27000,태영테크,2023-08-31,2023-09-20,20
EST_05815,보호시설물무단횡단방지시설,2,246000,한성안전,2023-08-31,2023-10-04,34
EST_05816,보도블록,1,9000,현대시스템,2023-08-31,2023-09-12,12
EST_05817,가로수보호덮개,3,486000,미래토목,2023-08-31,2023-09-30,30
EST_05818,달리기,2,1550000,현대시스템,2023-08-31,2023-10-15,45
EST_05819,트랜치,1,41000,제일토목,2023-08-31,2023-09-12,12
EST_05820,트랜치,3,273000,미래시스템,2023-08-31,2023-10-07,37
EST_05821,보호펜스,1,31000,대명테크,2023-09-01,2023-09-25,24
EST_05822,가로수보호덮개,1,74000,우신조경,2023-09-01,2023-09-11,10
EST_05823,맨홀,2,570000,신세계조경,2023-09-01,2023-10-11,40
EST_05824,축구골대,2,2128000,미래토목,2023-09-01,2023-10-22,51
EST_05825,그네,1,597000,제일토목,2023-09-01,2023-10-27,56
EST_05826,달리기,1,573000,신세계건설,2023-09-02,2023-10-03,31
EST_05827,미끄럼틀,1,612000,현대건설,2023-09-02,2023-10-19,47
EST_05828,보차도경계석,1,22000,태영테크,2023-09-02,2023-09-18,16
EST_05829,등받이없는벤치,3,562000,제일산업,2023-09-02,2023-10-25,53
EST_05830,트랜치,1,51000,신세계건설,2023-09-03,2023-09-14,11
EST_05831,미끄럼틀,1,1256000,우신테크,2023-09-03,2023-10-24,51
EST_05832,가로수보호덮개,1,93000,한성건설,2023-09-03,2023-09-14,11
EST_05833,점자블록,1,12000,도시정비단,2023-09-03,2023-09-14,11
EST_05834,보차도경계석,1,22000,동화토목,2023-09-03,2023-09-20,17
EST_05835,보호펜스,2,131000,중앙토목,2023-09-04,2023-10-13,39
EST_05836,등받이있는벤치,2,459000,제일산업,2023-09-04,2023-10-03,29
EST_05837,미끄럼틀,3,4298000,대명건설,2023-09-05,2024-03-03,180
EST_05838,보호시설물볼라드,2,143000,태영건설,2023-09-05,2023-10-01,26
EST_05839,등받이없는벤치,3,658000,에코시설,2023-09-05,2023-10-24,49
EST_05840,트랜치,1,52000,한성건설,2023-09-05,2023-09-17,12
EST_05841,달리기,3,2406000,대명산업,2023-09-05,2024-01-14,131
EST_05842,등받이있는벤치,2,409000,그린플레이,2023-09-06,2023-09-30,24
EST_05843,보호시설물무단횡단방지시설,1,85000,대명시설관리,2023-09-06,2023-09-30,24
EST_05844,가로수보호덮개,1,98000,미래안전,2023-09-06,2023-09-17,11
EST_05845,트랜치,2,97000,대명시설관리,2023-09-07,2023-09-28,21
EST_05846,보도블록,3,53000,중앙토목,2023-09-07,2023-10-11,34
EST_05847,보차도경계석,3,172000,제일산업,2023-09-07,2023-11-06,60
EST_05848,보호시설물무단횡단방지시설,3,392000,중앙산업,2023-09-07,2023-11-08,62
EST_05849,맨홀,3,842000,신세계조경,2023-09-07,2023-11-14,68
EST_05850,보호시설물무단횡단방지시설,2,272000,우신산업,2023-09-07,2023-10-16,39
EST_05851,트랜치,3,220000,우신산업,2023-09-08,2023-10-10,32
EST_05852,등받이없는벤치,2,307000,동화시스템,2023-09-08,2023-10-02,24
EST_05853,맨홀,1,262000,동화시설관리,2023-09-08,2023-09-30,22
EST_05854,그네,3,2483000,신세계건설,2023-09-08,2024-02-09,154
EST_05855,그네,1,452000,동화조경,2023-09-08,2023-10-28,50
EST_05856,트랜치,2,122000,제일조경,2023-09-09,2023-09-29,20
EST_05857,맨홀,3,832000,태영건설,2023-09-09,2023-11-12,64
EST_05858,축구골대,1,549000,우신시설관리,2023-09-09,2023-10-17,38
EST_05859,보호펜스,2,129000,그린플레이,2023-09-09,2023-10-16,37
EST_05860,축구골대,1,512000,중앙안전,2023-09-09,2023-10-17,38
EST_05861,미끄럼틀,3,5149000,중앙토목,2023-09-10,2024-02-14,157
EST_05862,보차도경계석,2,65000,한성건설,2023-09-10,2023-10-03,23
EST_05863,농구대,1,521000,한성시설관리,2023-09-10,2023-10-11,31
EST_05864,미끄럼틀,1,1285000,그린플레이,2023-09-10,2023-11-03,54
EST_05865,트랜치,1,32000,동화시스템,2023-09-10,2023-09-21,11
EST_05866,점자블록,2,33000,현대시스템,2023-09-10,2023-09-28,18
EST_05867,그네,1,319000,동화시설관리,2023-09-10,2023-11-04,55
EST_05868,그네,1,453000,동화조경,2023-09-11,2023-10-29,48
EST_05869,점자블록,2,52000,우신산업,2023-09-11,2023-10-02,21
EST_05870,등받이있는벤치,1,113000,현대시스템,2023-09-11,2023-09-25,14
EST_05871,달리기,2,1731000,중앙건설,2023-09-11,2023-11-12,62
EST_05872,농구대,3,1865000,대명안전,2023-09-11,2023-12-06,86
EST_05873,보호펜스,2,123000,신세계테크,2023-09-11,2023-10-12,31
EST_05874,트랜치,2,97000,현대건설,2023-09-11,2023-09-27,16
EST_05875,축구골대,2,1577000,동화시스템,2023-09-11,2023-10-27,46
EST_05876,등받이있는벤치,3,701000,태영테크,2023-09-12,2023-10-18,36
EST_05877,점자블록,3,88000,신세계토목,2023-09-12,2023-10-17,35
EST_05878,등받이있는벤치,1,163000,에코시설,2023-09-12,2023-09-27,15
EST_05879,달리기,1,434000,대명시설관리,2023-09-13,2023-10-21,38
EST_05880,가로수보호덮개,2,226000,중앙건설,2023-09-13,2023-10-01,18
EST_05881,보호시설물무단횡단방지시설,2,291000,우신테크,2023-09-13,2023-10-22,39
EST_05882,보호시설물무단횡단방지시설,3,430000,대명시설관리,2023-09-13,2023-11-11,59
EST_05883,미끄럼틀,2,2692000,도시정비단,2023-09-13,2023-12-18,96
EST_05884,등받이있는벤치,3,666000,한성산업,2023-09-14,2023-11-04,51
EST_05885,달리기,3,2547000,태영안전,2023-09-14,2024-01-15,123
EST_05886,점자블록,3,89000,제일시설관리,2023-09-14,2023-10-12,28
EST_05887,등받이있는벤치,1,172000,대명산업,2023-09-14,2023-09-28,14
EST_05888,점자블록,2,49000,그린플레이,2023-09-14,2023-09-30,16
EST_05889,등받이있는벤치,2,288000,에코시설,2023-09-14,2023-10-13,29
EST_05890,달리기,2,1507000,현대건설,2023-09-14,2023-11-18,65
EST_05891,트랜치,3,196000,제일시설관리,2023-09-15,2023-10-23,38
EST_05892,보차도경계석,3,132000,대명테크,2023-09-15,2023-11-01,47
EST_05893,가로수보호덮개,2,170000,신세계안전,2023-09-15,2023-09-30,15
EST_05894,보차도경계석,1,40000,신세계시스템,2023-09-15,2023-09-30,15
EST_05895,보호시설물무단횡단방지시설,3,424000,제일산업,2023-09-15,2023-11-11,57
EST_05896,맨홀,2,540000,동화시스템,2023-09-15,2023-10-16,31
EST_05897,점자블록,1,11000,제일안전,2023-09-15,2023-09-27,12
EST_05898,보차도경계석,2,61000,중앙테크,2023-09-15,2023-10-06,21
EST_05899,가로수보호덮개,1,109000,한성토목,2023-09-16,2023-09-27,11
EST_05900,보호시설물볼라드,3,312000,중앙테크,2023-09-16,2023-10-23,37
EST_05901,보호시설물무단횡단방지시설,3,400000,태영안전,2023-09-16,2023-12-14,89
EST_05902,달리기,3,3253000,우신테크,2023-09-16,2024-01-05,111
EST_05903,보도블록,2,27000,제일산업,2023-09-16,2023-10-03,17
EST_05904,농구대,3,2371000,신세계건설,2023-09-16,2023-12-23,98
EST_05905,그네,3,2208000,동화조경,2023-09-16,2024-02-01,138
EST_05906,미끄럼틀,3,4393000,중앙산업,2023-09-17,2024-01-25,130
EST_05907,맨홀,3,1022000,도시정비단,2023-09-17,2023-12-08,82
EST_05908,맨홀,3,814000,동화테크,2023-09-17,2023-11-19,63
EST_05909,보차도경계석,3,127000,미래시스템,2023-09-18,2023-11-04,47
EST_05910,보호펜스,1,61000,미래시설관리,2023-09-18,2023-10-13,25
EST_05911,트랜치,1,61000,제일안전,2023-09-18,2023-09-28,10
EST_05912,가로수보호덮개,1,68000,대명건설,2023-09-18,2023-09-30,12
EST_05913,점자블록,3,68000,제일산업,2023-09-19,2023-10-27,38
EST_05914,농구대,2,1226000,한성안전,2023-09-20,2023-11-08,49
EST_05915,가로수보호덮개,1,100000,미래안전,2023-09-20,2023-10-02,12
EST_05916,농구대,3,1703000,제일토목,2023-09-21,2023-12-15,85
EST_05917,보호시설물볼라드,2,118000,미래시스템,2023-09-21,2023-10-19,28
EST_05918,축구골대,1,1003000,대명건설,2023-09-21,2023-10-25,34
EST_05919,보도블록,3,48000,제일시설관리,2023-09-22,2023-10-25,33
EST_05920,농구대,3,1907000,우신시설관리,2023-09-22,2023-12-06,75
EST_05921,그네,3,1847000,제일시설관리,2023-09-22,2024-01-23,123
EST_05922,농구대,2,1142000,제일테크,2023-09-22,2023-11-13,52
EST_05923,보호시설물볼라드,3,285000,태영안전,2023-09-23,2023-11-01,39
EST_05924,보호시설물볼라드,2,112000,동화조경,2023-09-23,2023-10-16,23
EST_05925,보호시설물볼라드,1,37000,현대건설,2023-09-23,2023-10-10,17
EST_05926,축구골대,3,3370000,에코시설,2023-09-23,2024-01-27,126
EST_05927,등받이없는벤치,3,641000,대명시설관리,2023-09-24,2023-10-30,36
EST_05928,트랜치,2,94000,에코시설,2023-09-24,2023-10-10,16
EST_05929,축구골대,2,1902000,현대건설,2023-09-25,2023-11-14,50
EST_05930,축구골대,3,3933000,중앙안전,2023-09-25,2024-01-18,115
EST_05931,미끄럼틀,3,4193000,신세계테크,2023-09-25,2024-03-02,159
EST_05932,트랜치,3,183000,태영건설,2023-09-25,2023-10-22,27
EST_05933,가로수보호덮개,2,210000,대명테크,2023-09-25,2023-10-15,20
EST_05934,트랜치,3,256000,에코시설,2023-09-26,2023-10-30,34
EST_05935,트랜치,2,127000,한성건설,2023-09-26,2023-10-15,19
EST_05936,미끄럼틀,2,1756000,동화토목,2023-09-26,2023-12-08,73
EST_05937,그네,3,2786000,현대시스템,2023-09-26,2024-03-04,160
EST_05938,축구골대,1,752000,제일산업,2023-09-26,2023-10-30,34
EST_05939,등받이없는벤치,2,270000,한성시설관리,2023-09-26,2023-10-22,26
EST_05940,미끄럼틀,1,896000,중앙토목,2023-09-26,2023-11-10,45
EST_05941,보호펜스,1,54000,한성건설,2023-09-26,2023-10-18,22
EST_05942,점자블록,2,52000,국토개발,2023-09-27,2023-10-13,16
EST_05943,보호시설물무단횡단방지시설,3,417000,우신테크,2023-09-27,2023-11-29,63
EST_05944,보도블록,3,62000,신세계건설,2023-09-27,2023-11-09,43
EST_05945,보도블록,1,15000,한성건설,2023-09-28,2023-10-08,10
EST_05946,보호시설물볼라드,3,317000,대명산업,2023-09-29,2023-11-13,45
EST_05947,보호시설물무단횡단방지시설,3,497000,중앙안전,2023-09-29,2023-12-26,88
EST_05948,맨홀,2,639000,중앙토목,2023-09-30,2023-11-12,43
EST_05949,맨홀,3,951000,대명안전,2023-09-30,2023-11-19,50
EST_05950,보호시설물볼라드,2,106000,신세계테크,2023-09-30,2023-10-25,25
EST_05951,그네,2,1216000,한성안전,2023-09-30,2023-12-20,81
EST_05952,보호펜스,1,34000,중앙토목,2023-09-30,2023-10-25,25
EST_05953,보호시설물볼라드,1,38000,대명산업,2023-10-01,2023-10-16,15
EST_05954,보차도경계석,3,168000,동화시설관리,2023-10-01,2023-11-21,51
EST_05955,등받이없는벤치,2,240000,미래안전,2023-10-01,2023-10-27,26
EST_05956,점자블록,2,45000,제일안전,2023-10-01,2023-10-22,21
EST_05957,보호시설물무단횡단방지시설,1,117000,제일시설관리,2023-10-02,2023-10-27,25
EST_05958,보호시설물무단횡단방지시설,2,198000,에코시설,2023-10-02,2023-11-06,35
EST_05959,보호시설물무단횡단방지시설,2,189000,동화조경,2023-10-02,2023-11-11,40
EST_05960,보도블록,1,15000,신세계테크,2023-10-03,2023-10-14,11
EST_05961,점자블록,2,47000,현대건설,2023-10-03,2023-10-19,16
EST_05962,보도블록,2,28000,대명테크,2023-10-03,2023-10-20,17
EST_05963,보호펜스,3,209000,동화조경,2023-10-03,2023-12-01,59
EST_05964,보호펜스,1,37000,대명테크,2023-10-04,2023-10-28,24
EST_05965,가로수보호덮개,2,225000,미래시스템,2023-10-04,2023-10-22,18
EST_05966,보호시설물무단횡단방지시설,3,490000,한성토목,2023-10-05,2023-12-29,85
EST_05967,점자블록,1,24000,제일테크,2023-10-05,2023-10-16,11
EST_05968,달리기,1,386000,한성안전,2023-10-05,2023-11-10,36
EST_05969,보차도경계석,2,84000,제일산업,2023-10-05,2023-11-03,29
EST_05970,보호시설물볼라드,3,271000,신세계조경,2023-10-05,2023-11-24,50
EST_05971,보차도경계석,2,83000,대명시설관리,2023-10-05,2023-11-01,27
EST_05972,등받이있는벤치,2,405000,도시정비단,2023-10-06,2023-11-01,26
EST_05973,보호시설물무단횡단방지시설,2,190000,한성건설,2023-10-06,2023-11-18,43
EST_05974,보도블록,1,8000,동화시스템,2023-10-06,2023-10-16,10
EST_05975,미끄럼틀,1,744000,신세계시설관리,2023-10-06,2023-12-01,56
EST_05976,점자블록,3,81000,한성안전,2023-10-06,2023-11-04,29
EST_05977,달리기,2,1159000,현대건설,2023-10-06,2023-11-26,51
EST_05978,등받이있는벤치,3,816000,중앙테크,2023-10-07,2023-11-16,40
EST_05979,농구대,3,2031000,제일조경,2023-10-07,2024-01-22,107
EST_05980,미끄럼틀,1,1307000,동화테크,2023-10-07,2023-11-29,53
EST_05981,등받이있는벤치,1,126000,미래토목,2023-10-07,2023-10-21,14
EST_05982,트랜치,3,229000,제일토목,2023-10-08,2023-11-03,26
EST_05983,등받이없는벤치,1,152000,신세계토목,2023-10-08,2023-10-25,17
EST_05984,트랜치,3,260000,중앙토목,2023-10-08,2023-11-04,27
EST_05985,보호시설물무단횡단방지시설,1,137000,신세계조경,2023-10-08,2023-10-31,23
EST_05986,축구골대,3,4144000,제일시설관리,2023-10-08,2023-12-29,82
EST_05987,맨홀,3,922000,동화시스템,2023-10-09,2024-01-01,84
EST_05988,등받이없는벤치,3,492000,신세계테크,2023-10-10,2023-12-02,53
EST_05989,가로수보호덮개,1,102000,제일안전,2023-10-10,2023-10-20,10
EST_05990,미끄럼틀,2,2846000,대명안전,2023-10-10,2024-01-14,96
EST_05991,그네,2,1051000,대명건설,2023-10-10,2023-12-31,82
EST_05992,등받이없는벤치,2,296000,우신시설관리,2023-10-10,2023-11-07,28
EST_05993,보차도경계석,1,22000,태영테크,2023-10-11,2023-10-26,15
EST_05994,트랜치,1,47000,제일토목,2023-10-11,2023-10-21,10
EST_05995,등받이있는벤치,3,618000,제일산업,2023-10-11,2023-11-29,49
EST_05996,달리기,3,2900000,제일안전,2023-10-11,2024-02-15,127
EST_05997,미끄럼틀,1,872000,한성안전,2023-10-12,2023-12-04,53
EST_05998,가로수보호덮개,3,451000,제일안전,2023-10-12,2023-11-25,44
EST_05999,보호시설물무단횡단방지시설,1,102000,미래시스템,2023-10-12,2023-11-03,22
EST_06000,보호펜스,3,217000,한성시설관리,2023-10-12,2024-01-07,87
EST_06001,보호시설물볼라드,2,150000,신세계건설,2023-10-12,2023-11-03,22
EST_06002,농구대,2,789000,중앙토목,2023-10-12,2023-11-26,45
EST_06003,그네,2,1035000,중앙테크,2023-10-13,2024-01-17,96
EST_06004,그네,2,1405000,에코시설,2023-10-13,2023-12-26,74
EST_06005,보차도경계석,2,63000,제일토목,2023-10-14,2023-11-06,23
EST_06006,농구대,2,817000,우신산업,2023-10-14,2023-11-24,41
EST_06007,트랜치,1,38000,제일토목,2023-10-15,2023-10-27,12
EST_06008,등받이있는벤치,1,217000,에코시설,2023-10-15,2023-10-29,14
EST_06009,보호펜스,3,165000,그린플레이,2023-10-15,2023-12-18,64
EST_06010,그네,3,1775000,도시정비단,2023-10-15,2024-03-18,155
EST_06011,그네,1,539000,신세계안전,2023-10-15,2023-12-02,48
EST_06012,보호시설물볼라드,2,122000,우신산업,2023-10-16,2023-11-14,29
EST_06013,보호펜스,3,170000,태영건설,2023-10-16,2023-12-28,73
EST_06014,보호펜스,2,96000,미래안전,2023-10-16,2023-11-23,38
EST_06015,트랜치,1,65000,중앙산업,2023-10-16,2023-10-28,12
EST_06016,점자블록,1,18000,우신조경,2023-10-17,2023-10-27,10
EST_06017,보도블록,2,27000,우신산업,2023-10-17,2023-11-02,16
EST_06018,맨홀,3,1218000,미래토목,2023-10-17,2023-12-06,50
EST_06019,축구골대,3,2901000,대명시설관리,2023-10-17,2024-01-23,98
EST_06020,보호시설물볼라드,2,138000,중앙토목,2023-10-17,2023-11-07,21
EST_06021,맨홀,3,1267000,제일산업,2023-10-18,2023-12-27,70
EST_06022,맨홀,2,497000,대명테크,2023-10-18,2023-11-17,30
EST_06023,보호시설물무단횡단방지시설,1,90000,제일조경,2023-10-19,2023-11-10,22
EST_06024,보호시설물볼라드,3,311000,중앙건설,2023-10-19,2023-12-17,59
EST_06025,보호시설물무단횡단방지시설,3,465000,우신산업,2023-10-20,2023-12-14,55
EST_06026,보호펜스,2,116000,태영안전,2023-10-20,2023-12-04,45
EST_06027,농구대,1,506000,우신시설관리,2023-10-20,2023-11-14,25
EST_06028,보호시설물무단횡단방지시설,3,423000,현대시스템,2023-10-20,2023-12-16,57
EST_06029,미끄럼틀,3,4901000,신세계시설관리,2023-10-20,2024-03-04,136
EST_06030,축구골대,2,2033000,중앙테크,2023-10-20,2023-12-20,61
EST_06031,점자블록,1,14000,한성산업,2023-10-21,2023-11-01,11
EST_06032,축구골대,2,2188000,신세계시스템,2023-10-21,2023-12-18,58
EST_06033,축구골대,2,1675000,대명시설관리,2023-10-21,2023-12-13,53
EST_06034,가로수보호덮개,1,110000,현대시스템,2023-10-21,2023-11-02,12
EST_06035,보호펜스,1,46000,제일테크,2023-10-21,2023-11-11,21
EST_06036,맨홀,1,137000,제일안전,2023-10-22,2023-11-15,24
EST_06037,가로수보호덮개,1,105000,대명안전,2023-10-22,2023-11-03,12
EST_06038,보호펜스,1,43000,중앙안전,2023-10-23,2023-11-16,24
EST_06039,보도블록,3,64000,에코시설,2023-10-23,2023-11-22,30
EST_06040,달리기,1,631000,우신산업,2023-10-23,2023-11-28,36
EST_06041,농구대,2,850000,대명테크,2023-10-23,2023-12-07,45
EST_06042,보도블록,3,69000,중앙산업,2023-10-24,2023-11-27,34
EST_06043,보호시설물볼라드,2,119000,대명테크,2023-10-24,2023-11-19,26
EST_06044,보호시설물무단횡단방지시설,1,124000,우신시설관리,2023-10-24,2023-11-19,26
EST_06045,보도블록,1,15000,도시정비단,2023-10-24,2023-11-04,11
EST_06046,보호시설물무단횡단방지시설,3,425000,그린플레이,2023-10-25,2024-01-22,89
EST_06047,등받이있는벤치,1,99000,제일안전,2023-10-25,2023-11-09,15
EST_06048,달리기,2,1322000,한성건설,2023-10-25,2023-12-16,52
EST_06049,가로수보호덮개,1,58000,한성산업,2023-10-25,2023-11-04,10
EST_06050,등받이있는벤치,3,629000,미래토목,2023-10-25,2023-12-09,45
EST_06051,맨홀,1,296000,중앙테크,2023-10-25,2023-11-15,21
EST_06052,트랜치,3,279000,동화조경,2023-10-26,2023-12-01,36
EST_06053,점자블록,1,15000,동화토목,2023-10-26,2023-11-06,11
EST_06054,농구대,3,2335000,신세계건설,2023-10-26,2024-02-09,106
EST_06055,보호시설물무단횡단방지시설,2,241000,우신테크,2023-10-26,2023-11-28,33
EST_06056,보도블록,3,59000,현대시스템,2023-10-26,2023-12-03,38
EST_06057,맨홀,2,525000,중앙산업,2023-10-26,2023-12-03,38
EST_06058,등받이있는벤치,3,900000,대명안전,2023-10-26,2023-12-26,61
EST_06059,그네,2,1247000,신세계시설관리,2023-10-26,2024-01-14,80
EST_06060,그네,1,345000,제일토목,2023-10-27,2023-12-11,45
EST_06061,등받이있는벤치,2,328000,국토개발,2023-10-27,2023-11-25,29
EST_06062,가로수보호덮개,2,255000,제일산업,2023-10-28,2023-11-14,17
EST_06063,등받이없는벤치,1,129000,동화조경,2023-10-28,2023-11-11,14
EST_06064,보차도경계석,3,119000,한성시설관리,2023-10-28,2023-12-04,37
EST_06065,축구골대,1,460000,우신조경,2023-10-29,2023-12-04,36
EST_06066,보호시설물볼라드,3,208000,한성토목,2023-10-29,2023-12-25,57
EST_06067,등받이있는벤치,2,337000,동화시설관리,2023-10-29,2023-11-25,27
EST_06068,가로수보호덮개,1,110000,도시정비단,2023-10-30,2023-11-09,10
EST_06069,농구대,3,1671000,제일조경,2023-10-30,2024-02-01,94
EST_06070,그네,1,612000,미래시스템,2023-10-30,2023-12-16,47
EST_06071,축구골대,1,910000,우신시설관리,2023-10-30,2023-11-29,30
EST_06072,보호시설물볼라드,3,314000,우신시설관리,2023-10-30,2023-12-25,56
EST_06073,등받이있는벤치,3,673000,중앙테크,2023-10-30,2023-12-04,35
EST_06074,농구대,2,848000,우신테크,2023-10-31,2023-12-18,48
EST_06075,보호펜스,2,83000,신세계조경,2023-10-31,2023-12-02,32
EST_06076,보호시설물볼라드,3,240000,동화시설관리,2023-10-31,2023-12-24,54
EST_06077,축구골대,1,850000,동화시설관리,2023-10-31,2023-12-02,32
EST_06078,농구대,1,392000,중앙산업,2023-10-31,2023-11-30,30
EST_06079,트랜치,2,127000,동화조경,2023-11-01,2023-11-18,17
EST_06080,맨홀,3,1173000,에코시설,2023-11-01,2023-12-22,51
EST_06081,보도블록,1,8000,중앙테크,2023-11-01,2023-11-13,12
EST_06082,보호펜스,1,35000,태영안전,2023-11-01,2023-11-22,21
EST_06083,보도블록,3,62000,동화토목,2023-11-01,2023-12-14,43
EST_06084,트랜치,3,222000,현대건설,2023-11-02,2023-12-13,41
EST_06085,보차도경계석,3,152000,신세계시설관리,2023-11-02,2023-12-20,48
EST_06086,보호펜스,3,174000,현대시스템,2023-11-02,2024-01-29,88
EST_06087,등받이있는벤치,2,299000,한성산업,2023-11-02,2023-11-28,26
EST_06088,보호펜스,2,124000,대명안전,2023-11-02,2023-12-16,44
EST_06089,점자블록,3,74000,한성시설관리,2023-11-03,2023-12-04,31
EST_06090,보차도경계석,2,67000,중앙토목,2023-11-03,2023-11-27,24
EST_06091,축구골대,3,3941000,신세계안전,2023-11-04,2024-03-17,134
EST_06092,보차도경계석,3,108000,신세계시스템,2023-11-04,2023-12-25,51
EST_06093,보도블록,2,23000,우신시설관리,2023-11-04,2023-11-21,17
EST_06094,보호시설물볼라드,2,111000,신세계건설,2023-11-04,2023-12-01,27
EST_06095,농구대,2,953000,제일시설관리,2023-11-04,2023-12-21,47
EST_06096,달리기,1,822000,동화시설관리,2023-11-04,2023-12-12,38
EST_06097,농구대,2,1068000,중앙안전,2023-11-04,2023-12-25,51
EST_06098,보차도경계석,3,129000,태영안전,2023-11-04,2024-01-04,61
EST_06099,달리기,1,460000,현대시스템,2023-11-05,2023-12-13,38
EST_06100,등받이있는벤치,2,350000,신세계시설관리,2023-11-05,2023-12-03,28
EST_06101,보호시설물무단횡단방지시설,3,464000,중앙토목,2023-11-05,2024-01-28,84
EST_06102,가로수보호덮개,1,102000,한성안전,2023-11-05,2023-11-16,11
EST_06103,보도블록,3,63000,한성안전,2023-11-05,2023-12-09,34
EST_06104,보도블록,2,35000,신세계토목,2023-11-05,2023-11-24,19
EST_06105,보호시설물무단횡단방지시설,3,541000,신세계조경,2023-11-06,2024-01-14,69
EST_06106,축구골대,2,1652000,우신조경,2023-11-06,2023-12-22,46
EST_06107,등받이없는벤치,3,497000,태영테크,2023-11-06,2023-12-23,47
EST_06108,보호시설물무단횡단방지시설,2,201000,우신조경,2023-11-06,2023-12-21,45
EST_06109,보호시설물무단횡단방지시설,3,589000,신세계조경,2023-11-07,2024-01-09,63
EST_06110,농구대,2,804000,제일시설관리,2023-11-07,2023-12-30,53
EST_06111,보호시설물무단횡단방지시설,2,302000,미래토목,2023-11-07,2023-12-13,36
EST_06112,맨홀,2,600000,우신시설관리,2023-11-07,2023-12-07,30
EST_06113,농구대,1,342000,제일안전,2023-11-07,2023-12-07,30
EST_06114,보호시설물볼라드,3,296000,중앙안전,2023-11-08,2023-12-29,51
EST_06115,농구대,1,470000,동화테크,2023-11-08,2023-12-09,31
EST_06116,미끄럼틀,1,841000,신세계테크,2023-11-08,2023-12-30,52
EST_06117,가로수보호덮개,2,237000,현대시스템,2023-11-08,2023-11-26,18
EST_06118,그네,3,2771000,대명산업,2023-11-08,2024-03-11,124
EST_06119,보호펜스,3,201000,동화시스템,2023-11-08,2024-01-24,77
EST_06120,점자블록,3,79000,대명안전,2023-11-08,2023-12-06,28
EST_06121,점자블록,1,11000,한성건설,2023-11-08,2023-11-18,10
EST_06122,가로수보호덮개,2,243000,동화토목,2023-11-09,2023-11-28,19
EST_06123,보호시설물볼라드,3,230000,신세계조경,2023-11-09,2024-01-01,53
EST_06124,미끄럼틀,2,2312000,한성산업,2023-11-09,2024-01-23,75
EST_06125,맨홀,1,162000,태영안전,2023-11-09,2023-12-02,23
EST_06126,보호펜스,1,42000,한성안전,2023-11-10,2023-12-01,21
EST_06127,등받이없는벤치,3,484000,동화시설관리,2023-11-10,2024-01-08,59
EST_06128,그네,3,1892000,한성토목,2023-11-11,2024-03-04,114
EST_06129,축구골대,1,729000,동화시스템,2023-11-11,2023-12-16,35
EST_06130,보호시설물무단횡단방지시설,2,274000,신세계시스템,2023-11-11,2023-12-22,41
EST_06131,점자블록,1,14000,그린플레이,2023-11-11,2023-11-23,12
EST_06132,달리기,1,763000,대명건설,2023-11-11,2023-12-17,36
EST_06133,그네,2,1138000,한성토목,2023-11-12,2024-02-04,84
EST_06134,등받이있는벤치,2,300000,동화토목,2023-11-13,2023-12-12,29
EST_06135,등받이없는벤치,3,543000,도시정비단,2023-11-13,2023-12-23,40
EST_06136,보호시설물무단횡단방지시설,1,126000,우신산업,2023-11-13,2023-12-06,23
EST_06137,등받이없는벤치,2,238000,미래안전,2023-11-13,2023-12-04,21
EST_06138,보호시설물볼라드,3,294000,신세계토목,2023-11-13,2023-12-26,43
EST_06139,트랜치,3,197000,신세계토목,2023-11-13,2023-12-18,35
EST_06140,점자블록,1,19000,중앙산업,2023-11-14,2023-11-26,12
EST_06141,농구대,1,355000,국토개발,2023-11-14,2023-12-15,31
EST_06142,달리기,3,2260000,제일산업,2023-11-14,2024-01-29,76
EST_06143,등받이없는벤치,3,483000,미래시설관리,2023-11-15,2024-01-11,57
EST_06144,점자블록,1,10000,대명건설,2023-11-15,2023-11-26,11
EST_06145,미끄럼틀,3,5319000,미래시설관리,2023-11-15,2024-04-25,162
EST_06146,등받이있는벤치,1,183000,우신산업,2023-11-15,2023-11-29,14
EST_06147,축구골대,1,508000,한성시설관리,2023-11-16,2023-12-23,37
EST_06148,미끄럼틀,3,4568000,에코시설,2023-11-16,2024-03-17,122
EST_06149,보호시설물볼라드,2,166000,한성토목,2023-11-16,2023-12-11,25
EST_06150,축구골대,3,3480000,제일테크,2023-11-16,2024-02-14,90
EST_06151,트랜치,1,46000,제일토목,2023-11-17,2023-11-27,10
EST_06152,가로수보호덮개,2,197000,제일테크,2023-11-17,2023-12-08,21
EST_06153,등받이있는벤치,3,698000,신세계시스템,2023-11-17,2023-12-22,35
EST_06154,보도블록,1,7000,제일시설관리,2023-11-18,2023-11-28,10
EST_06155,농구대,2,1158000,신세계시설관리,2023-11-18,2023-12-29,41
EST_06156,보호펜스,2,81000,중앙안전,2023-11-18,2023-12-24,36
EST_06157,보차도경계석,1,38000,제일안전,2023-11-18,2023-12-02,14
EST_06158,점자블록,2,47000,신세계시스템,2023-11-18,2023-12-09,21
EST_06159,맨홀,1,149000,동화조경,2023-11-18,2023-12-13,25
EST_06160,등받이있는벤치,2,293000,미래안전,2023-11-19,2023-12-14,25
EST_06161,보도블록,2,36000,한성안전,2023-11-19,2023-12-06,17
EST_06162,달리기,3,3384000,우신조경,2023-11-19,2024-02-02,75
EST_06163,농구대,1,386000,제일토목,2023-11-19,2023-12-21,32
EST_06164,가로수보호덮개,3,467000,국토개발,2023-11-19,2023-12-29,40
EST_06165,트랜치,2,142000,우신산업,2023-11-19,2023-12-09,20
EST_06166,점자블록,1,16000,신세계건설,2023-11-19,2023-11-30,11
EST_06167,점자블록,3,73000,우신시설관리,2023-11-20,2024-01-02,43
EST_06168,보호시설물무단횡단방지시설,1,110000,현대건설,2023-11-20,2023-12-12,22
EST_06169,가로수보호덮개,1,80000,신세계건설,2023-11-20,2023-12-01,11
EST_06170,트랜치,2,124000,에코시설,2023-11-20,2023-12-06,16
EST_06171,달리기,1,501000,신세계시스템,2023-11-21,2023-12-21,30
EST_06172,보차도경계석,2,71000,제일토목,2023-11-22,2023-12-20,28
EST_06173,가로수보호덮개,2,209000,대명시설관리,2023-11-22,2023-12-12,20
EST_06174,등받이있는벤치,3,746000,중앙안전,2023-11-22,2024-01-08,47
EST_06175,축구골대,2,2035000,미래시설관리,2023-11-22,2024-01-13,52
EST_06176,보차도경계석,1,24000,국토개발,2023-11-23,2023-12-10,17
EST_06177,보도블록,3,62000,그린플레이,2023-11-23,2024-01-06,44
EST_06178,가로수보호덮개,3,387000,제일조경,2023-11-23,2023-12-21,28
EST_06179,등받이있는벤치,1,151000,그린플레이,2023-11-23,2023-12-09,16
EST_06180,보도블록,2,29000,미래토목,2023-11-23,2023-12-08,15
EST_06181,보도블록,1,11000,대명테크,2023-11-24,2023-12-06,12
EST_06182,보도블록,3,46000,중앙테크,2023-11-24,2023-12-26,32
EST_06183,보차도경계석,2,59000,한성산업,2023-11-24,2023-12-21,27
EST_06184,등받이없는벤치,2,233000,미래시스템,2023-11-25,2023-12-22,27
EST_06185,그네,2,951000,한성산업,2023-11-25,2024-02-25,92
EST_06186,보호시설물볼라드,3,262000,제일테크,2023-11-26,2024-01-25,60
EST_06187,등받이있는벤치,3,768000,미래시설관리,2023-11-26,2024-01-26,61
EST_06188,맨홀,3,1044000,한성안전,2023-11-26,2024-02-17,83
EST_06189,달리기,1,584000,신세계조경,2023-11-26,2023-12-29,33
EST_06190,보도블록,1,11000,동화시스템,2023-11-26,2023-12-06,10
EST_06191,점자블록,1,20000,동화토목,2023-11-26,2023-12-07,11
EST_06192,트랜치,3,250000,신세계시스템,2023-11-26,2024-01-06,41
EST_06193,미끄럼틀,1,1001000,신세계건설,2023-11-26,2024-01-14,49
EST_06194,점자블록,1,19000,현대시스템,2023-11-26,2023-12-08,12
EST_06195,보차도경계석,1,25000,태영건설,2023-11-26,2023-12-10,14
EST_06196,보호펜스,3,222000,중앙산업,2023-11-26,2024-02-05,71
EST_06197,축구골대,1,1034000,동화토목,2023-11-27,2024-01-04,38
EST_06198,맨홀,2,547000,신세계시설관리,2023-11-27,2024-01-05,39
EST_06199,보차도경계석,2,84000,제일조경,2023-11-27,2023-12-25,28
EST_06200,보도블록,3,50000,우신조경,2023-11-28,2023-12-28,30
EST_06201,점자블록,2,49000,중앙산업,2023-11-28,2023-12-14,16
EST_06202,보도블록,2,28000,현대시스템,2023-11-28,2023-12-13,15
EST_06203,그네,2,1084000,도시정비단,2023-11-28,2024-02-14,78
EST_06204,보도블록,1,10000,도시정비단,2023-11-29,2023-12-10,11
EST_06205,맨홀,2,658000,한성토목,2023-11-29,2023-12-30,31
EST_06206,맨홀,1,192000,신세계토목,2023-11-29,2023-12-20,21
EST_06207,트랜치,2,140000,신세계시스템,2023-11-30,2023-12-15,15
EST_06208,트랜치,2,132000,한성토목,2023-11-30,2023-12-21,21
EST_06209,농구대,3,1508000,현대시스템,2023-11-30,2024-03-08,99
EST_06210,그네,2,1473000,한성산업,2023-11-30,2024-03-04,95
EST_06211,등받이있는벤치,2,313000,그린플레이,2023-11-30,2023-12-29,29
EST_06212,보호시설물볼라드,1,66000,중앙건설,2023-11-30,2023-12-16,16
EST_06213,보도블록,1,10000,대명안전,2023-11-30,2023-12-10,10
EST_06214,보호시설물무단횡단방지시설,1,96000,대명산업,2023-11-30,2023-12-25,25
EST_06215,점자블록,3,86000,대명건설,2023-11-30,2024-01-12,43
EST_06216,농구대,3,1739000,제일토목,2023-12-01,2024-02-19,80
EST_06217,보차도경계석,2,54000,국토개발,2023-12-01,2023-12-30,29
EST_06218,가로수보호덮개,2,230000,신세계건설,2023-12-01,2023-12-21,20
EST_06219,가로수보호덮개,2,249000,한성시설관리,2023-12-02,2023-12-19,17
EST_06220,그네,3,2466000,신세계시설관리,2023-12-02,2024-04-05,125
EST_06221,보호시설물볼라드,3,303000,제일시설관리,2023-12-02,2024-01-07,36
EST_06222,점자블록,2,41000,제일산업,2023-12-02,2023-12-18,16
EST_06223,농구대,3,1769000,신세계시설관리,2023-12-03,2024-02-21,80
EST_06224,가로수보호덮개,1,52000,중앙토목,2023-12-03,2023-12-13,10
EST_06225,맨홀,2,425000,우신테크,2023-12-03,2024-01-13,41
EST_06226,그네,2,1426000,우신시설관리,2023-12-03,2024-02-28,87
EST_06227,축구골대,2,2118000,신세계시설관리,2023-12-04,2024-02-05,63
EST_06228,가로수보호덮개,1,106000,중앙건설,2023-12-04,2023-12-14,10
EST_06229,맨홀,2,652000,한성안전,2023-12-04,2024-01-05,32
EST_06230,트랜치,3,218000,에코시설,2023-12-04,2024-01-04,31
EST_06231,트랜치,2,141000,대명시설관리,2023-12-04,2023-12-23,19
EST_06232,미끄럼틀,3,4125000,제일시설관리,2023-12-04,2024-06-13,192
EST_06233,트랜치,1,55000,제일토목,2023-12-05,2023-12-17,12
EST_06234,보호시설물무단횡단방지시설,2,213000,우신산업,2023-12-05,2024-01-17,43
EST_06235,보도블록,2,36000,한성안전,2023-12-05,2023-12-26,21
EST_06236,그네,3,1960000,중앙건설,2023-12-06,2024-04-04,120
EST_06237,축구골대,3,4163000,우신조경,2023-12-06,2024-02-22,78
EST_06238,등받이없는벤치,1,114000,신세계조경,2023-12-07,2023-12-22,15
EST_06239,등받이있는벤치,2,465000,신세계테크,2023-12-07,2024-01-01,25
EST_06240,그네,1,416000,중앙안전,2023-12-07,2024-02-02,57
EST_06241,미끄럼틀,3,4814000,동화시설관리,2023-12-07,2024-05-23,168
EST_06242,달리기,3,2271000,태영안전,2023-12-07,2024-03-24,108
EST_06243,보호시설물볼라드,1,65000,미래안전,2023-12-08,2023-12-22,14
EST_06244,맨홀,1,254000,대명산업,2023-12-08,2024-01-02,25
EST_06245,트랜치,3,273000,한성토목,2023-12-09,2024-01-11,33
EST_06246,농구대,1,323000,대명테크,2023-12-09,2024-01-09,31
EST_06247,점자블록,3,100000,현대시스템,2023-12-09,2024-01-14,36
EST_06248,가로수보호덮개,3,506000,국토개발,2023-12-10,2024-01-23,44
EST_06249,보호펜스,3,242000,태영건설,2023-12-10,2024-03-02,83
EST_06250,가로수보호덮개,2,246000,우신산업,2023-12-10,2023-12-25,15
EST_06251,등받이있는벤치,2,451000,미래토목,2023-12-10,2024-01-04,25
EST_06252,점자블록,3,76000,국토개발,2023-12-11,2024-01-24,44
EST_06253,가로수보호덮개,1,69000,중앙건설,2023-12-11,2023-12-23,12
EST_06254,달리기,3,2240000,동화조경,2023-12-11,2024-03-14,94
EST_06255,트랜치,2,112000,우신조경,2023-12-11,2023-12-29,18
EST_06256,등받이있는벤치,1,134000,한성안전,2023-12-11,2023-12-25,14
EST_06257,달리기,1,389000,미래안전,2023-12-11,2024-01-17,37
EST_06258,보차도경계석,3,162000,대명시설관리,2023-12-11,2024-02-06,57
EST_06259,보호시설물볼라드,1,78000,제일산업,2023-12-11,2023-12-28,17
EST_06260,미끄럼틀,1,970000,중앙토목,2023-12-12,2024-01-31,50
EST_06261,그네,2,1144000,중앙토목,2023-12-12,2024-03-16,95
EST_06262,가로수보호덮개,1,70000,제일산업,2023-12-12,2023-12-22,10
EST_06263,농구대,3,2061000,우신조경,2023-12-12,2024-02-20,70
EST_06264,보호펜스,3,160000,한성건설,2023-12-12,2024-02-10,60
EST_06265,트랜치,3,243000,제일산업,2023-12-12,2024-01-07,26
EST_06266,보호시설물볼라드,3,206000,우신시설관리,2023-12-13,2024-02-09,58
EST_06267,그네,1,674000,우신조경,2023-12-13,2024-02-04,53
EST_06268,달리기,1,825000,동화조경,2023-12-13,2024-01-16,34
EST_06269,미끄럼틀,2,2630000,미래시설관리,2023-12-13,2024-02-20,69
EST_06270,그네,3,2443000,동화시스템,2023-12-14,2024-04-24,132
EST_06271,가로수보호덮개,3,384000,미래시스템,2023-12-14,2024-01-12,29
EST_06272,점자블록,3,73000,제일테크,2023-12-14,2024-01-24,41
EST_06273,달리기,2,1783000,태영테크,2023-12-15,2024-02-16,63
EST_06274,보호시설물볼라드,3,316000,도시정비단,2023-12-15,2024-02-13,60
EST_06275,보호시설물볼라드,3,254000,중앙산업,2023-12-15,2024-01-24,40
EST_06276,등받이없는벤치,3,488000,한성안전,2023-12-15,2024-02-10,57
EST_06277,그네,2,1221000,제일시설관리,2023-12-15,2024-03-09,85
EST_06278,미끄럼틀,2,2798000,중앙산업,2023-12-15,2024-03-13,89
EST_06279,보호펜스,3,179000,현대시스템,2023-12-15,2024-02-28,75
EST_06280,축구골대,1,984000,신세계시설관리,2023-12-15,2024-01-19,35
EST_06281,보도블록,1,13000,한성안전,2023-12-16,2023-12-27,11
EST_06282,가로수보호덮개,2,177000,중앙테크,2023-12-16,2023-12-31,15
EST_06283,보호시설물볼라드,2,108000,미래시설관리,2023-12-16,2024-01-10,25
EST_06284,보호펜스,3,174000,미래토목,2023-12-16,2024-02-08,54
EST_06285,그네,3,2156000,한성안전,2023-12-16,2024-05-31,167
EST_06286,그네,2,1064000,태영안전,2023-12-16,2024-03-09,84
EST_06287,축구골대,3,3783000,동화조경,2023-12-17,2024-04-01,106
EST_06288,보호시설물볼라드,2,169000,제일산업,2023-12-17,2024-01-11,25
EST_06289,트랜치,2,138000,신세계건설,2023-12-17,2024-01-04,18
EST_06290,점자블록,2,34000,중앙테크,2023-12-18,2024-01-07,20
EST_06291,달리기,3,3012000,중앙테크,2023-12-18,2024-04-20,124
EST_06292,달리기,1,628000,현대건설,2023-12-18,2024-01-25,38
EST_06293,미끄럼틀,3,4275000,중앙테크,2023-12-18,2024-06-23,188
EST_06294,축구골대,1,460000,동화시설관리,2023-12-19,2024-01-22,34
EST_06295,가로수보호덮개,2,229000,대명시설관리,2023-12-19,2024-01-09,21
EST_06296,축구골대,2,1696000,한성건설,2023-12-19,2024-02-02,45
EST_06297,보호펜스,3,222000,도시정비단,2023-12-19,2024-03-13,85
EST_06298,점자블록,1,15000,제일테크,2023-12-19,2023-12-29,10
EST_06299,농구대,1,389000,신세계조경,2023-12-19,2024-01-16,28
EST_06300,등받이없는벤치,2,329000,동화토목,2023-12-19,2024-01-15,27
EST_06301,등받이있는벤치,3,648000,신세계조경,2023-12-20,2024-01-26,37
EST_06302,축구골대,1,560000,우신조경,2023-12-20,2024-01-20,31
EST_06303,등받이없는벤치,2,265000,그린플레이,2023-12-20,2024-01-16,27
EST_06304,달리기,1,830000,제일안전,2023-12-20,2024-01-23,34
EST_06305,트랜치,2,124000,한성산업,2023-12-20,2024-01-04,15
EST_06306,보호시설물볼라드,1,66000,중앙산업,2023-12-21,2024-01-05,15
EST_06307,농구대,3,1721000,동화시설관리,2023-12-21,2024-03-30,100
EST_06308,그네,2,1417000,제일조경,2023-12-21,2024-03-08,78
EST_06309,보차도경계석,1,23000,대명테크,2023-12-21,2024-01-07,17
EST_06310,맨홀,2,564000,제일조경,2023-12-22,2024-01-27,36
EST_06311,등받이있는벤치,2,360000,제일산업,2023-12-22,2024-01-16,25
EST_06312,보차도경계석,3,134000,대명안전,2023-12-22,2024-02-04,44
EST_06313,보호시설물무단횡단방지시설,2,285000,우신테크,2023-12-23,2024-02-01,40
EST_06314,점자블록,1,23000,우신조경,2023-12-23,2024-01-03,11
EST_06315,맨홀,2,522000,태영테크,2023-12-24,2024-01-28,35
EST_06316,보도블록,2,36000,우신테크,2023-12-25,2024-01-14,20
EST_06317,농구대,1,493000,우신시설관리,2023-12-25,2024-01-19,25
EST_06318,가로수보호덮개,2,219000,미래시설관리,2023-12-25,2024-01-11,17
EST_06319,보도블록,3,53000,미래토목,2023-12-26,2024-02-05,41
EST_06320,농구대,1,431000,그린플레이,2023-12-26,2024-01-23,28
EST_06321,보호펜스,2,104000,동화조경,2023-12-26,2024-02-05,41
EST_06322,달리기,1,821000,한성안전,2023-12-26,2024-01-26,31
EST_06323,점자블록,2,43000,대명산업,2023-12-26,2024-01-15,20
EST_06324,보호시설물무단횡단방지시설,1,88000,도시정비단,2023-12-27,2024-01-21,25
EST_06325,등받이없는벤치,3,487000,신세계테크,2023-12-27,2024-02-19,54
EST_06326,달리기,1,420000,에코시설,2023-12-27,2024-02-03,38
EST_06327,점자블록,2,41000,제일산업,2023-12-27,2024-01-15,19
EST_06328,달리기,3,2832000,태영안전,2023-12-28,2024-04-08,102
EST_06329,등받이있는벤치,1,192000,현대시스템,2023-12-28,2024-01-12,15
EST_06330,보도블록,2,34000,제일시설관리,2023-12-28,2024-01-14,17
EST_06331,보호펜스,3,236000,국토개발,2023-12-28,2024-03-09,72
EST_06332,보호시설물볼라드,3,244000,동화시스템,2023-12-28,2024-02-08,42
EST_06333,보호시설물무단횡단방지시설,1,88000,그린플레이,2023-12-28,2024-01-23,26
EST_06334,맨홀,3,837000,신세계건설,2023-12-28,2024-03-19,82
EST_06335,보차도경계석,2,68000,제일조경,2023-12-29,2024-01-20,22
EST_06336,보호시설물무단횡단방지시설,1,108000,제일안전,2023-12-29,2024-01-21,23
EST_06337,맨홀,3,847000,신세계시설관리,2023-12-29,2024-03-27,89
EST_06338,달리기,3,2598000,태영건설,2023-12-29,2024-04-15,108
EST_06339,달리기,3,2733000,대명시설관리,2023-12-30,2024-04-19,111
EST_06340,등받이없는벤치,1,93000,대명테크,2023-12-30,2024-01-14,15
EST_06341,등받이있는벤치,1,119000,국토개발,2023-12-31,2024-01-15,15
EST_06342,축구골대,2,1884000,한성산업,2023-12-31,2024-02-17,48
EST_06343,그네,2,1047000,대명안전,2023-12-31,2024-03-24,84
EST_06344,등받이없는벤치,2,283000,대명테크,2023-12-31,2024-01-30,30
EST_06345,점자블록,1,19000,도시정비단,2023-12-31,2024-01-10,10
EST_06346,보차도경계석,2,68000,신세계건설,2024-01-01,2024-01-24,23
EST_06347,맨홀,2,560000,우신시설관리,2024-01-01,2024-02-12,42
EST_06348,등받이없는벤치,3,509000,신세계안전,2024-01-02,2024-02-24,53
EST_06349,축구골대,2,2286000,동화시스템,2024-01-02,2024-02-18,47
EST_06350,달리기,1,489000,동화시스템,2024-01-02,2024-02-06,35
EST_06351,가로수보호덮개,3,433000,신세계토목,2024-01-02,2024-02-09,38
EST_06352,농구대,3,2374000,제일조경,2024-01-02,2024-03-15,73
EST_06353,등받이없는벤치,1,100000,신세계안전,2024-01-02,2024-01-18,16
EST_06354,보도블록,2,25000,우신테크,2024-01-02,2024-01-23,21
EST_06355,등받이있는벤치,2,320000,미래시설관리,2024-01-03,2024-01-28,25
EST_06356,등받이있는벤치,3,803000,태영테크,2024-01-03,2024-02-29,57
EST_06357,농구대,3,2029000,미래안전,2024-01-03,2024-03-08,65
EST_06358,보도블록,1,16000,제일토목,2024-01-03,2024-01-13,10
EST_06359,보호펜스,2,104000,우신테크,2024-01-03,2024-02-15,43
EST_06360,트랜치,2,98000,대명시설관리,2024-01-03,2024-01-22,19
EST_06361,보호시설물볼라드,1,74000,대명테크,2024-01-03,2024-01-17,14
EST_06362,보호펜스,1,39000,대명건설,2024-01-04,2024-01-29,25
EST_06363,그네,2,1353000,한성시설관리,2024-01-04,2024-04-01,88
EST_06364,보호펜스,1,36000,그린플레이,2024-01-05,2024-01-30,25
EST_06365,보호시설물볼라드,1,52000,동화테크,2024-01-05,2024-01-20,15
EST_06366,보호시설물볼라드,3,234000,태영테크,2024-01-05,2024-02-10,36
EST_06367,보호펜스,2,93000,동화시스템,2024-01-05,2024-02-08,34
EST_06368,트랜치,1,34000,한성안전,2024-01-05,2024-01-16,11
EST_06369,축구골대,1,1077000,제일조경,2024-01-06,2024-02-11,36
EST_06370,달리기,1,854000,태영테크,2024-01-06,2024-02-11,36
EST_06371,보호펜스,2,104000,중앙테크,2024-01-06,2024-02-08,33
EST_06372,보호시설물무단횡단방지시설,2,255000,한성토목,2024-01-06,2024-02-20,45
EST_06373,트랜치,2,140000,대명테크,2024-01-06,2024-01-27,21
EST_06374,미끄럼틀,2,2209000,미래시스템,2024-01-07,2024-03-22,75
EST_06375,보호펜스,1,29000,동화토목,2024-01-07,2024-02-02,26
EST_06376,축구골대,3,3543000,동화조경,2024-01-07,2024-05-01,115
EST_06377,보호시설물무단횡단방지시설,2,269000,한성토목,2024-01-07,2024-02-11,35
EST_06378,달리기,2,1159000,한성토목,2024-01-08,2024-03-03,55
EST_06379,등받이없는벤치,2,293000,한성안전,2024-01-08,2024-01-30,22
EST_06380,보호시설물무단횡단방지시설,2,300000,미래안전,2024-01-08,2024-02-19,42
EST_06381,보호시설물무단횡단방지시설,1,71000,에코시설,2024-01-08,2024-01-30,22
EST_06382,등받이있는벤치,2,466000,신세계안전,2024-01-08,2024-02-03,26
EST_06383,보도블록,1,10000,신세계건설,2024-01-08,2024-01-18,10
EST_06384,트랜치,1,53000,신세계시설관리,2024-01-08,2024-01-19,11
EST_06385,맨홀,2,604000,대명산업,2024-01-09,2024-02-09,31
EST_06386,등받이있는벤치,2,407000,미래토목,2024-01-09,2024-01-31,22
EST_06387,보호시설물볼라드,3,284000,대명건설,2024-01-09,2024-03-05,56
EST_06388,보도블록,2,29000,한성안전,2024-01-10,2024-01-25,15
EST_06389,맨홀,3,1127000,제일산업,2024-01-10,2024-03-16,66
EST_06390,보호시설물볼라드,1,47000,중앙안전,2024-01-10,2024-01-24,14
EST_06391,보호펜스,3,256000,도시정비단,2024-01-11,2024-03-27,76
EST_06392,보도블록,3,53000,현대시스템,2024-01-11,2024-02-24,44
EST_06393,트랜치,2,104000,제일안전,2024-01-11,2024-01-28,17
EST_06394,달리기,2,1516000,중앙안전,2024-01-11,2024-02-25,45
EST_06395,그네,2,1153000,동화시설관리,2024-01-11,2024-03-19,68
EST_06396,등받이없는벤치,1,119000,현대건설,2024-01-11,2024-01-26,15
EST_06397,점자블록,2,36000,미래토목,2024-01-12,2024-01-29,17
EST_06398,보호시설물볼라드,3,270000,신세계안전,2024-01-12,2024-02-20,39
EST_06399,보차도경계석,3,147000,대명산업,2024-01-12,2024-03-13,61
EST_06400,미끄럼틀,2,1947000,중앙테크,2024-01-13,2024-03-23,70
EST_06401,트랜치,2,92000,대명테크,2024-01-13,2024-01-31,18
EST_06402,달리기,1,663000,동화토목,2024-01-13,2024-02-20,38
EST_06403,보차도경계석,1,41000,제일시설관리,2024-01-13,2024-01-29,16
EST_06404,가로수보호덮개,1,64000,우신테크,2024-01-13,2024-01-24,11
EST_06405,보도블록,1,17000,국토개발,2024-01-13,2024-01-25,12
EST_06406,보차도경계석,2,84000,태영건설,2024-01-14,2024-02-10,27
EST_06407,점자블록,2,47000,현대시스템,2024-01-14,2024-02-03,20
EST_06408,보호시설물무단횡단방지시설,3,616000,도시정비단,2024-01-14,2024-04-04,81
EST_06409,보호펜스,3,164000,신세계안전,2024-01-14,2024-03-20,66
EST_06410,보차도경계석,3,153000,신세계토목,2024-01-14,2024-02-25,42
EST_06411,미끄럼틀,2,1775000,태영건설,2024-01-15,2024-04-19,95
EST_06412,트랜치,3,232000,신세계시설관리,2024-01-15,2024-02-16,32
EST_06413,보호시설물무단횡단방지시설,2,208000,태영테크,2024-01-15,2024-02-24,40
EST_06414,점자블록,2,47000,에코시설,2024-01-15,2024-02-02,18
EST_06415,보차도경계석,3,165000,미래토목,2024-01-15,2024-03-16,61
EST_06416,등받이있는벤치,1,213000,제일안전,2024-01-16,2024-01-30,14
EST_06417,보호시설물볼라드,2,171000,미래안전,2024-01-16,2024-02-11,26
EST_06418,보호시설물무단횡단방지시설,3,399000,중앙건설,2024-01-16,2024-03-09,53
EST_06419,농구대,1,357000,미래토목,2024-01-16,2024-02-10,25
EST_06420,등받이있는벤치,2,476000,신세계시스템,2024-01-16,2024-02-09,24
EST_06421,등받이있는벤치,1,223000,태영테크,2024-01-17,2024-02-02,16
EST_06422,그네,1,512000,중앙건설,2024-01-17,2024-03-04,47
EST_06423,맨홀,2,589000,대명건설,2024-01-17,2024-02-29,43
EST_06424,보호펜스,1,36000,에코시설,2024-01-17,2024-02-10,24
EST_06425,보차도경계석,1,25000,한성시설관리,2024-01-18,2024-02-03,16
EST_06426,보호시설물무단횡단방지시설,2,237000,중앙건설,2024-01-18,2024-02-18,31
EST_06427,점자블록,1,13000,동화조경,2024-01-18,2024-01-28,10
EST_06428,가로수보호덮개,3,440000,국토개발,2024-01-18,2024-02-18,31
EST_06429,등받이있는벤치,2,484000,동화테크,2024-01-18,2024-02-12,25
EST_06430,보호시설물무단횡단방지시설,2,309000,미래토목,2024-01-18,2024-03-02,44
EST_06431,보호시설물무단횡단방지시설,1,92000,중앙토목,2024-01-19,2024-02-09,21
EST_06432,미끄럼틀,1,1033000,우신시설관리,2024-01-19,2024-03-11,52
EST_06433,보호펜스,1,46000,도시정비단,2024-01-19,2024-02-13,25
EST_06434,농구대,1,468000,중앙토목,2024-01-19,2024-02-13,25
EST_06435,보호시설물무단횡단방지시설,1,104000,동화토목,2024-01-19,2024-02-10,22
EST_06436,점자블록,1,23000,태영테크,2024-01-19,2024-01-29,10
EST_06437,미끄럼틀,2,2381000,중앙테크,2024-01-19,2024-04-06,78
EST_06438,농구대,2,1212000,대명산업,2024-01-20,2024-03-09,49
EST_06439,미끄럼틀,3,4380000,신세계조경,2024-01-20,2024-08-03,196
EST_06440,농구대,2,929000,현대건설,2024-01-20,2024-03-10,50
EST_06441,보도블록,1,12000,중앙산업,2024-01-20,2024-01-30,10
EST_06442,가로수보호덮개,1,119000,신세계시설관리,2024-01-20,2024-01-30,10
EST_06443,보호시설물무단횡단방지시설,2,221000,신세계안전,2024-01-21,2024-02-29,39
EST_06444,그네,1,531000,그린플레이,2024-01-21,2024-03-18,57
EST_06445,트랜치,3,249000,미래토목,2024-01-21,2024-03-03,42
EST_06446,보호펜스,1,53000,신세계테크,2024-01-22,2024-02-12,21
EST_06447,보호펜스,3,177000,신세계시스템,2024-01-22,2024-04-02,71
EST_06448,보호시설물볼라드,3,224000,미래시스템,2024-01-22,2024-03-06,44
EST_06449,농구대,2,1213000,태영테크,2024-01-22,2024-03-01,39
EST_06450,보호시설물무단횡단방지시설,1,117000,제일산업,2024-01-23,2024-02-13,21
EST_06451,보호시설물볼라드,3,304000,중앙안전,2024-01-23,2024-03-02,39
EST_06452,농구대,2,1237000,신세계건설,2024-01-24,2024-03-05,41
EST_06453,미끄럼틀,2,2608000,신세계시설관리,2024-01-24,2024-04-23,90
EST_06454,맨홀,2,505000,신세계테크,2024-01-24,2024-02-26,33
EST_06455,보호시설물무단횡단방지시설,1,132000,대명안전,2024-01-24,2024-02-17,24
EST_06456,등받이있는벤치,1,151000,제일시설관리,2024-01-24,2024-02-08,15
EST_06457,보호시설물무단횡단방지시설,2,320000,국토개발,2024-01-24,2024-03-04,40
EST_06458,등받이있는벤치,2,358000,미래토목,2024-01-25,2024-02-21,27
EST_06459,달리기,2,1834000,제일토목,2024-01-25,2024-03-23,58
EST_06460,가로수보호덮개,3,402000,신세계토목,2024-01-25,2024-02-29,35
EST_06461,보호시설물볼라드,1,39000,우신시설관리,2024-01-26,2024-02-13,18
EST_06462,트랜치,3,239000,중앙산업,2024-01-26,2024-03-09,43
EST_06463,점자블록,2,50000,신세계조경,2024-01-26,2024-02-12,17
EST_06464,보호시설물무단횡단방지시설,1,87000,대명테크,2024-01-26,2024-02-18,23
EST_06465,미끄럼틀,2,2665000,중앙테크,2024-01-27,2024-04-16,80
EST_06466,보호시설물무단횡단방지시설,3,486000,대명시설관리,2024-01-27,2024-04-29,93
EST_06467,보호펜스,3,180000,제일산업,2024-01-27,2024-04-25,89
EST_06468,보도블록,2,25000,제일토목,2024-01-27,2024-02-11,15
EST_06469,트랜치,3,233000,중앙테크,2024-01-28,2024-02-26,29
EST_06470,축구골대,1,608000,동화토목,2024-01-28,2024-03-05,37
EST_06471,트랜치,1,68000,중앙토목,2024-01-28,2024-02-08,11
EST_06472,보호시설물무단횡단방지시설,3,532000,중앙건설,2024-01-29,2024-04-12,74
EST_06473,보호시설물볼라드,2,173000,우신조경,2024-01-29,2024-02-26,28
EST_06474,농구대,2,1200000,우신조경,2024-01-30,2024-03-10,40
EST_06475,보호시설물무단횡단방지시설,3,560000,대명시설관리,2024-01-30,2024-03-30,60
EST_06476,달리기,1,471000,제일조경,2024-01-31,2024-03-06,35
EST_06477,등받이있는벤치,1,128000,동화조경,2024-01-31,2024-02-17,17
EST_06478,농구대,3,1917000,그린플레이,2024-01-31,2024-04-07,67
EST_06479,달리기,1,858000,동화시설관리,2024-01-31,2024-03-07,36
EST_06480,보도블록,3,66000,신세계조경,2024-01-31,2024-03-04,33
EST_06481,그네,3,2189000,한성건설,2024-01-31,2024-07-29,180
EST_06482,그네,3,2762000,중앙안전,2024-01-31,2024-07-08,159
EST_06483,그네,1,433000,대명산업,2024-02-01,2024-03-22,50
EST_06484,트랜치,3,290000,중앙산업,2024-02-01,2024-03-15,43
EST_06485,등받이있는벤치,1,121000,동화시설관리,2024-02-01,2024-02-16,15
EST_06486,보호펜스,2,85000,우신테크,2024-02-01,2024-03-07,35
EST_06487,가로수보호덮개,3,500000,그린플레이,2024-02-01,2024-03-16,44
EST_06488,가로수보호덮개,2,249000,제일조경,2024-02-02,2024-02-22,20
EST_06489,보차도경계석,2,72000,중앙토목,2024-02-02,2024-02-23,21
EST_06490,보도블록,3,69000,그린플레이,2024-02-02,2024-03-15,42
EST_06491,점자블록,3,82000,태영건설,2024-02-02,2024-03-07,34
EST_06492,등받이있는벤치,1,209000,우신테크,2024-02-03,2024-02-19,16
EST_06493,미끄럼틀,3,4662000,동화토목,2024-02-03,2024-05-29,116
EST_06494,가로수보호덮개,3,345000,신세계안전,2024-02-03,2024-03-04,30
EST_06495,보차도경계석,2,80000,동화시설관리,2024-02-03,2024-02-29,26
EST_06496,트랜치,3,228000,동화토목,2024-02-03,2024-03-14,40
EST_06497,보도블록,2,26000,현대건설,2024-02-04,2024-02-20,16
EST_06498,농구대,3,1871000,한성토목,2024-02-04,2024-04-27,83
EST_06499,보도블록,1,15000,그린플레이,2024-02-04,2024-02-15,11
EST_06500,트랜치,3,187000,중앙안전,2024-02-05,2024-03-12,36
EST_06501,농구대,3,1892000,한성산업,2024-02-05,2024-04-22,77
EST_06502,보호펜스,2,110000,한성산업,2024-02-05,2024-03-19,43
EST_06503,점자블록,3,87000,신세계안전,2024-02-05,2024-03-09,33
EST_06504,등받이없는벤치,2,229000,동화시스템,2024-02-05,2024-03-03,27
EST_06505,보도블록,1,7000,태영테크,2024-02-05,2024-02-15,10
EST_06506,등받이있는벤치,1,188000,우신테크,2024-02-06,2024-02-23,17
EST_06507,보호펜스,2,105000,미래시스템,2024-02-06,2024-03-21,44
EST_06508,점자블록,3,83000,한성토목,2024-02-06,2024-03-10,33
EST_06509,등받이없는벤치,1,149000,한성건설,2024-02-06,2024-02-20,14
EST_06510,축구골대,2,1643000,신세계조경,2024-02-06,2024-04-07,61
EST_06511,보호시설물볼라드,1,45000,제일테크,2024-02-06,2024-02-22,16
EST_06512,트랜치,1,49000,우신산업,2024-02-07,2024-02-18,11
EST_06513,맨홀,2,467000,제일안전,2024-02-07,2024-03-19,41
EST_06514,보도블록,3,51000,신세계조경,2024-02-07,2024-03-16,38
EST_06515,등받이있는벤치,2,320000,동화조경,2024-02-07,2024-03-06,28
EST_06516,그네,3,2649000,한성안전,2024-02-08,2024-08-22,196
EST_06517,보호시설물무단횡단방지시설,3,482000,신세계토목,2024-02-08,2024-04-04,56
EST_06518,트랜치,1,43000,제일테크,2024-02-08,2024-02-19,11
EST_06519,보차도경계석,3,173000,한성산업,2024-02-08,2024-03-16,37
EST_06520,보호시설물무단횡단방지시설,2,270000,태영테크,2024-02-08,2024-03-15,36
EST_06521,트랜치,1,45000,신세계시스템,2024-02-09,2024-02-21,12
EST_06522,맨홀,1,298000,에코시설,2024-02-09,2024-03-05,25
EST_06523,보호시설물볼라드,1,53000,대명산업,2024-02-09,2024-02-25,16
EST_06524,미끄럼틀,3,4180000,현대건설,2024-02-09,2024-06-12,124
EST_06525,가로수보호덮개,2,194000,대명테크,2024-02-09,2024-02-26,17
EST_06526,보호시설물무단횡단방지시설,2,234000,대명건설,2024-02-09,2024-03-18,38
EST_06527,등받이없는벤치,1,139000,대명테크,2024-02-09,2024-02-24,15
EST_06528,보호시설물무단횡단방지시설,2,295000,국토개발,2024-02-09,2024-03-13,33
EST_06529,보호펜스,2,87000,우신산업,2024-02-09,2024-03-26,46
EST_06530,보호시설물볼라드,2,156000,신세계건설,2024-02-10,2024-03-11,30
EST_06531,그네,1,308000,동화조경,2024-02-10,2024-03-30,49
EST_06532,그네,1,672000,에코시설,2024-02-10,2024-03-27,46
EST_06533,보호시설물무단횡단방지시설,3,499000,동화테크,2024-02-10,2024-05-13,93
EST_06534,가로수보호덮개,1,64000,현대시스템,2024-02-10,2024-02-21,11
EST_06535,점자블록,1,19000,한성시설관리,2024-02-10,2024-02-20,10
EST_06536,축구골대,3,4113000,미래시설관리,2024-02-11,2024-06-06,116
EST_06537,등받이있는벤치,3,866000,우신시설관리,2024-02-11,2024-03-22,40
EST_06538,달리기,3,2505000,국토개발,2024-02-11,2024-06-02,112
EST_06539,달리기,2,1438000,태영건설,2024-02-11,2024-04-09,58
EST_06540,보호펜스,1,55000,우신산업,2024-02-11,2024-03-06,24
EST_06541,트랜치,1,45000,신세계시스템,2024-02-12,2024-02-24,12
EST_06542,등받이있는벤치,3,872000,대명건설,2024-02-12,2024-04-13,61
EST_06543,보호시설물무단횡단방지시설,1,71000,신세계조경,2024-02-12,2024-03-06,23
EST_06544,축구골대,2,1575000,태영안전,2024-02-12,2024-04-12,60
EST_06545,등받이있는벤치,2,428000,신세계조경,2024-02-13,2024-03-08,24
EST_06546,가로수보호덮개,3,485000,제일안전,2024-02-13,2024-03-21,37
EST_06547,트랜치,3,243000,중앙토목,2024-02-13,2024-03-11,27
EST_06548,농구대,2,1136000,제일토목,2024-02-14,2024-04-04,50
EST_06549,등받이있는벤치,1,221000,미래시스템,2024-02-14,2024-03-01,16
EST_06550,보도블록,1,17000,동화토목,2024-02-14,2024-02-25,11
EST_06551,보도블록,1,12000,태영건설,2024-02-14,2024-02-26,12
EST_06552,등받이없는벤치,3,663000,한성토목,2024-02-14,2024-03-22,37
EST_06553,미끄럼틀,2,2713000,대명테크,2024-02-15,2024-05-21,96
EST_06554,농구대,3,2063000,제일안전,2024-02-15,2024-05-08,83
EST_06555,보호시설물무단횡단방지시설,3,485000,신세계건설,2024-02-15,2024-04-15,60
EST_06556,보호펜스,2,107000,신세계시설관리,2024-02-16,2024-03-27,40
EST_06557,미끄럼틀,3,5241000,한성시설관리,2024-02-16,2024-07-22,157
EST_06558,보호시설물무단횡단방지시설,3,414000,동화토목,2024-02-16,2024-04-10,54
EST_06559,가로수보호덮개,2,168000,신세계조경,2024-02-16,2024-03-04,17
EST_06560,가로수보호덮개,2,212000,우신시설관리,2024-02-16,2024-03-02,15
EST_06561,미끄럼틀,3,4019000,중앙안전,2024-02-16,2024-06-23,128
EST_06562,그네,3,2209000,에코시설,2024-02-17,2024-08-04,169
EST_06563,보호시설물무단횡단방지시설,3,402000,현대건설,2024-02-17,2024-04-15,58
EST_06564,달리기,2,1171000,한성건설,2024-02-17,2024-04-02,45
EST_06565,등받이없는벤치,2,337000,중앙산업,2024-02-17,2024-03-12,24
EST_06566,보차도경계석,2,90000,한성산업,2024-02-17,2024-03-12,24
EST_06567,그네,1,548000,태영안전,2024-02-17,2024-04-06,49
EST_06568,축구골대,2,2321000,중앙테크,2024-02-18,2024-04-13,55
EST_06569,농구대,3,1852000,제일조경,2024-02-19,2024-05-10,81
EST_06570,그네,2,1263000,신세계시스템,2024-02-19,2024-05-21,92
EST_06571,등받이있는벤치,3,723000,한성산업,2024-02-20,2024-04-04,44
EST_06572,달리기,3,2632000,미래시스템,2024-02-20,2024-06-14,115
EST_06573,트랜치,1,47000,대명산업,2024-02-20,2024-03-03,12
EST_06574,그네,3,2368000,국토개발,2024-02-20,2024-08-30,192
EST_06575,미끄럼틀,1,1234000,우신산업,2024-02-20,2024-04-14,54
EST_06576,보호시설물무단횡단방지시설,3,496000,동화시설관리,2024-02-21,2024-05-12,81
EST_06577,그네,1,386000,신세계시스템,2024-02-21,2024-04-16,55
EST_06578,등받이없는벤치,3,465000,중앙테크,2024-02-21,2024-04-10,49
EST_06579,축구골대,3,3070000,대명시설관리,2024-02-21,2024-06-13,113
EST_06580,달리기,1,537000,신세계건설,2024-02-21,2024-03-26,34
EST_06581,등받이있는벤치,2,375000,한성안전,2024-02-21,2024-03-13,21
EST_06582,축구골대,3,3203000,제일조경,2024-02-22,2024-06-01,100
EST_06583,달리기,1,551000,태영건설,2024-02-22,2024-03-26,33
EST_06584,맨홀,2,481000,신세계건설,2024-02-22,2024-03-29,36
EST_06585,달리기,3,2449000,우신시설관리,2024-02-22,2024-05-17,85
EST_06586,맨홀,2,549000,중앙건설,2024-02-22,2024-04-01,39
EST_06587,보호시설물무단횡단방지시설,2,210000,미래토목,2024-02-23,2024-03-29,35
EST_06588,축구골대,2,2261000,한성건설,2024-02-23,2024-04-16,53
EST_06589,미끄럼틀,3,4605000,미래시스템,2024-02-23,2024-08-19,178
EST_06590,트랜치,3,214000,중앙테크,2024-02-23,2024-03-23,29
EST_06591,등받이없는벤치,3,587000,우신테크,2024-02-23,2024-04-16,53
EST_06592,보호펜스,3,217000,대명시설관리,2024-02-23,2024-05-06,73
EST_06593,가로수보호덮개,2,197000,도시정비단,2024-02-24,2024-03-12,17
EST_06594,점자블록,3,70000,한성건설,2024-02-24,2024-03-21,26
EST_06595,보도블록,2,28000,미래토목,2024-02-25,2024-03-14,18
EST_06596,축구골대,3,3017000,중앙토목,2024-02-25,2024-06-29,125
EST_06597,보차도경계석,3,137000,제일토목,2024-02-26,2024-04-16,50
EST_06598,트랜치,1,46000,동화테크,2024-02-26,2024-03-08,11
EST_06599,가로수보호덮개,2,172000,한성안전,2024-02-26,2024-03-14,17
EST_06600,보차도경계석,1,22000,신세계건설,2024-02-27,2024-03-14,16
EST_06601,트랜치,1,55000,중앙토목,2024-02-28,2024-03-10,11
EST_06602,가로수보호덮개,1,66000,중앙테크,2024-02-28,2024-03-11,12
EST_06603,점자블록,3,101000,그린플레이,2024-02-29,2024-04-06,37
EST_06604,보호시설물무단횡단방지시설,3,461000,한성시설관리,2024-02-29,2024-05-23,84
EST_06605,보차도경계석,1,35000,국토개발,2024-02-29,2024-03-14,14
EST_06606,달리기,2,1418000,중앙테크,2024-02-29,2024-04-24,55
EST_06607,등받이없는벤치,3,638000,신세계시설관리,2024-02-29,2024-04-22,53
EST_06608,보호시설물무단횡단방지시설,1,65000,태영건설,2024-02-29,2024-03-23,23
EST_06609,달리기,1,762000,미래토목,2024-02-29,2024-04-01,32
EST_06610,가로수보호덮개,1,115000,중앙테크,2024-03-01,2024-03-13,12
EST_06611,점자블록,1,22000,한성건설,2024-03-01,2024-03-11,10
EST_06612,보도블록,2,24000,미래시스템,2024-03-01,2024-03-17,16
EST_06613,등받이있는벤치,1,182000,제일테크,2024-03-01,2024-03-15,14
EST_06614,미끄럼틀,2,2797000,한성시설관리,2024-03-01,2024-05-13,73
EST_06615,달리기,1,393000,제일안전,2024-03-01,2024-04-01,31
EST_06616,보호시설물무단횡단방지시설,2,305000,제일조경,2024-03-01,2024-04-06,36
EST_06617,미끄럼틀,3,4975000,한성산업,2024-03-01,2024-07-08,129
EST_06618,달리기,1,541000,제일테크,2024-03-01,2024-04-01,31
EST_06619,가로수보호덮개,1,123000,그린플레이,2024-03-01,2024-03-12,11
EST_06620,트랜치,3,245000,한성시설관리,2024-03-02,2024-04-14,43
EST_06621,점자블록,2,49000,중앙테크,2024-03-02,2024-03-22,20
EST_06622,축구골대,3,3864000,제일토목,2024-03-02,2024-06-21,111
EST_06623,축구골대,1,533000,신세계토목,2024-03-02,2024-04-04,33
EST_06624,보도블록,3,49000,국토개발,2024-03-02,2024-03-29,27
EST_06625,미끄럼틀,1,592000,미래안전,2024-03-02,2024-04-25,54
EST_06626,보호펜스,1,30000,제일산업,2024-03-02,2024-03-24,22
EST_06627,달리기,2,1163000,대명테크,2024-03-02,2024-05-01,60
EST_06628,등받이있는벤치,1,112000,신세계안전,2024-03-03,2024-03-21,18
EST_06629,등받이있는벤치,1,129000,제일조경,2024-03-04,2024-03-20,16
EST_06630,미끄럼틀,2,1964000,신세계조경,2024-03-04,2024-05-31,88
EST_06631,축구골대,3,3130000,우신테크,2024-03-04,2024-06-27,115
EST_06632,가로수보호덮개,3,511000,신세계건설,2024-03-04,2024-04-03,30
EST_06633,그네,3,2863000,한성시설관리,2024-03-04,2024-09-16,196
EST_06634,가로수보호덮개,3,368000,신세계시스템,2024-03-04,2024-03-29,25
EST_06635,점자블록,1,17000,우신테크,2024-03-04,2024-03-14,10
EST_06636,가로수보호덮개,1,84000,중앙테크,2024-03-05,2024-03-17,12
EST_06637,등받이있는벤치,1,170000,우신시설관리,2024-03-05,2024-03-19,14
EST_06638,가로수보호덮개,3,513000,우신조경,2024-03-05,2024-04-09,35
EST_06639,축구골대,2,1944000,중앙안전,2024-03-05,2024-04-28,54
EST_06640,보차도경계석,3,146000,중앙건설,2024-03-06,2024-05-06,61
EST_06641,보호펜스,1,51000,한성안전,2024-03-06,2024-03-29,23
EST_06642,미끄럼틀,2,2730000,태영안전,2024-03-06,2024-06-12,98
EST_06643,그네,1,566000,중앙산업,2024-03-07,2024-05-02,56
EST_06644,보호펜스,1,50000,한성토목,2024-03-07,2024-03-31,24
EST_06645,보호펜스,1,46000,미래시설관리,2024-03-07,2024-03-29,22
EST_06646,트랜치,3,267000,중앙산업,2024-03-07,2024-04-09,33
EST_06647,보호시설물무단횡단방지시설,2,233000,우신산업,2024-03-08,2024-04-21,44
EST_06648,등받이있는벤치,2,376000,동화조경,2024-03-08,2024-03-30,22
EST_06649,맨홀,3,1158000,동화테크,2024-03-08,2024-06-01,85
EST_06650,보호시설물무단횡단방지시설,1,65000,제일시설관리,2024-03-09,2024-04-04,26
EST_06651,점자블록,2,38000,태영건설,2024-03-09,2024-03-25,16
EST_06652,보호시설물볼라드,1,36000,태영테크,2024-03-09,2024-03-23,14
EST_06653,보호시설물무단횡단방지시설,3,531000,대명산업,2024-03-09,2024-05-19,71
EST_06654,등받이있는벤치,2,462000,제일테크,2024-03-10,2024-04-03,24
EST_06655,가로수보호덮개,2,210000,신세계시설관리,2024-03-10,2024-03-26,16
EST_06656,가로수보호덮개,1,60000,중앙건설,2024-03-10,2024-03-21,11
EST_06657,보호펜스,3,234000,대명산업,2024-03-10,2024-05-17,68
EST_06658,보도블록,1,9000,중앙테크,2024-03-11,2024-03-22,11
EST_06659,등받이있는벤치,1,155000,미래시스템,2024-03-11,2024-03-25,14
EST_06660,보호펜스,1,54000,태영안전,2024-03-12,2024-04-06,25
EST_06661,트랜치,3,260000,대명시설관리,2024-03-12,2024-04-25,44
EST_06662,맨홀,2,514000,한성안전,2024-03-12,2024-04-19,38
EST_06663,트랜치,1,43000,미래시설관리,2024-03-12,2024-03-22,10
EST_06664,축구골대,1,651000,제일시설관리,2024-03-12,2024-04-18,37
EST_06665,트랜치,3,205000,동화테크,2024-03-12,2024-04-13,32
EST_06666,보호펜스,2,123000,한성안전,2024-03-12,2024-04-16,35
EST_06667,보호펜스,3,245000,제일안전,2024-03-12,2024-05-26,75
EST_06668,등받이있는벤치,2,420000,중앙토목,2024-03-12,2024-04-06,25
EST_06669,맨홀,2,613000,동화시스템,2024-03-13,2024-04-15,33
EST_06670,농구대,1,259000,신세계안전,2024-03-14,2024-04-13,30
EST_06671,보호시설물볼라드,2,119000,도시정비단,2024-03-14,2024-04-13,30
EST_06672,그네,3,2618000,제일조경,2024-03-14,2024-07-18,126
EST_06673,축구골대,3,3393000,중앙안전,2024-03-15,2024-06-06,83
EST_06674,보차도경계석,3,177000,국토개발,2024-03-15,2024-05-11,57
EST_06675,보차도경계석,3,114000,제일안전,2024-03-16,2024-04-27,42
EST_06676,맨홀,1,160000,우신산업,2024-03-16,2024-04-08,23
EST_06677,가로수보호덮개,1,100000,중앙건설,2024-03-17,2024-03-29,12
EST_06678,등받이없는벤치,2,279000,우신조경,2024-03-17,2024-04-11,25
EST_06679,등받이없는벤치,3,514000,신세계시스템,2024-03-17,2024-05-02,46
EST_06680,보호시설물볼라드,2,120000,중앙테크,2024-03-17,2024-04-15,29
EST_06681,보호시설물볼라드,3,315000,한성토목,2024-03-18,2024-05-17,60
EST_06682,농구대,1,475000,제일시설관리,2024-03-18,2024-04-13,26
EST_06683,달리기,1,702000,현대건설,2024-03-18,2024-04-24,37
EST_06684,보호시설물무단횡단방지시설,2,305000,그린플레이,2024-03-18,2024-04-30,43
EST_06685,등받이없는벤치,3,427000,태영테크,2024-03-18,2024-05-04,47
EST_06686,가로수보호덮개,1,67000,현대건설,2024-03-18,2024-03-29,11
EST_06687,보호시설물무단횡단방지시설,3,583000,우신테크,2024-03-18,2024-05-27,70
EST_06688,등받이없는벤치,3,577000,미래시스템,2024-03-18,2024-04-23,36
EST_06689,축구골대,2,1662000,제일토목,2024-03-18,2024-05-17,60
EST_06690,달리기,1,690000,우신조경,2024-03-19,2024-04-25,37
EST_06691,축구골대,2,2061000,현대건설,2024-03-19,2024-05-14,56
EST_06692,농구대,3,2267000,제일테크,2024-03-19,2024-06-25,98
EST_06693,보도블록,3,61000,한성안전,2024-03-20,2024-04-20,31
EST_06694,그네,2,1105000,제일안전,2024-03-20,2024-06-11,83
EST_06695,보호시설물무단횡단방지시설,2,316000,에코시설,2024-03-20,2024-04-23,34
EST_06696,농구대,3,2104000,동화테크,2024-03-21,2024-05-25,65
EST_06697,미끄럼틀,2,2199000,신세계건설,2024-03-21,2024-06-20,91
EST_06698,보차도경계석,2,71000,동화테크,2024-03-21,2024-04-12,22
EST_06699,트랜치,1,54000,제일테크,2024-03-21,2024-03-31,10
EST_06700,보도블록,3,60000,신세계시스템,2024-03-21,2024-05-04,44
EST_06701,점자블록,2,38000,제일토목,2024-03-21,2024-04-10,20
EST_06702,점자블록,2,52000,태영테크,2024-03-22,2024-04-12,21
EST_06703,그네,1,518000,중앙건설,2024-03-22,2024-05-15,54
EST_06704,등받이없는벤치,1,96000,대명안전,2024-03-22,2024-04-05,14
EST_06705,가로수보호덮개,2,222000,동화토목,2024-03-22,2024-04-07,16
EST_06706,달리기,3,3432000,우신조경,2024-03-23,2024-07-31,130
EST_06707,보호시설물볼라드,1,82000,동화조경,2024-03-23,2024-04-08,16
EST_06708,트랜치,1,48000,대명안전,2024-03-23,2024-04-02,10
EST_06709,가로수보호덮개,3,325000,대명건설,2024-03-23,2024-05-01,39
EST_06710,맨홀,2,611000,현대건설,2024-03-23,2024-05-03,41
EST_06711,등받이있는벤치,3,818000,우신테크,2024-03-23,2024-04-29,37
EST_06712,보차도경계석,2,56000,한성산업,2024-03-24,2024-04-22,29
EST_06713,가로수보호덮개,2,268000,제일토목,2024-03-24,2024-04-10,17
EST_06714,보도블록,1,14000,중앙테크,2024-03-24,2024-04-03,10
EST_06715,점자블록,2,32000,신세계조경,2024-03-24,2024-04-09,16
EST_06716,달리기,1,456000,대명건설,2024-03-24,2024-04-24,31
EST_06717,보호시설물무단횡단방지시설,1,72000,신세계시스템,2024-03-24,2024-04-19,26
EST_06718,보차도경계석,2,78000,신세계시설관리,2024-03-25,2024-04-17,23
EST_06719,농구대,2,1236000,제일조경,2024-03-25,2024-05-12,48
EST_06720,보호시설물볼라드,2,156000,도시정비단,2024-03-26,2024-04-23,28
EST_06721,맨홀,2,467000,미래안전,2024-03-26,2024-04-25,30
EST_06722,달리기,3,3112000,중앙산업,2024-03-26,2024-06-25,91
EST_06723,축구골대,3,3965000,태영안전,2024-03-27,2024-07-06,101
EST_06724,보호시설물볼라드,3,245000,대명산업,2024-03-27,2024-05-14,48
EST_06725,축구골대,2,2248000,중앙안전,2024-03-27,2024-05-20,54
EST_06726,맨홀,3,1236000,대명테크,2024-03-27,2024-06-10,75
EST_06727,축구골대,2,1558000,신세계테크,2024-03-28,2024-05-31,64
EST_06728,가로수보호덮개,1,91000,신세계테크,2024-03-28,2024-04-07,10
EST_06729,점자블록,2,44000,신세계건설,2024-03-28,2024-04-14,17
EST_06730,달리기,1,807000,중앙건설,2024-03-28,2024-05-02,35
EST_06731,가로수보호덮개,1,66000,현대건설,2024-03-28,2024-04-08,11
EST_06732,점자블록,1,21000,신세계시스템,2024-03-28,2024-04-09,12
EST_06733,보차도경계석,2,78000,그린플레이,2024-03-29,2024-04-27,29
EST_06734,가로수보호덮개,2,173000,태영건설,2024-03-29,2024-04-17,19
EST_06735,보호시설물무단횡단방지시설,1,134000,대명시설관리,2024-03-30,2024-04-23,24
EST_06736,보호시설물무단횡단방지시설,2,221000,대명산업,2024-03-30,2024-05-09,40
EST_06737,미끄럼틀,1,681000,신세계토목,2024-03-31,2024-05-24,54
EST_06738,보호시설물무단횡단방지시설,2,272000,중앙산업,2024-03-31,2024-05-11,41
EST_06739,보호펜스,3,204000,중앙건설,2024-03-31,2024-06-02,63
EST_06740,달리기,1,686000,태영안전,2024-03-31,2024-05-08,38
EST_06741,등받이없는벤치,3,446000,동화시설관리,2024-03-31,2024-05-15,45
EST_06742,미끄럼틀,3,4092000,한성산업,2024-04-01,2024-08-13,134
EST_06743,보호펜스,1,41000,중앙안전,2024-04-01,2024-04-27,26
EST_06744,가로수보호덮개,3,469000,제일토목,2024-04-01,2024-04-30,29
EST_06745,보호시설물무단횡단방지시설,3,440000,우신테크,2024-04-01,2024-07-04,94
EST_06746,달리기,3,2466000,제일산업,2024-04-02,2024-06-23,82
EST_06747,그네,1,524000,국토개발,2024-04-02,2024-05-23,51
EST_06748,보도블록,2,23000,중앙안전,2024-04-02,2024-04-20,18
EST_06749,등받이없는벤치,1,97000,한성시설관리,2024-04-02,2024-04-19,17
EST_06750,보도블록,1,12000,현대건설,2024-04-02,2024-04-12,10
EST_06751,트랜치,1,36000,우신시설관리,2024-04-03,2024-04-15,12
EST_06752,그네,2,1283000,중앙토목,2024-04-03,2024-06-30,88
EST_06753,트랜치,2,101000,태영안전,2024-04-03,2024-04-19,16
EST_06754,미끄럼틀,3,3881000,중앙산업,2024-04-03,2024-08-01,120
EST_06755,점자블록,3,89000,제일안전,2024-04-03,2024-05-09,36
EST_06756,맨홀,3,963000,미래안전,2024-04-04,2024-06-14,71
EST_06757,등받이있는벤치,3,858000,한성시설관리,2024-04-04,2024-05-13,39
EST_06758,그네,3,2594000,현대시스템,2024-04-04,2024-09-03,152
EST_06759,가로수보호덮개,3,484000,대명안전,2024-04-05,2024-05-11,36
EST_06760,보호시설물볼라드,1,73000,중앙산업,2024-04-05,2024-04-20,15
EST_06761,보호시설물무단횡단방지시설,3,444000,동화테크,2024-04-05,2024-06-24,80
EST_06762,트랜치,3,286000,국토개발,2024-04-05,2024-05-19,44
EST_06763,달리기,1,816000,우신테크,2024-04-05,2024-05-12,37
EST_06764,점자블록,1,23000,제일조경,2024-04-05,2024-04-16,11
EST_06765,보호시설물볼라드,3,216000,우신산업,2024-04-05,2024-05-19,44
EST_06766,보호시설물볼라드,2,176000,신세계토목,2024-04-06,2024-04-30,24
EST_06767,점자블록,3,84000,한성토목,2024-04-06,2024-05-10,34
EST_06768,가로수보호덮개,2,253000,에코시설,2024-04-06,2024-04-24,18
EST_06769,농구대,2,1238000,신세계조경,2024-04-06,2024-05-14,38
EST_06770,미끄럼틀,3,3846000,동화토목,2024-04-06,2024-10-06,183
EST_06771,농구대,1,567000,국토개발,2024-04-06,2024-05-06,30
EST_06772,보도블록,1,7000,신세계건설,2024-04-06,2024-04-16,10
EST_06773,등받이있는벤치,2,362000,우신산업,2024-04-06,2024-05-05,29
EST_06774,달리기,2,1137000,현대시스템,2024-04-06,2024-05-25,49
EST_06775,등받이없는벤치,1,101000,중앙산업,2024-04-07,2024-04-22,15
EST_06776,보호시설물무단횡단방지시설,1,126000,국토개발,2024-04-08,2024-05-01,23
EST_06777,맨홀,3,1269000,동화토목,2024-04-08,2024-06-27,80
EST_06778,보호시설물볼라드,3,245000,그린플레이,2024-04-08,2024-05-17,39
EST_06779,그네,2,1309000,제일조경,2024-04-08,2024-06-30,83
EST_06780,달리기,3,3171000,미래시설관리,2024-04-08,2024-08-17,131
EST_06781,보도블록,2,31000,동화시스템,2024-04-09,2024-04-25,16
EST_06782,보호시설물무단횡단방지시설,1,69000,대명건설,2024-04-09,2024-05-02,23
EST_06783,보호시설물무단횡단방지시설,1,73000,한성토목,2024-04-09,2024-05-01,22
EST_06784,미끄럼틀,1,822000,신세계조경,2024-04-09,2024-05-28,49
EST_06785,그네,2,1203000,신세계시스템,2024-04-09,2024-06-27,79
EST_06786,등받이없는벤치,2,223000,대명테크,2024-04-09,2024-05-01,22
EST_06787,점자블록,3,93000,제일산업,2024-04-10,2024-05-10,30
EST_06788,트랜치,2,106000,우신테크,2024-04-10,2024-04-29,19
EST_06789,축구골대,3,4550000,미래안전,2024-04-10,2024-07-17,98
EST_06790,그네,1,521000,국토개발,2024-04-10,2024-06-06,57
EST_06791,등받이없는벤치,3,613000,미래시스템,2024-04-11,2024-06-03,53
EST_06792,보차도경계석,2,65000,제일안전,2024-04-11,2024-05-05,24
EST_06793,트랜치,1,42000,한성토목,2024-04-11,2024-04-23,12
EST_06794,보차도경계석,3,117000,중앙테크,2024-04-11,2024-05-17,36
EST_06795,보호시설물무단횡단방지시설,3,536000,중앙테크,2024-04-11,2024-07-11,91
EST_06796,달리기,3,2733000,제일토목,2024-04-12,2024-07-19,98
EST_06797,보호펜스,2,126000,우신시설관리,2024-04-12,2024-05-16,34
EST_06798,달리기,3,3005000,한성토목,2024-04-12,2024-08-03,113
EST_06799,보호시설물무단횡단방지시설,1,119000,제일토목,2024-04-13,2024-05-07,24
EST_06800,맨홀,2,646000,대명안전,2024-04-13,2024-05-26,43
EST_06801,등받이없는벤치,2,293000,한성시설관리,2024-04-13,2024-05-05,22
EST_06802,보호시설물볼라드,3,299000,우신산업,2024-04-13,2024-05-23,40
EST_06803,미끄럼틀,3,4162000,미래시설관리,2024-04-13,2024-08-28,137
EST_06804,보호시설물무단횡단방지시설,2,216000,한성산업,2024-04-14,2024-05-19,35
EST_06805,등받이있는벤치,3,837000,동화시설관리,2024-04-14,2024-06-13,60
EST_06806,보도블록,1,10000,한성건설,2024-04-14,2024-04-25,11
EST_06807,가로수보호덮개,2,264000,제일시설관리,2024-04-15,2024-05-06,21
EST_06808,보호시설물볼라드,3,242000,대명건설,2024-04-15,2024-05-26,41
EST_06809,등받이없는벤치,3,607000,중앙토목,2024-04-15,2024-05-30,45
EST_06810,가로수보호덮개,3,431000,대명테크,2024-04-15,2024-05-23,38
EST_06811,보차도경계석,2,87000,신세계시스템,2024-04-15,2024-05-06,21
EST_06812,축구골대,2,1458000,중앙건설,2024-04-16,2024-06-10,55
EST_06813,보도블록,1,13000,한성건설,2024-04-16,2024-04-28,12
EST_06814,달리기,3,3279000,태영건설,2024-04-16,2024-08-24,130
EST_06815,보호시설물볼라드,3,296000,한성시설관리,2024-04-17,2024-05-22,35
EST_06816,가로수보호덮개,2,219000,우신시설관리,2024-04-17,2024-05-02,15
EST_06817,달리기,1,742000,동화조경,2024-04-17,2024-05-18,31
EST_06818,농구대,3,2170000,우신시설관리,2024-04-18,2024-06-19,62
EST_06819,그네,1,653000,한성산업,2024-04-18,2024-06-06,49
EST_06820,미끄럼틀,3,4287000,제일조경,2024-04-18,2024-09-08,143
EST_06821,달리기,2,1825000,신세계조경,2024-04-18,2024-06-18,61
EST_06822,농구대,3,2078000,태영건설,2024-04-18,2024-06-27,70
EST_06823,점자블록,1,12000,도시정비단,2024-04-19,2024-04-29,10
EST_06824,트랜치,1,36000,현대시스템,2024-04-19,2024-04-30,11
EST_06825,축구골대,2,1940000,우신산업,2024-04-19,2024-06-17,59
EST_06826,점자블록,2,34000,신세계토목,2024-04-19,2024-05-07,18
EST_06827,보호시설물무단횡단방지시설,3,620000,동화토목,2024-04-19,2024-06-15,57
EST_06828,미끄럼틀,1,620000,우신조경,2024-04-19,2024-06-10,52
EST_06829,보호시설물볼라드,2,148000,중앙산업,2024-04-19,2024-05-11,22
EST_06830,보차도경계석,3,111000,미래시스템,2024-04-20,2024-05-30,40
EST_06831,등받이있는벤치,1,175000,그린플레이,2024-04-20,2024-05-06,16
EST_06832,등받이없는벤치,2,279000,신세계조경,2024-04-20,2024-05-15,25
EST_06833,보도블록,1,16000,한성산업,2024-04-20,2024-05-02,12
EST_06834,보호펜스,3,238000,동화토목,2024-04-20,2024-06-27,68
EST_06835,보도블록,1,8000,중앙건설,2024-04-20,2024-05-01,11
EST_06836,가로수보호덮개,3,421000,우신시설관리,2024-04-20,2024-05-17,27
EST_06837,농구대,2,1201000,신세계토목,2024-04-21,2024-06-10,50
EST_06838,달리기,3,2530000,동화시스템,2024-04-21,2024-07-15,85
EST_06839,등받이없는벤치,1,98000,제일토목,2024-04-21,2024-05-07,16
EST_06840,맨홀,3,886000,도시정비단,2024-04-21,2024-06-12,52
EST_06841,등받이없는벤치,1,141000,대명테크,2024-04-22,2024-05-07,15
EST_06842,점자블록,2,51000,신세계시설관리,2024-04-22,2024-05-12,20
EST_06843,보호펜스,2,128000,신세계테크,2024-04-22,2024-06-04,43
EST_06844,그네,2,1124000,중앙안전,2024-04-22,2024-07-29,98
EST_06845,농구대,2,956000,신세계건설,2024-04-23,2024-06-11,49
EST_06846,미끄럼틀,2,2025000,동화시스템,2024-04-23,2024-07-20,88
EST_06847,보차도경계석,2,72000,대명산업,2024-04-23,2024-05-19,26
EST_06848,등받이있는벤치,2,383000,미래안전,2024-04-23,2024-05-18,25
EST_06849,그네,3,1849000,신세계안전,2024-04-23,2024-11-04,195
EST_06850,축구골대,3,2877000,한성건설,2024-04-23,2024-09-02,132
EST_06851,보도블록,3,53000,중앙테크,2024-04-23,2024-06-03,41
EST_06852,축구골대,1,695000,미래시설관리,2024-04-24,2024-05-30,36
EST_06853,달리기,3,3437000,제일안전,2024-04-24,2024-07-09,76
EST_06854,가로수보호덮개,2,183000,미래안전,2024-04-24,2024-05-09,15
EST_06855,미끄럼틀,2,2725000,대명시설관리,2024-04-24,2024-07-21,88
EST_06856,등받이있는벤치,1,139000,신세계안전,2024-04-25,2024-05-13,18
EST_06857,맨홀,1,258000,한성건설,2024-04-25,2024-05-18,23
EST_06858,축구골대,2,1955000,우신시설관리,2024-04-25,2024-06-16,52
EST_06859,등받이있는벤치,2,363000,한성시설관리,2024-04-25,2024-05-18,23
EST_06860,보도블록,3,63000,우신조경,2024-04-25,2024-06-01,37
EST_06861,보차도경계석,3,142000,중앙산업,2024-04-25,2024-06-25,61
EST_06862,등받이있는벤치,3,695000,대명테크,2024-04-25,2024-06-16,52
EST_06863,보호시설물볼라드,2,153000,국토개발,2024-04-25,2024-05-23,28
EST_06864,농구대,3,2395000,대명산업,2024-04-26,2024-08-05,101
EST_06865,트랜치,2,100000,제일산업,2024-04-26,2024-05-12,16
EST_06866,보호시설물무단횡단방지시설,3,455000,대명시설관리,2024-04-27,2024-07-09,73
EST_06867,보차도경계석,1,40000,신세계안전,2024-04-27,2024-05-11,14
EST_06868,등받이있는벤치,1,149000,미래시스템,2024-04-28,2024-05-13,15
EST_06869,등받이없는벤치,2,334000,제일산업,2024-04-28,2024-05-22,24
EST_06870,보호시설물볼라드,2,139000,그린플레이,2024-04-28,2024-05-23,25
EST_06871,축구골대,1,979000,대명산업,2024-04-28,2024-06-02,35
EST_06872,그네,1,706000,중앙테크,2024-04-29,2024-06-16,48
EST_06873,그네,2,1216000,미래안전,2024-04-29,2024-07-19,81
EST_06874,보호시설물무단횡단방지시설,2,283000,우신조경,2024-04-29,2024-06-04,36
EST_06875,맨홀,3,959000,신세계테크,2024-04-29,2024-07-12,74
EST_06876,미끄럼틀,3,3804000,제일토목,2024-04-29,2024-10-25,179
EST_06877,농구대,2,933000,대명건설,2024-04-29,2024-06-09,41
EST_06878,트랜치,1,31000,한성안전,2024-04-29,2024-05-10,11
EST_06879,보차도경계석,2,61000,태영테크,2024-04-30,2024-05-27,27
EST_06880,그네,3,1924000,중앙건설,2024-04-30,2024-10-24,177
EST_06881,보차도경계석,1,34000,현대건설,2024-04-30,2024-05-14,14
EST_06882,가로수보호덮개,1,101000,신세계안전,2024-04-30,2024-05-12,12
EST_06883,등받이없는벤치,1,120000,현대건설,2024-04-30,2024-05-17,17
EST_06884,트랜치,1,42000,제일안전,2024-05-01,2024-05-13,12
EST_06885,맨홀,1,272000,국토개발,2024-05-01,2024-05-23,22
EST_06886,등받이있는벤치,1,180000,한성안전,2024-05-01,2024-05-16,15
EST_06887,보호펜스,2,108000,신세계시스템,2024-05-02,2024-06-11,40
EST_06888,맨홀,1,208000,대명산업,2024-05-02,2024-05-24,22
EST_06889,보도블록,3,70000,제일산업,2024-05-02,2024-05-29,27
EST_06890,보도블록,2,27000,미래시설관리,2024-05-03,2024-05-23,20
EST_06891,맨홀,2,443000,에코시설,2024-05-03,2024-06-13,41
EST_06892,보호시설물볼라드,3,256000,도시정비단,2024-05-03,2024-07-02,60
EST_06893,등받이있는벤치,2,342000,제일조경,2024-05-03,2024-05-26,23
EST_06894,보호펜스,2,101000,우신조경,2024-05-03,2024-06-17,45
EST_06895,점자블록,3,96000,신세계건설,2024-05-04,2024-06-14,41
EST_06896,그네,1,670000,신세계안전,2024-05-04,2024-06-24,51
EST_06897,그네,3,2226000,우신산업,2024-05-04,2024-09-02,121
EST_06898,그네,3,2482000,그린플레이,2024-05-05,2024-11-10,189
EST_06899,보도블록,2,37000,동화테크,2024-05-05,2024-05-26,21
EST_06900,보호펜스,2,120000,한성건설,2024-05-05,2024-06-10,36
EST_06901,달리기,1,570000,신세계조경,2024-05-05,2024-06-09,35
EST_06902,가로수보호덮개,1,120000,대명안전,2024-05-06,2024-05-18,12
EST_06903,축구골대,1,860000,국토개발,2024-05-06,2024-06-11,36
EST_06904,보도블록,1,8000,현대건설,2024-05-06,2024-05-16,10
EST_06905,보도블록,1,15000,우신테크,2024-05-07,2024-05-18,11
EST_06906,등받이있는벤치,1,111000,우신조경,2024-05-07,2024-05-21,14
EST_06907,트랜치,2,130000,중앙토목,2024-05-08,2024-05-23,15
EST_06908,보호시설물무단횡단방지시설,2,311000,동화조경,2024-05-08,2024-06-11,34
EST_06909,그네,2,1406000,대명시설관리,2024-05-08,2024-07-30,83
EST_06910,농구대,1,401000,중앙안전,2024-05-08,2024-06-05,28
EST_06911,맨홀,2,651000,한성안전,2024-05-08,2024-06-11,34
EST_06912,점자블록,3,83000,우신조경,2024-05-09,2024-06-16,38
EST_06913,등받이없는벤치,1,118000,대명시설관리,2024-05-09,2024-05-26,17
EST_06914,보도블록,1,15000,제일조경,2024-05-09,2024-05-20,11
EST_06915,축구골대,2,1647000,현대건설,2024-05-09,2024-07-05,57
EST_06916,축구골대,1,950000,에코시설,2024-05-09,2024-06-10,32
EST_06917,달리기,1,596000,신세계시설관리,2024-05-10,2024-06-17,38
EST_06918,등받이있는벤치,3,930000,우신산업,2024-05-10,2024-06-18,39
EST_06919,미끄럼틀,2,2352000,현대시스템,2024-05-10,2024-08-14,96
EST_06920,보호시설물볼라드,2,121000,중앙건설,2024-05-10,2024-06-02,23
EST_06921,보차도경계석,3,113000,우신산업,2024-05-11,2024-07-12,62
EST_06922,보호시설물무단횡단방지시설,3,528000,우신조경,2024-05-11,2024-08-01,82
EST_06923,가로수보호덮개,3,504000,중앙건설,2024-05-11,2024-06-20,40
EST_06924,등받이없는벤치,2,340000,신세계테크,2024-05-11,2024-06-02,22
EST_06925,농구대,3,1714000,제일조경,2024-05-12,2024-08-11,91
EST_06926,그네,2,1394000,대명건설,2024-05-13,2024-07-30,78
EST_06927,맨홀,3,1026000,미래시설관리,2024-05-13,2024-07-11,59
EST_06928,보호펜스,1,38000,에코시설,2024-05-13,2024-06-03,21
EST_06929,달리기,1,702000,그린플레이,2024-05-13,2024-06-16,34
EST_06930,보차도경계석,1,31000,제일시설관리,2024-05-13,2024-05-28,15
EST_06931,맨홀,1,162000,제일안전,2024-05-14,2024-06-07,24
EST_06932,보호시설물볼라드,2,123000,중앙안전,2024-05-14,2024-06-10,27
EST_06933,달리기,2,1119000,한성안전,2024-05-14,2024-07-09,56
EST_06934,농구대,2,1024000,대명시설관리,2024-05-14,2024-07-07,54
EST_06935,보차도경계석,1,40000,미래토목,2024-05-14,2024-05-31,17
EST_06936,농구대,1,332000,한성시설관리,2024-05-14,2024-06-11,28
EST_06937,보호시설물볼라드,2,125000,미래시스템,2024-05-14,2024-06-04,21
EST_06938,축구골대,2,2262000,태영테크,2024-05-15,2024-07-02,48
EST_06939,달리기,2,1639000,현대시스템,2024-05-15,2024-07-03,49
EST_06940,달리기,1,800000,신세계토목,2024-05-15,2024-06-22,38
EST_06941,점자블록,3,75000,제일안전,2024-05-15,2024-06-18,34
EST_06942,등받이있는벤치,1,148000,미래시스템,2024-05-15,2024-05-30,15
EST_06943,보호펜스,2,106000,신세계테크,2024-05-15,2024-06-25,41
EST_06944,농구대,3,1571000,현대건설,2024-05-15,2024-07-16,62
EST_06945,농구대,2,886000,태영건설,2024-05-15,2024-06-25,41
EST_06946,보도블록,3,46000,그린플레이,2024-05-15,2024-06-24,40
EST_06947,트랜치,2,107000,대명시설관리,2024-05-15,2024-06-05,21
EST_06948,맨홀,3,1022000,신세계건설,2024-05-16,2024-08-13,89
EST_06949,그네,2,1115000,제일테크,2024-05-16,2024-08-13,89
EST_06950,등받이있는벤치,2,477000,대명시설관리,2024-05-16,2024-06-06,21
EST_06951,가로수보호덮개,3,517000,중앙건설,2024-05-16,2024-06-24,39
EST_06952,가로수보호덮개,1,63000,우신테크,2024-05-17,2024-05-28,11
EST_06953,축구골대,2,1610000,태영테크,2024-05-17,2024-07-21,65
EST_06954,달리기,3,2716000,도시정비단,2024-05-17,2024-08-16,91
EST_06955,미끄럼틀,3,4852000,대명산업,2024-05-17,2024-10-14,150
EST_06956,맨홀,1,274000,제일테크,2024-05-17,2024-06-10,24
EST_06957,트랜치,2,133000,신세계건설,2024-05-17,2024-06-05,19
EST_06958,미끄럼틀,3,3654000,미래안전,2024-05-18,2024-10-14,149
EST_06959,보차도경계석,1,32000,중앙테크,2024-05-18,2024-06-04,17
EST_06960,보도블록,3,45000,국토개발,2024-05-18,2024-06-28,41
EST_06961,보호펜스,1,33000,동화테크,2024-05-18,2024-06-11,24
EST_06962,농구대,1,540000,제일안전,2024-05-18,2024-06-12,25
EST_06963,가로수보호덮개,3,370000,제일시설관리,2024-05-19,2024-07-01,43
EST_06964,보호시설물볼라드,3,253000,우신테크,2024-05-19,2024-06-30,42
EST_06965,점자블록,1,19000,미래토목,2024-05-20,2024-05-30,10
EST_06966,등받이없는벤치,2,338000,중앙안전,2024-05-20,2024-06-14,25
EST_06967,점자블록,2,53000,중앙안전,2024-05-20,2024-06-10,21
EST_06968,맨홀,3,1162000,제일토목,2024-05-20,2024-07-24,65
EST_06969,달리기,3,3006000,신세계건설,2024-05-20,2024-09-14,117
EST_06970,그네,1,305000,대명시설관리,2024-05-21,2024-07-16,56
EST_06971,달리기,3,3001000,한성안전,2024-05-21,2024-10-01,133
EST_06972,맨홀,3,1200000,대명테크,2024-05-21,2024-07-24,64
EST_06973,점자블록,3,78000,중앙토목,2024-05-21,2024-06-26,36
EST_06974,달리기,1,410000,대명테크,2024-05-21,2024-06-24,34
EST_06975,그네,1,356000,중앙산업,2024-05-22,2024-07-07,46
EST_06976,등받이없는벤치,2,332000,동화토목,2024-05-22,2024-06-17,26
EST_06977,미끄럼틀,3,4815000,신세계안전,2024-05-22,2024-09-19,120
EST_06978,보차도경계석,2,92000,우신산업,2024-05-22,2024-06-19,28
EST_06979,보호시설물볼라드,2,149000,우신조경,2024-05-22,2024-06-12,21
EST_06980,미끄럼틀,1,809000,태영테크,2024-05-22,2024-07-15,54
EST_06981,보호시설물볼라드,3,242000,동화시스템,2024-05-22,2024-07-12,51
EST_06982,농구대,2,1048000,동화시설관리,2024-05-23,2024-07-12,50
EST_06983,등받이있는벤치,2,421000,미래시스템,2024-05-23,2024-06-13,21
EST_06984,보호시설물무단횡단방지시설,1,69000,한성건설,2024-05-23,2024-06-16,24
EST_06985,맨홀,3,1049000,우신시설관리,2024-05-23,2024-08-20,89
EST_06986,보도블록,1,11000,신세계토목,2024-05-24,2024-06-05,12
EST_06987,맨홀,2,434000,그린플레이,2024-05-24,2024-07-05,42
EST_06988,보호시설물볼라드,3,293000,중앙토목,2024-05-24,2024-07-25,62
EST_06989,가로수보호덮개,1,113000,제일산업,2024-05-25,2024-06-04,10
EST_06990,보도블록,1,14000,태영건설,2024-05-25,2024-06-05,11
EST_06991,등받이있는벤치,2,405000,에코시설,2024-05-25,2024-06-15,21
EST_06992,트랜치,1,32000,그린플레이,2024-05-25,2024-06-05,11
EST_06993,그네,3,1823000,현대건설,2024-05-26,2024-10-12,139
EST_06994,보호시설물무단횡단방지시설,1,111000,동화토목,2024-05-26,2024-06-17,22
EST_06995,점자블록,2,47000,한성안전,2024-05-26,2024-06-16,21
EST_06996,점자블록,3,88000,제일토목,2024-05-26,2024-06-24,29
EST_06997,등받이없는벤치,3,528000,현대시스템,2024-05-26,2024-07-20,55
EST_06998,축구골대,3,4477000,제일토목,2024-05-27,2024-09-09,105
EST_06999,등받이없는벤치,2,334000,한성토목,2024-05-27,2024-06-17,21
EST_07000,농구대,3,2216000,신세계조경,2024-05-27,2024-09-10,106
EST_07001,보호시설물볼라드,1,43000,도시정비단,2024-05-28,2024-06-11,14
EST_07002,보도블록,1,13000,중앙산업,2024-05-28,2024-06-07,10
EST_07003,미끄럼틀,1,663000,도시정비단,2024-05-28,2024-07-18,51
EST_07004,농구대,2,1103000,태영안전,2024-05-28,2024-07-10,43
EST_07005,등받이있는벤치,2,482000,태영안전,2024-05-28,2024-06-26,29
EST_07006,보도블록,2,24000,에코시설,2024-05-29,2024-06-15,17
EST_07007,달리기,1,848000,동화조경,2024-05-29,2024-07-05,37
EST_07008,보도블록,2,27000,현대시스템,2024-05-29,2024-06-14,16
EST_07009,트랜치,1,67000,우신테크,2024-05-29,2024-06-10,12
EST_07010,등받이없는벤치,2,271000,태영건설,2024-05-29,2024-06-21,23
EST_07011,농구대,2,874000,제일산업,2024-05-29,2024-07-13,45
EST_07012,미끄럼틀,1,963000,신세계조경,2024-05-29,2024-07-13,45
EST_07013,축구골대,1,492000,우신산업,2024-05-30,2024-07-05,36
EST_07014,가로수보호덮개,2,229000,미래안전,2024-05-30,2024-06-17,18
EST_07015,축구골대,2,1451000,미래안전,2024-05-30,2024-07-24,55
EST_07016,보호펜스,2,99000,동화테크,2024-05-30,2024-07-13,44
EST_07017,달리기,2,1403000,대명테크,2024-05-30,2024-07-19,50
EST_07018,그네,1,353000,제일안전,2024-05-30,2024-07-19,50
EST_07019,농구대,1,544000,제일테크,2024-05-30,2024-06-28,29
EST_07020,보차도경계석,3,149000,중앙산업,2024-05-31,2024-07-22,52
EST_07021,보호시설물무단횡단방지시설,3,552000,중앙토목,2024-05-31,2024-07-27,57
EST_07022,보호시설물볼라드,2,107000,중앙산업,2024-05-31,2024-06-21,21
EST_07023,보도블록,2,29000,제일토목,2024-05-31,2024-06-21,21
EST_07024,보호펜스,1,40000,중앙테크,2024-06-01,2024-06-25,24
EST_07025,보호시설물볼라드,2,163000,동화테크,2024-06-01,2024-06-22,21
EST_07026,등받이없는벤치,1,88000,우신시설관리,2024-06-01,2024-06-18,17
EST_07027,보호시설물무단횡단방지시설,2,201000,한성산업,2024-06-01,2024-07-09,38
EST_07028,미끄럼틀,1,895000,한성토목,2024-06-02,2024-07-21,49
EST_07029,점자블록,3,91000,동화조경,2024-06-02,2024-07-10,38
EST_07030,축구골대,1,986000,우신조경,2024-06-02,2024-07-07,35
EST_07031,트랜치,1,57000,한성시설관리,2024-06-03,2024-06-15,12
EST_07032,그네,3,2470000,대명테크,2024-06-03,2024-10-29,148
EST_07033,보호시설물무단횡단방지시설,2,198000,우신조경,2024-06-04,2024-07-16,42
EST_07034,미끄럼틀,1,1208000,제일테크,2024-06-04,2024-08-01,58
EST_07035,트랜치,3,287000,신세계건설,2024-06-04,2024-07-14,40
EST_07036,축구골대,1,887000,대명안전,2024-06-05,2024-07-08,33
EST_07037,가로수보호덮개,2,166000,제일테크,2024-06-05,2024-06-25,20
EST_07038,맨홀,3,967000,신세계토목,2024-06-05,2024-08-30,86
EST_07039,보차도경계석,2,85000,제일시설관리,2024-06-05,2024-07-01,26
EST_07040,가로수보호덮개,2,192000,우신테크,2024-06-05,2024-06-25,20
EST_07041,등받이있는벤치,2,488000,태영안전,2024-06-05,2024-07-01,26
EST_07042,가로수보호덮개,2,178000,제일토목,2024-06-06,2024-06-24,18
EST_07043,맨홀,3,1040000,제일테크,2024-06-06,2024-08-09,64
EST_07044,축구골대,1,692000,대명건설,2024-06-06,2024-07-11,35
EST_07045,축구골대,3,4375000,현대건설,2024-06-07,2024-09-14,99
EST_07046,보차도경계석,2,72000,미래토목,2024-06-07,2024-07-03,26
EST_07047,보호펜스,2,121000,미래시스템,2024-06-07,2024-07-16,39
EST_07048,보호시설물볼라드,3,318000,신세계시설관리,2024-06-07,2024-07-19,42
EST_07049,보호펜스,2,122000,중앙테크,2024-06-08,2024-07-15,37
EST_07050,점자블록,1,21000,우신조경,2024-06-08,2024-06-19,11
EST_07051,점자블록,3,97000,우신산업,2024-06-08,2024-07-07,29
EST_07052,가로수보호덮개,2,235000,신세계토목,2024-06-09,2024-06-26,17
EST_07053,가로수보호덮개,3,412000,제일시설관리,2024-06-09,2024-07-10,31
EST_07054,그네,1,434000,대명시설관리,2024-06-10,2024-07-30,50
EST_07055,보호시설물무단횡단방지시설,2,238000,대명테크,2024-06-10,2024-07-19,39
EST_07056,등받이없는벤치,1,110000,제일테크,2024-06-10,2024-06-26,16
EST_07057,축구골대,3,3128000,제일조경,2024-06-11,2024-09-05,86
EST_07058,축구골대,3,3754000,우신조경,2024-06-11,2024-08-29,79
EST_07059,농구대,1,264000,중앙건설,2024-06-11,2024-07-09,28
EST_07060,달리기,3,3396000,우신테크,2024-06-11,2024-10-14,125
EST_07061,보호시설물볼라드,1,76000,에코시설,2024-06-11,2024-06-26,15
EST_07062,보호시설물볼라드,3,318000,대명산업,2024-06-11,2024-08-04,54
EST_07063,보호시설물무단횡단방지시설,3,435000,신세계시스템,2024-06-12,2024-08-13,62
EST_07064,트랜치,1,60000,미래시설관리,2024-06-12,2024-06-22,10
EST_07065,보도블록,3,66000,동화토목,2024-06-12,2024-07-12,30
EST_07066,맨홀,1,159000,신세계토목,2024-06-13,2024-07-07,24
EST_07067,맨홀,3,1085000,제일토목,2024-06-13,2024-08-21,69
EST_07068,등받이있는벤치,1,106000,한성건설,2024-06-13,2024-06-27,14
EST_07069,미끄럼틀,1,1115000,동화시설관리,2024-06-13,2024-08-08,56
EST_07070,축구골대,1,722000,중앙산업,2024-06-13,2024-07-14,31
EST_07071,보호시설물볼라드,1,63000,우신테크,2024-06-14,2024-07-01,17
EST_07072,등받이없는벤치,1,112000,신세계건설,2024-06-14,2024-06-30,16
EST_07073,축구골대,3,3830000,동화시스템,2024-06-14,2024-10-15,123
EST_07074,그네,1,633000,우신테크,2024-06-15,2024-08-03,49
EST_07075,맨홀,2,547000,제일시설관리,2024-06-15,2024-07-26,41
EST_07076,보차도경계석,3,113000,제일조경,2024-06-15,2024-07-27,42
EST_07077,등받이없는벤치,2,329000,태영건설,2024-06-15,2024-07-08,23
EST_07078,등받이있는벤치,3,901000,중앙안전,2024-06-15,2024-08-11,57
EST_07079,미끄럼틀,3,5001000,중앙산업,2024-06-16,2024-11-03,140
EST_07080,트랜치,2,121000,그린플레이,2024-06-16,2024-07-03,17
EST_07081,보차도경계석,1,27000,제일테크,2024-06-16,2024-07-02,16
EST_07082,트랜치,2,135000,한성산업,2024-06-16,2024-07-01,15
EST_07083,등받이있는벤치,2,326000,한성시설관리,2024-06-16,2024-07-12,26
EST_07084,보호시설물무단횡단방지시설,1,71000,우신테크,2024-06-16,2024-07-12,26
EST_07085,보차도경계석,1,27000,대명테크,2024-06-16,2024-07-02,16
EST_07086,미끄럼틀,3,4829000,현대건설,2024-06-17,2024-10-16,121
EST_07087,보호펜스,1,34000,현대건설,2024-06-17,2024-07-12,25
EST_07088,가로수보호덮개,3,478000,대명건설,2024-06-18,2024-08-01,44
EST_07089,보차도경계석,3,152000,제일산업,2024-06-18,2024-08-17,60
EST_07090,보호시설물무단횡단방지시설,1,109000,대명산업,2024-06-18,2024-07-09,21
EST_07091,가로수보호덮개,3,366000,대명시설관리,2024-06-18,2024-07-25,37
EST_07092,보차도경계석,3,135000,우신테크,2024-06-18,2024-08-15,58
EST_07093,보호시설물무단횡단방지시설,3,584000,현대건설,2024-06-18,2024-09-20,94
EST_07094,트랜치,1,66000,국토개발,2024-06-19,2024-06-29,10
EST_07095,보호시설물무단횡단방지시설,1,64000,중앙산업,2024-06-19,2024-07-10,21
EST_07096,점자블록,3,98000,우신조경,2024-06-19,2024-07-14,25
EST_07097,보호시설물볼라드,1,65000,신세계테크,2024-06-20,2024-07-06,16
EST_07098,그네,1,585000,현대건설,2024-06-20,2024-08-15,56
EST_07099,보차도경계석,2,56000,중앙테크,2024-06-20,2024-07-19,29
EST_07100,축구골대,1,992000,동화시스템,2024-06-20,2024-07-20,30
EST_07101,농구대,2,1095000,중앙안전,2024-06-20,2024-08-05,46
EST_07102,농구대,2,1243000,도시정비단,2024-06-20,2024-08-02,43
EST_07103,보도블록,1,15000,우신조경,2024-06-20,2024-06-30,10
EST_07104,축구골대,1,595000,한성건설,2024-06-20,2024-07-27,37
EST_07105,달리기,1,822000,미래토목,2024-06-21,2024-07-24,33
EST_07106,보호시설물무단횡단방지시설,1,114000,신세계테크,2024-06-21,2024-07-15,24
EST_07107,축구골대,2,2138000,동화테크,2024-06-22,2024-08-19,58
EST_07108,점자블록,3,85000,중앙테크,2024-06-22,2024-07-19,27
EST_07109,미끄럼틀,2,1855000,미래시설관리,2024-06-22,2024-09-20,90
EST_07110,축구골대,3,3889000,우신테크,2024-06-22,2024-10-27,127
EST_07111,축구골대,1,1102000,제일테크,2024-06-23,2024-07-25,32
EST_07112,그네,2,1325000,한성토목,2024-06-23,2024-09-03,72
EST_07113,보호펜스,2,107000,에코시설,2024-06-23,2024-08-04,42
EST_07114,보호펜스,1,50000,신세계시설관리,2024-06-23,2024-07-20,27
EST_07115,달리기,2,1810000,현대시스템,2024-06-23,2024-08-25,63
EST_07116,점자블록,2,39000,중앙토목,2024-06-24,2024-07-12,18
EST_07117,보호시설물무단횡단방지시설,2,248000,신세계토목,2024-06-24,2024-07-25,31
EST_07118,축구골대,1,590000,우신테크,2024-06-24,2024-07-28,34
EST_07119,등받이있는벤치,3,748000,신세계안전,2024-06-24,2024-08-16,53
EST_07120,축구골대,3,3428000,대명안전,2024-06-24,2024-09-11,79
EST_07121,등받이없는벤치,3,483000,현대건설,2024-06-25,2024-08-10,46
EST_07122,보호시설물볼라드,3,326000,중앙건설,2024-06-25,2024-07-31,36
EST_07123,맨홀,3,1308000,태영테크,2024-06-25,2024-08-21,57
EST_07124,등받이있는벤치,2,424000,미래안전,2024-06-25,2024-07-18,23
EST_07125,보차도경계석,3,157000,한성건설,2024-06-25,2024-08-24,60
EST_07126,등받이있는벤치,2,436000,제일테크,2024-06-26,2024-07-21,25
EST_07127,등받이없는벤치,1,109000,한성토목,2024-06-26,2024-07-13,17
EST_07128,보호시설물무단횡단방지시설,1,80000,국토개발,2024-06-27,2024-07-22,25
EST_07129,보차도경계석,2,61000,제일토목,2024-06-27,2024-07-24,27
EST_07130,맨홀,2,675000,중앙토목,2024-06-28,2024-07-29,31
EST_07131,점자블록,3,78000,한성토목,2024-06-28,2024-08-02,35
EST_07132,농구대,2,878000,현대시스템,2024-06-28,2024-08-10,43
EST_07133,보호시설물볼라드,2,149000,신세계시스템,2024-06-28,2024-07-23,25
EST_07134,보호펜스,1,34000,제일테크,2024-06-28,2024-07-23,25
EST_07135,보호펜스,1,48000,동화시스템,2024-06-28,2024-07-21,23
EST_07136,농구대,1,457000,태영안전,2024-06-28,2024-07-25,27
EST_07137,그네,2,1139000,제일산업,2024-06-28,2024-09-27,91
EST_07138,보도블록,3,52000,우신산업,2024-06-28,2024-08-06,39
EST_07139,가로수보호덮개,2,263000,태영안전,2024-06-29,2024-07-18,19
EST_07140,점자블록,3,81000,동화테크,2024-06-29,2024-07-31,32
EST_07141,미끄럼틀,1,837000,한성건설,2024-06-29,2024-08-18,50
EST_07142,미끄럼틀,2,2561000,현대시스템,2024-06-29,2024-09-07,70
EST_07143,미끄럼틀,3,5125000,대명산업,2024-06-29,2025-01-01,186
EST_07144,가로수보호덮개,2,270000,우신시설관리,2024-06-30,2024-07-21,21
EST_07145,미끄럼틀,2,2522000,신세계건설,2024-06-30,2024-10-04,96
EST_07146,등받이없는벤치,1,102000,현대건설,2024-06-30,2024-07-14,14
EST_07147,농구대,3,2174000,미래시설관리,2024-06-30,2024-10-03,95
EST_07148,맨홀,3,867000,한성토목,2024-06-30,2024-09-16,78
EST_07149,등받이없는벤치,2,248000,그린플레이,2024-06-30,2024-07-21,21
EST_07150,가로수보호덮개,1,121000,동화테크,2024-06-30,2024-07-10,10
EST_07151,보호시설물무단횡단방지시설,2,229000,우신테크,2024-07-01,2024-08-03,33
EST_07152,보호시설물볼라드,3,296000,한성시설관리,2024-07-01,2024-08-22,52
EST_07153,보호시설물볼라드,1,39000,미래토목,2024-07-01,2024-07-15,14
EST_07154,등받이있는벤치,2,445000,제일안전,2024-07-01,2024-07-31,30
EST_07155,점자블록,3,87000,신세계조경,2024-07-01,2024-08-07,37
EST_07156,트랜치,2,116000,태영건설,2024-07-01,2024-07-19,18
EST_07157,농구대,2,801000,중앙토목,2024-07-01,2024-08-21,51
EST_07158,맨홀,3,899000,대명시설관리,2024-07-01,2024-09-25,86
EST_07159,점자블록,3,94000,제일시설관리,2024-07-02,2024-08-04,33
EST_07160,맨홀,2,580000,신세계시설관리,2024-07-02,2024-08-03,32
EST_07161,트랜치,2,142000,한성건설,2024-07-03,2024-07-23,20
EST_07162,보차도경계석,1,30000,미래시스템,2024-07-03,2024-07-19,16
EST_07163,등받이있는벤치,3,825000,제일테크,2024-07-03,2024-09-03,62
EST_07164,달리기,2,1211000,한성산업,2024-07-03,2024-09-02,61
EST_07165,보도블록,3,45000,대명안전,2024-07-04,2024-08-08,35
EST_07166,축구골대,1,647000,대명안전,2024-07-04,2024-08-05,32
EST_07167,달리기,2,1136000,한성건설,2024-07-04,2024-08-24,51
EST_07168,등받이있는벤치,3,781000,제일산업,2024-07-04,2024-08-24,51
EST_07169,가로수보호덮개,2,259000,중앙건설,2024-07-04,2024-07-23,19
EST_07170,보호펜스,3,196000,제일안전,2024-07-05,2024-09-13,70
EST_07171,점자블록,2,39000,동화조경,2024-07-05,2024-07-23,18
EST_07172,보호시설물볼라드,3,241000,동화시스템,2024-07-05,2024-09-02,59
EST_07173,달리기,2,1845000,신세계시스템,2024-07-05,2024-09-03,60
EST_07174,축구골대,3,3818000,태영안전,2024-07-06,2024-10-13,99
EST_07175,등받이없는벤치,3,639000,미래토목,2024-07-06,2024-08-13,38
EST_07176,그네,1,582000,태영건설,2024-07-06,2024-08-27,52
EST_07177,맨홀,2,661000,대명안전,2024-07-06,2024-08-16,41
EST_07178,보호펜스,1,47000,중앙산업,2024-07-07,2024-08-01,25
EST_07179,점자블록,3,66000,대명시설관리,2024-07-07,2024-08-03,27
EST_07180,달리기,2,1661000,미래시설관리,2024-07-08,2024-08-31,54
EST_07181,축구골대,2,1791000,에코시설,2024-07-08,2024-08-31,54
EST_07182,보호펜스,3,218000,중앙안전,2024-07-08,2024-10-03,87
EST_07183,등받이있는벤치,1,203000,우신조경,2024-07-09,2024-07-26,17
EST_07184,점자블록,3,105000,대명건설,2024-07-09,2024-08-05,27
EST_07185,트랜치,2,131000,신세계시스템,2024-07-09,2024-07-29,20
EST_07186,점자블록,2,44000,대명시설관리,2024-07-09,2024-07-24,15
EST_07187,보호펜스,2,131000,한성산업,2024-07-10,2024-08-12,33
EST_07188,트랜치,2,112000,대명테크,2024-07-10,2024-07-30,20
EST_07189,점자블록,1,18000,동화테크,2024-07-11,2024-07-21,10
EST_07190,가로수보호덮개,3,329000,중앙산업,2024-07-11,2024-08-19,39
EST_07191,등받이있는벤치,3,637000,우신시설관리,2024-07-11,2024-08-27,47
EST_07192,보호시설물볼라드,1,45000,현대건설,2024-07-12,2024-07-26,14
EST_07193,보차도경계석,2,77000,우신조경,2024-07-12,2024-08-11,30
EST_07194,축구골대,3,4265000,도시정비단,2024-07-12,2024-11-14,125
EST_07195,보호펜스,2,99000,중앙건설,2024-07-12,2024-08-26,45
EST_07196,가로수보호덮개,2,260000,대명건설,2024-07-12,2024-07-28,16
EST_07197,가로수보호덮개,3,472000,중앙안전,2024-07-13,2024-08-08,26
EST_07198,등받이없는벤치,3,487000,에코시설,2024-07-13,2024-08-24,42
EST_07199,등받이없는벤치,2,304000,미래토목,2024-07-13,2024-08-05,23
EST_07200,보차도경계석,3,120000,태영테크,2024-07-13,2024-08-26,44
EST_07201,점자블록,3,105000,동화테크,2024-07-14,2024-08-09,26
EST_07202,그네,2,976000,동화시스템,2024-07-14,2024-10-03,81
EST_07203,보호펜스,3,235000,에코시설,2024-07-14,2024-10-06,84
EST_07204,보호펜스,1,41000,동화조경,2024-07-14,2024-08-04,21
EST_07205,보호시설물볼라드,2,168000,현대건설,2024-07-14,2024-08-13,30
EST_07206,보도블록,2,34000,태영안전,2024-07-14,2024-08-01,18
EST_07207,보도블록,2,22000,제일조경,2024-07-15,2024-08-05,21
EST_07208,등받이있는벤치,3,893000,신세계토목,2024-07-15,2024-08-24,40
EST_07209,등받이없는벤치,1,146000,태영건설,2024-07-15,2024-08-01,17
EST_07210,그네,1,494000,신세계안전,2024-07-15,2024-09-07,54
EST_07211,보호펜스,2,102000,제일테크,2024-07-16,2024-08-23,38
EST_07212,보차도경계석,3,117000,미래토목,2024-07-16,2024-08-29,44
EST_07213,가로수보호덮개,2,234000,대명안전,2024-07-16,2024-08-06,21
EST_07214,점자블록,3,76000,중앙토목,2024-07-16,2024-08-12,27
EST_07215,미끄럼틀,2,2148000,한성건설,2024-07-17,2024-10-07,82
EST_07216,맨홀,2,500000,우신조경,2024-07-17,2024-08-28,42
EST_07217,등받이있는벤치,2,297000,중앙건설,2024-07-17,2024-08-07,21
EST_07218,보차도경계석,1,20000,태영테크,2024-07-17,2024-08-03,17
EST_07219,등받이있는벤치,1,202000,미래시설관리,2024-07-17,2024-08-01,15
EST_07220,보차도경계석,3,170000,중앙테크,2024-07-17,2024-09-06,51
EST_07221,등받이있는벤치,2,485000,제일시설관리,2024-07-18,2024-08-14,27
EST_07222,그네,1,346000,대명시설관리,2024-07-18,2024-09-12,56
EST_07223,등받이없는벤치,1,107000,중앙토목,2024-07-18,2024-08-01,14
EST_07224,맨홀,1,316000,태영안전,2024-07-18,2024-08-07,20
EST_07225,점자블록,2,47000,중앙테크,2024-07-18,2024-08-08,21
EST_07226,보차도경계석,1,41000,한성토목,2024-07-18,2024-08-02,15
EST_07227,트랜치,3,219000,동화시설관리,2024-07-19,2024-08-22,34
EST_07228,그네,3,2728000,한성토목,2024-07-19,2024-11-21,125
EST_07229,보호펜스,2,100000,중앙안전,2024-07-19,2024-08-23,35
EST_07230,보호펜스,1,60000,태영안전,2024-07-19,2024-08-13,25
EST_07231,보호시설물무단횡단방지시설,2,213000,한성토목,2024-07-19,2024-08-29,41
EST_07232,달리기,1,463000,한성산업,2024-07-19,2024-08-24,36
EST_07233,보호시설물무단횡단방지시설,3,495000,한성산업,2024-07-20,2024-09-17,59
EST_07234,미끄럼틀,2,1880000,중앙건설,2024-07-20,2024-09-29,71
EST_07235,보도블록,2,36000,에코시설,2024-07-20,2024-08-09,20
EST_07236,농구대,1,364000,미래시스템,2024-07-20,2024-08-21,32
EST_07237,등받이있는벤치,3,842000,한성시설관리,2024-07-20,2024-08-28,39
EST_07238,보차도경계석,1,35000,우신산업,2024-07-20,2024-08-05,16
EST_07239,가로수보호덮개,3,407000,신세계조경,2024-07-20,2024-08-30,41
EST_07240,보호펜스,2,128000,현대건설,2024-07-20,2024-09-03,45
EST_07241,점자블록,2,41000,신세계건설,2024-07-21,2024-08-11,21
EST_07242,등받이없는벤치,3,575000,제일시설관리,2024-07-21,2024-09-03,44
EST_07243,보차도경계석,1,24000,중앙산업,2024-07-21,2024-08-04,14
EST_07244,맨홀,3,1014000,우신산업,2024-07-21,2024-09-21,62
EST_07245,농구대,1,299000,중앙안전,2024-07-21,2024-08-19,29
EST_07246,트랜치,3,249000,우신테크,2024-07-21,2024-08-29,39
EST_07247,등받이없는벤치,3,470000,대명건설,2024-07-21,2024-09-15,56
EST_07248,보도블록,1,17000,중앙산업,2024-07-22,2024-08-03,12
EST_07249,보도블록,1,16000,제일안전,2024-07-22,2024-08-03,12
EST_07250,등받이있는벤치,2,390000,중앙건설,2024-07-22,2024-08-14,23
EST_07251,그네,2,1163000,우신시설관리,2024-07-23,2024-10-22,91
EST_07252,미끄럼틀,2,2017000,중앙테크,2024-07-23,2024-10-01,70
EST_07253,가로수보호덮개,1,69000,중앙건설,2024-07-23,2024-08-03,11
EST_07254,보호시설물무단횡단방지시설,2,277000,현대건설,2024-07-23,2024-08-27,35
EST_07255,보호펜스,1,31000,한성안전,2024-07-23,2024-08-19,27
EST_07256,보차도경계석,1,23000,도시정비단,2024-07-23,2024-08-08,16
EST_07257,보차도경계석,3,169000,한성시설관리,2024-07-24,2024-09-04,42
EST_07258,등받이없는벤치,3,561000,중앙안전,2024-07-24,2024-08-28,35
EST_07259,그네,1,375000,중앙산업,2024-07-24,2024-09-09,47
EST_07260,맨홀,1,272000,대명테크,2024-07-24,2024-08-17,24
EST_07261,농구대,1,287000,동화토목,2024-07-24,2024-08-24,31
EST_07262,미끄럼틀,1,810000,신세계토목,2024-07-24,2024-09-14,52
EST_07263,미끄럼틀,1,873000,동화토목,2024-07-25,2024-09-13,50
EST_07264,그네,3,2602000,미래토목,2024-07-25,2024-12-10,138
EST_07265,달리기,1,605000,태영건설,2024-07-25,2024-08-28,34
EST_07266,축구골대,3,3164000,대명안전,2024-07-25,2024-11-27,125
EST_07267,맨홀,2,496000,그린플레이,2024-07-25,2024-09-01,38
EST_07268,트랜치,1,57000,태영안전,2024-07-25,2024-08-06,12
EST_07269,보도블록,2,33000,신세계테크,2024-07-25,2024-08-15,21
EST_07270,달리기,2,1269000,중앙토목,2024-07-25,2024-09-28,65
EST_07271,점자블록,1,13000,중앙토목,2024-07-26,2024-08-05,10
EST_07272,보도블록,1,15000,대명테크,2024-07-26,2024-08-06,11
EST_07273,맨홀,1,299000,제일산업,2024-07-26,2024-08-16,21
EST_07274,등받이있는벤치,3,906000,태영안전,2024-07-26,2024-09-18,54
EST_07275,축구골대,2,1438000,우신시설관리,2024-07-26,2024-09-27,63
EST_07276,점자블록,2,51000,대명건설,2024-07-26,2024-08-16,21
EST_07277,등받이없는벤치,2,323000,태영건설,2024-07-27,2024-08-23,27
EST_07278,가로수보호덮개,2,185000,에코시설,2024-07-27,2024-08-17,21
EST_07279,농구대,2,1099000,우신테크,2024-07-27,2024-09-05,40
EST_07280,축구골대,2,2230000,현대시스템,2024-07-28,2024-09-18,52
EST_07281,축구골대,2,1561000,신세계시설관리,2024-07-28,2024-09-19,53
EST_07282,등받이없는벤치,3,554000,제일산업,2024-07-28,2024-09-10,44
EST_07283,그네,3,2250000,동화조경,2024-07-28,2025-02-10,197
EST_07284,등받이있는벤치,3,929000,동화조경,2024-07-29,2024-09-29,62
EST_07285,그네,3,2595000,미래시스템,2024-07-29,2024-12-09,133
EST_07286,보호시설물볼라드,1,66000,우신산업,2024-07-29,2024-08-12,14
EST_07287,농구대,3,2250000,도시정비단,2024-07-29,2024-09-29,62
EST_07288,보도블록,2,36000,신세계조경,2024-07-30,2024-08-17,18
EST_07289,축구골대,1,607000,대명건설,2024-07-30,2024-08-29,30
EST_07290,보차도경계석,2,76000,동화시설관리,2024-07-30,2024-08-25,26
EST_07291,보차도경계석,1,39000,미래토목,2024-07-31,2024-08-18,18
EST_07292,그네,2,1257000,제일시설관리,2024-07-31,2024-10-11,72
EST_07293,등받이있는벤치,3,655000,동화시스템,2024-07-31,2024-09-29,60
EST_07294,보호시설물무단횡단방지시설,2,291000,그린플레이,2024-08-01,2024-09-01,31
EST_07295,보차도경계석,3,117000,국토개발,2024-08-01,2024-09-11,41
EST_07296,등받이없는벤치,3,525000,미래안전,2024-08-02,2024-10-03,62
EST_07297,점자블록,3,96000,대명시설관리,2024-08-02,2024-08-30,28
EST_07298,그네,1,537000,신세계시설관리,2024-08-02,2024-09-19,48
EST_07299,가로수보호덮개,3,496000,우신시설관리,2024-08-02,2024-09-09,38
EST_07300,미끄럼틀,3,5565000,태영테크,2024-08-02,2025-02-17,199
EST_07301,보차도경계석,1,42000,동화토목,2024-08-02,2024-08-17,15
EST_07302,달리기,3,2259000,제일산업,2024-08-03,2024-11-20,109
EST_07303,등받이없는벤치,1,111000,제일시설관리,2024-08-03,2024-08-20,17
EST_07304,맨홀,1,167000,현대건설,2024-08-03,2024-08-25,22
EST_07305,가로수보호덮개,1,55000,신세계건설,2024-08-03,2024-08-15,12
EST_07306,보도블록,2,24000,신세계시설관리,2024-08-04,2024-08-23,19
EST_07307,보도블록,3,46000,제일조경,2024-08-04,2024-09-11,38
EST_07308,등받이있는벤치,3,620000,미래시스템,2024-08-04,2024-10-01,58
EST_07309,보호시설물볼라드,3,277000,태영건설,2024-08-05,2024-09-14,40
EST_07310,보호시설물볼라드,1,47000,제일산업,2024-08-05,2024-08-19,14
EST_07311,트랜치,3,258000,도시정비단,2024-08-05,2024-09-01,27
EST_07312,보호시설물볼라드,3,319000,신세계테크,2024-08-06,2024-09-26,51
EST_07313,그네,2,1322000,우신테크,2024-08-07,2024-11-01,86
EST_07314,가로수보호덮개,3,442000,신세계건설,2024-08-07,2024-09-20,44
EST_07315,보호펜스,1,62000,신세계건설,2024-08-07,2024-09-01,25
EST_07316,보도블록,1,13000,제일조경,2024-08-08,2024-08-19,11
EST_07317,맨홀,3,885000,태영건설,2024-08-08,2024-10-11,64
EST_07318,가로수보호덮개,3,402000,신세계시스템,2024-08-08,2024-09-04,27
EST_07319,미끄럼틀,3,3557000,한성토목,2024-08-08,2025-01-08,153
EST_07320,농구대,1,477000,동화시설관리,2024-08-08,2024-09-08,31
EST_07321,보호펜스,3,241000,우신조경,2024-08-09,2024-10-16,68
EST_07322,보호시설물무단횡단방지시설,3,579000,대명산업,2024-08-09,2024-11-02,85
EST_07323,보호시설물무단횡단방지시설,2,268000,대명테크,2024-08-09,2024-09-22,44
EST_07324,보호시설물무단횡단방지시설,2,262000,도시정비단,2024-08-09,2024-09-12,34
EST_07325,보호시설물무단횡단방지시설,1,100000,우신조경,2024-08-10,2024-09-02,23
EST_07326,맨홀,2,546000,제일시설관리,2024-08-10,2024-09-22,43
EST_07327,트랜치,3,194000,신세계시스템,2024-08-10,2024-09-06,27
EST_07328,등받이없는벤치,2,287000,제일토목,2024-08-10,2024-09-03,24
EST_07329,그네,3,2710000,동화시설관리,2024-08-10,2025-01-08,151
EST_07330,보호펜스,3,255000,국토개발,2024-08-11,2024-10-09,59
EST_07331,보호시설물무단횡단방지시설,3,395000,동화시스템,2024-08-11,2024-11-08,89
EST_07332,축구골대,2,2004000,한성산업,2024-08-11,2024-10-01,51
EST_07333,농구대,3,2039000,한성시설관리,2024-08-11,2024-10-24,74
EST_07334,맨홀,2,508000,동화테크,2024-08-11,2024-09-18,38
EST_07335,보도블록,1,17000,제일테크,2024-08-12,2024-08-23,11
EST_07336,축구골대,2,2342000,에코시설,2024-08-12,2024-10-09,58
EST_07337,점자블록,2,33000,신세계건설,2024-08-12,2024-08-30,18
EST_07338,보도블록,3,49000,우신테크,2024-08-12,2024-09-11,30
EST_07339,농구대,2,997000,신세계건설,2024-08-12,2024-10-02,51
EST_07340,트랜치,2,129000,신세계건설,2024-08-12,2024-08-28,16
EST_07341,보차도경계석,1,21000,신세계조경,2024-08-12,2024-08-27,15
EST_07342,맨홀,1,163000,동화시설관리,2024-08-12,2024-09-05,24
EST_07343,등받이없는벤치,1,73000,대명테크,2024-08-12,2024-08-28,16
EST_07344,축구골대,2,1612000,동화시설관리,2024-08-12,2024-09-28,47
EST_07345,보호펜스,1,53000,신세계테크,2024-08-12,2024-09-06,25
EST_07346,축구골대,3,4368000,우신조경,2024-08-12,2024-12-11,121
EST_07347,농구대,1,426000,한성건설,2024-08-13,2024-09-12,30
EST_07348,보호시설물볼라드,3,328000,태영건설,2024-08-13,2024-10-07,55
EST_07349,농구대,2,966000,우신시설관리,2024-08-13,2024-09-23,41
EST_07350,농구대,3,1860000,제일안전,2024-08-13,2024-10-14,62
EST_07351,미끄럼틀,1,1364000,대명테크,2024-08-13,2024-10-05,53
EST_07352,보호펜스,2,108000,대명테크,2024-08-14,2024-09-25,42
EST_07353,보차도경계석,2,57000,우신테크,2024-08-14,2024-09-13,30
EST_07354,보호시설물무단횡단방지시설,1,128000,대명안전,2024-08-14,2024-09-06,23
EST_07355,맨홀,3,969000,현대건설,2024-08-14,2024-11-10,88
EST_07356,맨홀,2,653000,그린플레이,2024-08-14,2024-09-14,31
EST_07357,그네,1,456000,대명건설,2024-08-15,2024-10-02,48
EST_07358,보도블록,1,8000,우신산업,2024-08-15,2024-08-27,12
EST_07359,가로수보호덮개,3,496000,우신산업,2024-08-15,2024-09-18,34
EST_07360,달리기,3,2708000,대명안전,2024-08-16,2024-11-02,78
EST_07361,달리기,2,1206000,현대시스템,2024-08-16,2024-10-04,49
EST_07362,맨홀,1,293000,제일시설관리,2024-08-16,2024-09-09,24
EST_07363,등받이있는벤치,2,483000,미래시설관리,2024-08-16,2024-09-15,30
EST_07364,축구골대,1,840000,현대건설,2024-08-16,2024-09-17,32
EST_07365,축구골대,2,2072000,동화시설관리,2024-08-17,2024-10-15,59
EST_07366,달리기,2,1660000,대명시설관리,2024-08-17,2024-10-13,57
EST_07367,보호시설물볼라드,2,136000,도시정비단,2024-08-17,2024-09-13,27
EST_07368,미끄럼틀,1,833000,제일토목,2024-08-17,2024-10-05,49
EST_07369,미끄럼틀,2,2564000,중앙토목,2024-08-18,2024-11-10,84
EST_07370,가로수보호덮개,1,98000,태영안전,2024-08-18,2024-08-29,11
EST_07371,보호시설물볼라드,1,36000,도시정비단,2024-08-18,2024-09-03,16
EST_07372,달리기,1,707000,한성산업,2024-08-18,2024-09-19,32
EST_07373,맨홀,1,253000,현대시스템,2024-08-18,2024-09-09,22
EST_07374,점자블록,2,37000,중앙산업,2024-08-19,2024-09-08,20
EST_07375,등받이없는벤치,3,609000,동화토목,2024-08-19,2024-09-30,42
EST_07376,맨홀,1,212000,그린플레이,2024-08-19,2024-09-10,22
EST_07377,보호펜스,2,127000,한성건설,2024-08-19,2024-09-28,40
EST_07378,트랜치,2,95000,제일조경,2024-08-19,2024-09-04,16
EST_07379,달리기,3,3191000,한성안전,2024-08-20,2024-12-30,132
EST_07380,가로수보호덮개,3,472000,대명안전,2024-08-20,2024-09-21,32
EST_07381,보차도경계석,1,23000,우신조경,2024-08-20,2024-09-04,15
EST_07382,등받이없는벤치,2,227000,제일안전,2024-08-20,2024-09-17,28
EST_07383,등받이있는벤치,2,401000,도시정비단,2024-08-21,2024-09-12,22
EST_07384,트랜치,3,234000,우신조경,2024-08-21,2024-10-02,42
EST_07385,미끄럼틀,3,4332000,미래시스템,2024-08-21,2024-12-29,130
EST_07386,축구골대,2,1640000,제일시설관리,2024-08-22,2024-10-09,48
EST_07387,보호펜스,1,61000,에코시설,2024-08-22,2024-09-12,21
EST_07388,보도블록,3,69000,신세계시설관리,2024-08-22,2024-09-30,39
EST_07389,등받이있는벤치,3,821000,중앙산업,2024-08-22,2024-09-30,39
EST_07390,보호펜스,1,56000,태영건설,2024-08-23,2024-09-14,22
EST_07391,보차도경계석,3,178000,미래시설관리,2024-08-23,2024-10-10,48
EST_07392,맨홀,2,525000,태영안전,2024-08-23,2024-10-02,40
EST_07393,등받이있는벤치,2,476000,현대건설,2024-08-23,2024-09-14,22
EST_07394,보호시설물무단횡단방지시설,2,248000,대명테크,2024-08-23,2024-10-01,39
EST_07395,보호시설물볼라드,1,67000,신세계토목,2024-08-23,2024-09-09,17
EST_07396,보호시설물볼라드,2,121000,우신산업,2024-08-23,2024-09-18,26
EST_07397,트랜치,1,54000,미래안전,2024-08-23,2024-09-02,10
EST_07398,그네,2,1428000,신세계안전,2024-08-24,2024-11-09,77
EST_07399,가로수보호덮개,3,443000,대명건설,2024-08-24,2024-09-22,29
EST_07400,달리기,2,1187000,중앙테크,2024-08-24,2024-10-15,52
EST_07401,등받이없는벤치,2,269000,제일테크,2024-08-24,2024-09-19,26
EST_07402,등받이있는벤치,1,200000,태영안전,2024-08-24,2024-09-10,17
EST_07403,달리기,1,482000,현대건설,2024-08-24,2024-09-30,37
EST_07404,미끄럼틀,2,2364000,국토개발,2024-08-24,2024-11-18,86
EST_07405,맨홀,1,229000,한성안전,2024-08-24,2024-09-13,20
EST_07406,보호시설물볼라드,2,170000,우신산업,2024-08-25,2024-09-20,26
EST_07407,등받이있는벤치,3,630000,동화시스템,2024-08-26,2024-10-10,45
EST_07408,축구골대,3,3531000,우신산업,2024-08-26,2024-11-21,87
EST_07409,축구골대,1,930000,도시정비단,2024-08-26,2024-10-03,38
EST_07410,보차도경계석,2,63000,대명안전,2024-08-27,2024-09-17,21
EST_07411,농구대,2,944000,중앙테크,2024-08-27,2024-10-19,53
EST_07412,점자블록,3,81000,미래시스템,2024-08-27,2024-09-22,26
EST_07413,보호시설물무단횡단방지시설,1,139000,우신테크,2024-08-27,2024-09-20,24
EST_07414,축구골대,1,497000,동화토목,2024-08-27,2024-10-04,38
EST_07415,미끄럼틀,2,2247000,중앙안전,2024-08-28,2024-11-19,83
EST_07416,보차도경계석,1,30000,대명테크,2024-08-28,2024-09-12,15
EST_07417,보호시설물무단횡단방지시설,3,603000,중앙산업,2024-08-28,2024-11-04,68
EST_07418,가로수보호덮개,1,70000,제일조경,2024-08-28,2024-09-07,10
EST_07419,축구골대,3,4164000,신세계시설관리,2024-08-29,2024-11-17,80
EST_07420,보도블록,2,24000,한성산업,2024-08-29,2024-09-15,17
EST_07421,등받이있는벤치,2,348000,제일안전,2024-08-29,2024-09-26,28
EST_07422,농구대,2,847000,신세계시설관리,2024-08-30,2024-10-10,41
EST_07423,보차도경계석,1,34000,제일산업,2024-08-30,2024-09-15,16
EST_07424,농구대,1,544000,동화테크,2024-09-01,2024-09-26,25
EST_07425,등받이있는벤치,1,134000,한성토목,2024-09-01,2024-09-16,15
EST_07426,미끄럼틀,3,4571000,신세계테크,2024-09-01,2025-01-20,141
EST_07427,농구대,1,507000,우신시설관리,2024-09-01,2024-09-28,27
EST_07428,달리기,1,784000,미래시설관리,2024-09-01,2024-10-06,35
EST_07429,보호펜스,1,27000,동화테크,2024-09-01,2024-09-23,22
EST_07430,보차도경계석,2,74000,대명테크,2024-09-01,2024-09-26,25
EST_07431,가로수보호덮개,3,495000,현대건설,2024-09-01,2024-10-02,31
EST_07432,맨홀,2,648000,중앙건설,2024-09-03,2024-10-06,33
EST_07433,등받이없는벤치,2,348000,동화조경,2024-09-03,2024-10-02,29
EST_07434,트랜치,3,256000,신세계시스템,2024-09-03,2024-10-10,37
EST_07435,그네,2,1084000,동화시스템,2024-09-03,2024-11-28,86
EST_07436,축구골대,3,3070000,미래안전,2024-09-03,2024-11-20,78
EST_07437,보차도경계석,2,68000,미래안전,2024-09-04,2024-10-01,27
EST_07438,트랜치,1,65000,국토개발,2024-09-04,2024-09-16,12
EST_07439,점자블록,3,75000,신세계토목,2024-09-05,2024-10-01,26
EST_07440,보호펜스,1,38000,한성안전,2024-09-05,2024-09-29,24
EST_07441,보호펜스,1,48000,미래시설관리,2024-09-05,2024-09-26,21
EST_07442,보차도경계석,1,42000,동화조경,2024-09-05,2024-09-21,16
EST_07443,그네,1,558000,중앙안전,2024-09-05,2024-10-31,56
EST_07444,보호시설물무단횡단방지시설,2,247000,우신산업,2024-09-05,2024-10-09,34
EST_07445,보호시설물볼라드,1,70000,미래토목,2024-09-06,2024-09-23,17
EST_07446,맨홀,3,1313000,동화시스템,2024-09-07,2024-12-05,89
EST_07447,트랜치,2,150000,대명건설,2024-09-07,2024-09-25,18
EST_07448,미끄럼틀,3,4752000,중앙산업,2024-09-07,2025-02-04,150
EST_07449,미끄럼틀,1,779000,중앙테크,2024-09-07,2024-10-23,46
EST_07450,달리기,2,1781000,한성산업,2024-09-08,2024-11-12,65
EST_07451,트랜치,2,139000,미래시스템,2024-09-08,2024-09-26,18
EST_07452,농구대,2,938000,대명산업,2024-09-08,2024-10-15,37
EST_07453,보호시설물무단횡단방지시설,3,502000,태영건설,2024-09-08,2024-11-21,74
EST_07454,점자블록,2,48000,동화테크,2024-09-09,2024-09-26,17
EST_07455,등받이없는벤치,3,484000,신세계테크,2024-09-09,2024-10-29,50
EST_07456,보호시설물무단횡단방지시설,3,420000,대명건설,2024-09-09,2024-12-08,90
EST_07457,보도블록,1,13000,제일안전,2024-09-10,2024-09-21,11
EST_07458,가로수보호덮개,3,453000,신세계건설,2024-09-10,2024-10-21,41
EST_07459,트랜치,2,137000,제일안전,2024-09-10,2024-10-01,21
EST_07460,점자블록,1,21000,신세계테크,2024-09-10,2024-09-21,11
EST_07461,맨홀,1,267000,동화시설관리,2024-09-11,2024-10-01,20
EST_07462,보차도경계석,1,24000,동화테크,2024-09-11,2024-09-26,15
EST_07463,맨홀,3,1108000,한성시설관리,2024-09-11,2024-11-10,60
EST_07464,보호시설물볼라드,1,55000,우신시설관리,2024-09-11,2024-09-25,14
EST_07465,가로수보호덮개,2,200000,동화토목,2024-09-11,2024-09-26,15
EST_07466,가로수보호덮개,3,437000,우신산업,2024-09-11,2024-10-10,29
EST_07467,그네,1,408000,신세계토목,2024-09-12,2024-11-02,51
EST_07468,등받이없는벤치,3,637000,한성산업,2024-09-12,2024-11-01,50
EST_07469,등받이있는벤치,1,189000,제일조경,2024-09-12,2024-09-28,16
EST_07470,농구대,1,273000,도시정비단,2024-09-13,2024-10-09,26
EST_07471,등받이있는벤치,1,146000,신세계안전,2024-09-13,2024-09-28,15
EST_07472,보도블록,3,59000,제일조경,2024-09-13,2024-10-26,43
EST_07473,점자블록,1,19000,미래안전,2024-09-13,2024-09-25,12
EST_07474,등받이있는벤치,3,691000,한성안전,2024-09-14,2024-11-07,54
EST_07475,가로수보호덮개,3,427000,동화시스템,2024-09-14,2024-10-27,43
EST_07476,보도블록,1,8000,신세계건설,2024-09-15,2024-09-26,11
EST_07477,보호펜스,2,89000,우신산업,2024-09-15,2024-10-30,45
EST_07478,보호펜스,3,213000,제일시설관리,2024-09-15,2024-12-01,77
EST_07479,등받이있는벤치,2,464000,우신조경,2024-09-15,2024-10-11,26
EST_07480,등받이있는벤치,2,396000,대명산업,2024-09-15,2024-10-11,26
EST_07481,달리기,2,1231000,중앙건설,2024-09-16,2024-11-02,47
EST_07482,보도블록,1,8000,동화시설관리,2024-09-16,2024-09-28,12
EST_07483,보도블록,3,53000,도시정비단,2024-09-16,2024-10-14,28
EST_07484,달리기,3,3319000,미래토목,2024-09-16,2024-12-13,88
EST_07485,점자블록,1,20000,제일산업,2024-09-16,2024-09-28,12
EST_07486,보호시설물무단횡단방지시설,2,291000,우신시설관리,2024-09-16,2024-10-31,45
EST_07487,등받이없는벤치,2,303000,신세계건설,2024-09-17,2024-10-16,29
EST_07488,점자블록,1,20000,미래시스템,2024-09-17,2024-09-28,11
EST_07489,등받이있는벤치,3,808000,에코시설,2024-09-17,2024-11-03,47
EST_07490,보호시설물볼라드,3,222000,미래시스템,2024-09-18,2024-11-09,52
EST_07491,미끄럼틀,3,5676000,대명시설관리,2024-09-18,2025-03-12,175
EST_07492,달리기,1,614000,신세계시스템,2024-09-18,2024-10-18,30
EST_07493,농구대,1,551000,그린플레이,2024-09-19,2024-10-19,30
EST_07494,농구대,3,2403000,대명안전,2024-09-19,2025-01-01,104
EST_07495,가로수보호덮개,3,412000,중앙산업,2024-09-19,2024-10-26,37
EST_07496,미끄럼틀,2,2496000,한성산업,2024-09-19,2024-12-14,86
EST_07497,보호펜스,2,115000,미래안전,2024-09-19,2024-10-22,33
EST_07498,보차도경계석,3,164000,중앙안전,2024-09-20,2024-11-04,45
EST_07499,보호시설물무단횡단방지시설,1,117000,동화시설관리,2024-09-20,2024-10-14,24
EST_07500,미끄럼틀,2,2443000,제일시설관리,2024-09-20,2024-12-20,91
EST_07501,점자블록,1,11000,미래토목,2024-09-22,2024-10-04,12
EST_07502,달리기,1,564000,태영안전,2024-09-22,2024-10-22,30
EST_07503,보호펜스,2,88000,한성산업,2024-09-22,2024-10-26,34
EST_07504,그네,2,1419000,미래시스템,2024-09-22,2024-12-03,72
EST_07505,보호시설물무단횡단방지시설,1,135000,신세계건설,2024-09-23,2024-10-18,25
EST_07506,농구대,2,896000,우신시설관리,2024-09-23,2024-11-01,39
EST_07507,보차도경계석,1,40000,대명건설,2024-09-23,2024-10-08,15
EST_07508,맨홀,2,540000,우신테크,2024-09-23,2024-10-24,31
EST_07509,미끄럼틀,2,2112000,제일시설관리,2024-09-23,2024-12-08,76
EST_07510,그네,2,1314000,한성시설관리,2024-09-23,2024-12-02,70
EST_07511,농구대,1,275000,현대시스템,2024-09-24,2024-10-23,29
EST_07512,미끄럼틀,3,4776000,제일조경,2024-09-24,2025-04-14,202
EST_07513,그네,2,965000,도시정비단,2024-09-25,2024-12-16,82
EST_07514,농구대,2,1184000,그린플레이,2024-09-26,2024-11-19,54
EST_07515,축구골대,1,514000,동화조경,2024-09-26,2024-11-03,38
EST_07516,미끄럼틀,1,1241000,제일테크,2024-09-26,2024-11-11,46
EST_07517,트랜치,2,114000,대명시설관리,2024-09-26,2024-10-13,17
EST_07518,달리기,3,3138000,중앙산업,2024-09-26,2024-12-20,85
EST_07519,가로수보호덮개,2,255000,중앙건설,2024-09-26,2024-10-13,17
EST_07520,미끄럼틀,2,2721000,동화토목,2024-09-26,2024-12-08,73
EST_07521,보호시설물무단횡단방지시설,1,107000,중앙안전,2024-09-26,2024-10-18,22
EST_07522,그네,2,1115000,제일조경,2024-09-27,2024-12-21,85
EST_07523,보차도경계석,2,71000,대명산업,2024-09-27,2024-10-23,26
EST_07524,보호시설물무단횡단방지시설,2,208000,중앙산업,2024-09-28,2024-10-31,33
EST_07525,맨홀,1,302000,태영건설,2024-09-28,2024-10-20,22
EST_07526,트랜치,1,51000,한성시설관리,2024-09-28,2024-10-09,11
EST_07527,점자블록,3,71000,동화토목,2024-09-28,2024-11-10,43
EST_07528,보도블록,2,34000,한성건설,2024-09-28,2024-10-17,19
EST_07529,트랜치,3,239000,중앙건설,2024-09-29,2024-11-08,40
EST_07530,보호펜스,2,87000,한성안전,2024-09-29,2024-11-12,44
EST_07531,보도블록,2,23000,대명산업,2024-09-30,2024-10-18,18
EST_07532,점자블록,1,15000,신세계토목,2024-09-30,2024-10-12,12
EST_07533,보호펜스,2,110000,동화조경,2024-09-30,2024-11-08,39
EST_07534,보호펜스,3,207000,태영테크,2024-09-30,2024-12-06,67
EST_07535,맨홀,1,246000,미래시설관리,2024-09-30,2024-10-24,24
EST_07536,보호펜스,2,108000,제일토목,2024-09-30,2024-11-11,42
EST_07537,보차도경계석,3,116000,대명테크,2024-09-30,2024-11-08,39
EST_07538,농구대,1,451000,대명시설관리,2024-09-30,2024-10-25,25
EST_07539,맨홀,2,647000,한성산업,2024-10-01,2024-11-09,39
EST_07540,가로수보호덮개,2,258000,신세계시스템,2024-10-01,2024-10-16,15
EST_07541,미끄럼틀,1,866000,우신조경,2024-10-01,2024-11-28,58
EST_07542,보도블록,3,65000,대명건설,2024-10-01,2024-10-29,28
EST_07543,가로수보호덮개,2,172000,중앙테크,2024-10-02,2024-10-18,16
EST_07544,등받이없는벤치,2,274000,국토개발,2024-10-02,2024-10-26,24
EST_07545,보호시설물무단횡단방지시설,3,475000,미래시스템,2024-10-02,2024-12-17,76
EST_07546,달리기,3,3048000,에코시설,2024-10-02,2024-12-20,79
EST_07547,등받이있는벤치,3,662000,중앙안전,2024-10-03,2024-11-11,39
EST_07548,등받이없는벤치,3,475000,태영안전,2024-10-03,2024-11-28,56
EST_07549,보호펜스,1,33000,신세계테크,2024-10-04,2024-10-25,21
EST_07550,미끄럼틀,2,2448000,대명산업,2024-10-04,2024-12-18,75
EST_07551,등받이없는벤치,1,89000,우신조경,2024-10-04,2024-10-20,16
EST_07552,농구대,1,401000,신세계조경,2024-10-05,2024-10-30,25
EST_07553,보호시설물볼라드,1,46000,한성토목,2024-10-05,2024-10-20,15
EST_07554,보호시설물볼라드,3,331000,대명산업,2024-10-05,2024-12-02,58
EST_07555,축구골대,1,1048000,미래시설관리,2024-10-06,2024-11-05,30
EST_07556,보호시설물볼라드,1,73000,현대시스템,2024-10-06,2024-10-20,14
EST_07557,보호시설물볼라드,3,276000,신세계조경,2024-10-06,2024-11-23,48
EST_07558,맨홀,3,834000,제일조경,2024-10-07,2024-12-07,61
EST_07559,그네,3,2032000,제일토목,2024-10-07,2025-04-23,198
EST_07560,보호펜스,2,115000,중앙건설,2024-10-07,2024-11-08,32
EST_07561,맨홀,1,174000,신세계토목,2024-10-07,2024-11-01,25
EST_07562,보호시설물무단횡단방지시설,1,79000,대명테크,2024-10-08,2024-11-03,26
EST_07563,보호펜스,1,33000,제일조경,2024-10-08,2024-11-03,26
EST_07564,가로수보호덮개,3,513000,한성토목,2024-10-08,2024-11-05,28
EST_07565,농구대,1,260000,국토개발,2024-10-08,2024-11-04,27
EST_07566,보호펜스,3,195000,미래시스템,2024-10-08,2024-12-26,79
EST_07567,보도블록,1,9000,한성건설,2024-10-08,2024-10-20,12
EST_07568,등받이없는벤치,3,499000,미래시설관리,2024-10-09,2024-12-01,53
EST_07569,맨홀,1,224000,신세계건설,2024-10-09,2024-11-02,24
EST_07570,등받이없는벤치,3,434000,대명테크,2024-10-09,2024-11-20,42
EST_07571,등받이없는벤치,2,303000,대명산업,2024-10-10,2024-11-06,27
EST_07572,가로수보호덮개,2,250000,미래토목,2024-10-10,2024-10-29,19
EST_07573,보호펜스,2,94000,중앙테크,2024-10-10,2024-11-17,38
EST_07574,그네,1,438000,신세계토목,2024-10-11,2024-11-29,49
EST_07575,등받이있는벤치,1,156000,중앙산업,2024-10-11,2024-10-25,14
EST_07576,트랜치,1,66000,제일산업,2024-10-11,2024-10-23,12
EST_07577,트랜치,1,34000,제일안전,2024-10-11,2024-10-23,12
EST_07578,미끄럼틀,1,831000,중앙토목,2024-10-12,2024-12-07,56
EST_07579,보호시설물볼라드,3,231000,대명건설,2024-10-13,2024-12-06,54
EST_07580,미끄럼틀,2,2812000,동화테크,2024-10-13,2024-12-22,70
EST_07581,점자블록,1,23000,신세계토목,2024-10-13,2024-10-23,10
EST_07582,보도블록,2,24000,제일산업,2024-10-13,2024-10-28,15
EST_07583,축구골대,2,1557000,도시정비단,2024-10-14,2024-12-14,61
EST_07584,보호펜스,2,118000,우신테크,2024-10-14,2024-11-24,41
EST_07585,보호시설물볼라드,1,43000,한성토목,2024-10-14,2024-10-28,14
EST_07586,보호시설물볼라드,1,70000,한성안전,2024-10-15,2024-11-01,17
EST_07587,등받이없는벤치,1,147000,대명시설관리,2024-10-15,2024-10-30,15
EST_07588,점자블록,3,85000,에코시설,2024-10-15,2024-11-22,38
EST_07589,보차도경계석,1,26000,우신산업,2024-10-15,2024-11-01,17
EST_07590,트랜치,1,44000,동화시스템,2024-10-15,2024-10-27,12
EST_07591,보호시설물무단횡단방지시설,1,131000,제일안전,2024-10-15,2024-11-09,25
EST_07592,그네,1,581000,대명테크,2024-10-16,2024-12-11,56
EST_07593,미끄럼틀,2,1773000,미래안전,2024-10-16,2025-01-03,79
EST_07594,보호시설물무단횡단방지시설,3,444000,중앙건설,2024-10-16,2025-01-14,90
EST_07595,점자블록,3,91000,신세계시설관리,2024-10-16,2024-11-24,39
EST_07596,가로수보호덮개,1,120000,미래시스템,2024-10-17,2024-10-28,11
EST_07597,등받이있는벤치,2,380000,신세계테크,2024-10-17,2024-11-11,25
EST_07598,보호시설물무단횡단방지시설,1,133000,우신테크,2024-10-17,2024-11-09,23
EST_07599,미끄럼틀,3,4912000,중앙건설,2024-10-17,2025-02-24,130
EST_07600,등받이없는벤치,1,100000,제일테크,2024-10-17,2024-11-02,16
EST_07601,맨홀,3,890000,미래시스템,2024-10-17,2024-12-27,71
EST_07602,축구골대,3,3042000,중앙안전,2024-10-17,2025-02-24,130
EST_07603,미끄럼틀,2,2565000,한성토목,2024-10-18,2025-01-13,87
EST_07604,보도블록,2,36000,도시정비단,2024-10-19,2024-11-05,17
EST_07605,미끄럼틀,1,1298000,우신테크,2024-10-19,2024-12-03,45
EST_07606,보호시설물무단횡단방지시설,1,71000,동화시스템,2024-10-20,2024-11-12,23
EST_07607,맨홀,3,933000,국토개발,2024-10-20,2024-12-19,60
EST_07608,농구대,2,967000,신세계조경,2024-10-20,2024-12-08,49
EST_07609,그네,2,1260000,중앙산업,2024-10-20,2025-01-20,92
EST_07610,보차도경계석,1,31000,국토개발,2024-10-20,2024-11-03,14
EST_07611,달리기,2,1727000,신세계건설,2024-10-20,2024-12-13,54
EST_07612,점자블록,2,53000,우신조경,2024-10-21,2024-11-10,20
EST_07613,점자블록,2,41000,동화시스템,2024-10-21,2024-11-05,15
EST_07614,보호펜스,2,99000,동화조경,2024-10-21,2024-11-28,38
EST_07615,등받이있는벤치,2,378000,신세계조경,2024-10-21,2024-11-17,27
EST_07616,보호시설물무단횡단방지시설,2,237000,대명산업,2024-10-22,2024-11-30,39
EST_07617,보호시설물무단횡단방지시설,2,297000,대명산업,2024-10-22,2024-11-23,32
EST_07618,보호시설물무단횡단방지시설,2,260000,중앙안전,2024-10-22,2024-11-25,34
EST_07619,보차도경계석,2,66000,도시정비단,2024-10-22,2024-11-13,22
EST_07620,등받이있는벤치,2,474000,신세계토목,2024-10-22,2024-11-19,28
EST_07621,보도블록,3,55000,한성건설,2024-10-23,2024-12-04,42
EST_07622,달리기,1,449000,현대시스템,2024-10-23,2024-11-28,36
EST_07623,등받이있는벤치,3,879000,신세계시스템,2024-10-23,2024-12-17,55
EST_07624,보차도경계석,1,42000,대명안전,2024-10-23,2024-11-07,15
EST_07625,점자블록,3,104000,제일안전,2024-10-23,2024-11-22,30
EST_07626,트랜치,2,145000,태영안전,2024-10-23,2024-11-12,20
EST_07627,보도블록,3,66000,신세계시설관리,2024-10-24,2024-12-05,42
EST_07628,맨홀,1,263000,한성토목,2024-10-24,2024-11-17,24
EST_07629,등받이있는벤치,2,361000,신세계토목,2024-10-24,2024-11-16,23
EST_07630,보호펜스,1,47000,중앙산업,2024-10-24,2024-11-18,25
EST_07631,점자블록,3,72000,대명건설,2024-10-24,2024-12-07,44
EST_07632,그네,3,1851000,동화토목,2024-10-24,2025-04-10,168
EST_07633,미끄럼틀,2,2370000,태영테크,2024-10-24,2025-01-04,72
EST_07634,보호펜스,2,97000,미래시설관리,2024-10-24,2024-11-30,37
EST_07635,보도블록,1,12000,한성토목,2024-10-24,2024-11-04,11
EST_07636,보호시설물볼라드,2,155000,신세계건설,2024-10-24,2024-11-14,21
EST_07637,달리기,2,1170000,현대시스템,2024-10-24,2024-12-12,49
EST_07638,보호시설물볼라드,1,66000,도시정비단,2024-10-24,2024-11-10,17
EST_07639,등받이없는벤치,2,309000,제일조경,2024-10-24,2024-11-16,23
EST_07640,그네,1,633000,제일토목,2024-10-25,2024-12-16,52
EST_07641,보호시설물무단횡단방지시설,1,78000,한성안전,2024-10-25,2024-11-15,21
EST_07642,축구골대,2,1578000,에코시설,2024-10-25,2024-12-20,56
EST_07643,등받이없는벤치,3,626000,대명건설,2024-10-25,2024-12-15,51
EST_07644,보호시설물볼라드,1,65000,태영안전,2024-10-25,2024-11-12,18
EST_07645,보호시설물무단횡단방지시설,2,229000,중앙테크,2024-10-25,2024-11-30,36
EST_07646,보도블록,3,48000,중앙건설,2024-10-25,2024-11-26,32
EST_07647,점자블록,3,75000,우신산업,2024-10-25,2024-11-23,29
EST_07648,보호시설물무단횡단방지시설,2,212000,태영건설,2024-10-26,2024-12-05,40
EST_07649,트랜치,3,189000,미래시설관리,2024-10-26,2024-12-08,43
EST_07650,보호시설물볼라드,2,116000,동화시설관리,2024-10-26,2024-11-22,27
EST_07651,가로수보호덮개,2,185000,신세계시설관리,2024-10-26,2024-11-15,20
EST_07652,축구골대,3,4449000,제일산업,2024-10-26,2025-02-07,104
EST_07653,등받이없는벤치,3,638000,동화시설관리,2024-10-26,2024-12-01,36
EST_07654,트랜치,2,147000,동화시스템,2024-10-26,2024-11-14,19
EST_07655,맨홀,2,563000,우신조경,2024-10-27,2024-12-05,39
EST_07656,미끄럼틀,2,2716000,태영건설,2024-10-27,2025-01-10,75
EST_07657,보도블록,3,66000,한성건설,2024-10-27,2024-11-22,26
EST_07658,그네,3,2305000,미래안전,2024-10-27,2025-03-03,127
EST_07659,축구골대,1,1027000,현대건설,2024-10-27,2024-12-04,38
EST_07660,맨홀,1,276000,현대건설,2024-10-28,2024-11-22,25
EST_07661,그네,3,2542000,신세계시스템,2024-10-28,2025-04-13,167
EST_07662,보호펜스,1,52000,신세계안전,2024-10-28,2024-11-23,26
EST_07663,달리기,1,523000,에코시설,2024-10-28,2024-12-05,38
EST_07664,미끄럼틀,1,1009000,태영테크,2024-10-29,2024-12-23,55
EST_07665,보차도경계석,1,28000,신세계시설관리,2024-10-29,2024-11-16,18
EST_07666,보호펜스,3,245000,중앙안전,2024-10-29,2024-12-26,58
EST_07667,그네,3,2538000,동화토목,2024-10-30,2025-05-12,194
EST_07668,농구대,3,1612000,한성시설관리,2024-10-30,2025-02-10,103
EST_07669,농구대,3,2424000,중앙토목,2024-10-30,2025-02-07,100
EST_07670,미끄럼틀,3,3628000,신세계시설관리,2024-10-30,2025-04-16,168
EST_07671,농구대,1,484000,중앙산업,2024-10-30,2024-11-25,26
EST_07672,달리기,3,2558000,중앙산업,2024-10-31,2025-01-25,86
EST_07673,등받이있는벤치,3,802000,신세계시설관리,2024-10-31,2024-12-28,58
EST_07674,미끄럼틀,1,881000,국토개발,2024-10-31,2024-12-19,49
EST_07675,가로수보호덮개,1,74000,미래안전,2024-10-31,2024-11-12,12
EST_07676,미끄럼틀,3,5084000,현대시스템,2024-11-01,2025-05-12,192
EST_07677,보도블록,3,53000,우신시설관리,2024-11-01,2024-12-08,37
EST_07678,보호시설물볼라드,3,215000,미래안전,2024-11-01,2024-12-12,41
EST_07679,등받이없는벤치,1,165000,우신조경,2024-11-02,2024-11-18,16
EST_07680,농구대,2,1097000,우신조경,2024-11-02,2024-12-11,39
EST_07681,등받이없는벤치,1,106000,동화테크,2024-11-02,2024-11-16,14
EST_07682,축구골대,3,4472000,미래시설관리,2024-11-02,2025-02-01,91
EST_07683,등받이있는벤치,1,138000,도시정비단,2024-11-02,2024-11-16,14
EST_07684,미끄럼틀,2,2583000,신세계건설,2024-11-03,2025-01-18,76
EST_07685,맨홀,3,1245000,제일조경,2024-11-04,2025-01-03,60
EST_07686,달리기,1,373000,동화시스템,2024-11-04,2024-12-09,35
EST_07687,축구골대,2,1984000,에코시설,2024-11-04,2025-01-03,60
EST_07688,축구골대,3,3628000,중앙건설,2024-11-04,2025-02-20,108
EST_07689,보호시설물볼라드,2,169000,신세계토목,2024-11-05,2024-11-27,22
EST_07690,보차도경계석,1,40000,현대시스템,2024-11-05,2024-11-22,17
EST_07691,맨홀,3,1176000,우신테크,2024-11-05,2025-01-28,84
EST_07692,가로수보호덮개,3,476000,현대시스템,2024-11-05,2024-12-02,27
EST_07693,점자블록,3,69000,신세계조경,2024-11-05,2024-12-18,43
EST_07694,보도블록,1,17000,신세계안전,2024-11-05,2024-11-15,10
EST_07695,달리기,3,3079000,대명건설,2024-11-05,2025-01-30,86
EST_07696,달리기,3,3570000,제일토목,2024-11-06,2025-01-31,86
EST_07697,점자블록,2,51000,도시정비단,2024-11-06,2024-11-21,15
EST_07698,보차도경계석,3,173000,미래안전,2024-11-06,2024-12-30,54
EST_07699,보호시설물무단횡단방지시설,2,299000,동화테크,2024-11-06,2024-12-18,42
EST_07700,보도블록,1,17000,우신테크,2024-11-06,2024-11-16,10
EST_07701,트랜치,3,292000,미래시스템,2024-11-07,2024-12-15,38
EST_07702,보호펜스,3,241000,미래토목,2024-11-07,2025-01-17,71
EST_07703,보차도경계석,3,158000,그린플레이,2024-11-07,2024-12-25,48
EST_07704,보차도경계석,1,19000,한성토목,2024-11-07,2024-11-21,14
EST_07705,달리기,2,1661000,한성토목,2024-11-08,2024-12-30,52
EST_07706,가로수보호덮개,1,69000,신세계시스템,2024-11-08,2024-11-18,10
EST_07707,등받이없는벤치,2,286000,미래토목,2024-11-08,2024-12-06,28
EST_07708,등받이없는벤치,2,241000,제일토목,2024-11-08,2024-11-29,21
EST_07709,점자블록,3,101000,신세계시스템,2024-11-08,2024-12-14,36
EST_07710,등받이없는벤치,3,513000,신세계시설관리,2024-11-08,2024-12-31,53
EST_07711,달리기,1,847000,제일산업,2024-11-09,2024-12-11,32
EST_07712,미끄럼틀,2,1987000,신세계토목,2024-11-09,2025-02-01,84
EST_07713,트랜치,3,207000,도시정비단,2024-11-10,2024-12-23,43
EST_07714,등받이있는벤치,2,328000,미래안전,2024-11-10,2024-12-04,24
EST_07715,달리기,2,1745000,신세계안전,2024-11-10,2024-12-29,49
EST_07716,보호시설물무단횡단방지시설,1,71000,우신조경,2024-11-10,2024-12-02,22
EST_07717,맨홀,2,611000,제일안전,2024-11-12,2024-12-14,32
EST_07718,보호시설물볼라드,2,176000,미래토목,2024-11-12,2024-12-07,25
EST_07719,달리기,3,2732000,미래토목,2024-11-12,2025-02-25,105
EST_07720,보호펜스,3,233000,태영건설,2024-11-12,2025-01-29,78
EST_07721,맨홀,2,443000,제일조경,2024-11-12,2024-12-15,33
EST_07722,보도블록,1,14000,에코시설,2024-11-12,2024-11-22,10
EST_07723,농구대,1,425000,동화테크,2024-11-12,2024-12-08,26
EST_07724,맨홀,2,545000,동화시설관리,2024-11-13,2024-12-19,36
EST_07725,그네,1,392000,제일산업,2024-11-13,2025-01-10,58
EST_07726,맨홀,3,1329000,제일토목,2024-11-14,2025-01-28,75
EST_07727,달리기,3,3333000,신세계안전,2024-11-14,2025-02-18,96
EST_07728,보호펜스,1,40000,한성토목,2024-11-14,2024-12-07,23
EST_07729,점자블록,2,42000,동화테크,2024-11-15,2024-12-03,18
EST_07730,등받이있는벤치,2,438000,한성산업,2024-11-15,2024-12-10,25
EST_07731,등받이없는벤치,2,295000,미래토목,2024-11-15,2024-12-12,27
EST_07732,축구골대,2,1837000,그린플레이,2024-11-15,2025-01-19,65
EST_07733,가로수보호덮개,3,519000,우신시설관리,2024-11-16,2024-12-13,27
EST_07734,맨홀,3,911000,미래시스템,2024-11-16,2025-01-07,52
EST_07735,그네,1,375000,동화시스템,2024-11-16,2025-01-01,46
EST_07736,보도블록,1,13000,신세계시스템,2024-11-17,2024-11-29,12
EST_07737,보호펜스,1,47000,대명시설관리,2024-11-17,2024-12-08,21
EST_07738,그네,3,2857000,미래안전,2024-11-17,2025-06-01,196
EST_07739,가로수보호덮개,3,412000,대명산업,2024-11-17,2024-12-27,40
EST_07740,그네,2,1040000,태영테크,2024-11-18,2025-02-21,95
EST_07741,보호시설물무단횡단방지시설,3,394000,미래안전,2024-11-18,2025-01-21,64
EST_07742,그네,3,2427000,제일테크,2024-11-19,2025-04-28,160
EST_07743,농구대,2,1027000,신세계토목,2024-11-19,2025-01-04,46
EST_07744,등받이없는벤치,1,80000,신세계테크,2024-11-19,2024-12-04,15
EST_07745,맨홀,2,685000,미래토목,2024-11-19,2025-01-01,43
EST_07746,점자블록,2,50000,동화조경,2024-11-19,2024-12-09,20
EST_07747,등받이없는벤치,2,342000,대명시설관리,2024-11-20,2024-12-15,25
EST_07748,농구대,1,452000,미래안전,2024-11-20,2024-12-21,31
EST_07749,보도블록,3,49000,우신테크,2024-11-20,2024-12-15,25
EST_07750,맨홀,1,201000,동화조경,2024-11-20,2024-12-15,25
EST_07751,보호시설물무단횡단방지시설,2,249000,대명시설관리,2024-11-20,2025-01-05,46
EST_07752,보호시설물무단횡단방지시설,1,129000,우신시설관리,2024-11-20,2024-12-13,23
EST_07753,보도블록,1,8000,대명테크,2024-11-20,2024-12-02,12
EST_07754,보호시설물무단횡단방지시설,3,531000,우신산업,2024-11-21,2025-01-20,60
EST_07755,점자블록,1,18000,에코시설,2024-11-21,2024-12-01,10
EST_07756,가로수보호덮개,2,187000,대명시설관리,2024-11-21,2024-12-07,16
EST_07757,가로수보호덮개,3,480000,우신시설관리,2024-11-21,2024-12-21,30
EST_07758,등받이없는벤치,2,348000,미래시스템,2024-11-21,2024-12-18,27
EST_07759,달리기,1,822000,동화조경,2024-11-21,2024-12-28,37
EST_07760,보호시설물볼라드,2,167000,현대시스템,2024-11-21,2024-12-19,28
EST_07761,보호시설물볼라드,1,80000,동화토목,2024-11-21,2024-12-08,17
EST_07762,축구골대,3,4410000,동화테크,2024-11-22,2025-03-14,112
EST_07763,보호시설물무단횡단방지시설,2,205000,한성건설,2024-11-22,2025-01-03,42
EST_07764,축구골대,3,3729000,우신조경,2024-11-22,2025-03-13,111
EST_07765,등받이없는벤치,2,267000,제일조경,2024-11-23,2024-12-15,22
EST_07766,보호시설물무단횡단방지시설,1,89000,현대시스템,2024-11-23,2024-12-17,24
EST_07767,그네,2,968000,태영안전,2024-11-23,2025-02-21,90
EST_07768,등받이없는벤치,3,651000,한성토목,2024-11-23,2024-12-30,37
EST_07769,보호펜스,2,134000,동화테크,2024-11-23,2024-12-29,36
EST_07770,트랜치,1,43000,한성건설,2024-11-23,2024-12-05,12
EST_07771,보차도경계석,2,74000,중앙산업,2024-11-23,2024-12-21,28
EST_07772,보호시설물볼라드,2,151000,한성시설관리,2024-11-24,2024-12-15,21
EST_07773,맨홀,2,669000,신세계조경,2024-11-24,2024-12-30,36
EST_07774,농구대,3,2299000,우신시설관리,2024-11-24,2025-02-27,95
EST_07775,트랜치,1,42000,한성건설,2024-11-25,2024-12-07,12
EST_07776,그네,1,329000,도시정비단,2024-11-25,2025-01-09,45
EST_07777,보차도경계석,1,23000,에코시설,2024-11-25,2024-12-13,18
EST_07778,보호펜스,2,125000,대명산업,2024-11-25,2024-12-30,35
EST_07779,보호시설물무단횡단방지시설,2,197000,한성시설관리,2024-11-25,2025-01-03,39
EST_07780,맨홀,1,267000,도시정비단,2024-11-25,2024-12-16,21
EST_07781,농구대,3,1689000,한성산업,2024-11-26,2025-02-28,94
EST_07782,점자블록,3,101000,에코시설,2024-11-26,2025-01-01,36
EST_07783,보호시설물무단횡단방지시설,1,137000,도시정비단,2024-11-26,2024-12-18,22
EST_07784,점자블록,2,40000,신세계시설관리,2024-11-26,2024-12-13,17
EST_07785,보호시설물무단횡단방지시설,2,285000,중앙안전,2024-11-26,2025-01-05,40
EST_07786,트랜치,2,122000,신세계테크,2024-11-26,2024-12-14,18
EST_07787,점자블록,2,52000,제일토목,2024-11-26,2024-12-15,19
EST_07788,등받이없는벤치,3,600000,제일산업,2024-11-26,2025-01-15,50
EST_07789,보차도경계석,1,18000,대명시설관리,2024-11-27,2024-12-13,16
EST_07790,등받이있는벤치,3,905000,현대건설,2024-11-27,2025-01-25,59
EST_07791,트랜치,2,111000,우신시설관리,2024-11-28,2024-12-19,21
EST_07792,보차도경계석,1,26000,그린플레이,2024-11-28,2024-12-15,17
EST_07793,맨홀,3,1162000,한성토목,2024-11-28,2025-02-16,80
EST_07794,보호시설물볼라드,2,113000,우신테크,2024-11-29,2024-12-27,28
EST_07795,보도블록,3,59000,중앙테크,2024-11-29,2025-01-02,34
EST_07796,등받이없는벤치,2,254000,동화조경,2024-11-29,2024-12-27,28
EST_07797,가로수보호덮개,2,177000,제일토목,2024-11-29,2024-12-16,17
EST_07798,농구대,1,329000,한성산업,2024-11-29,2024-12-28,29
EST_07799,트랜치,2,134000,한성산업,2024-11-30,2024-12-19,19
EST_07800,보차도경계석,1,33000,우신시설관리,2024-11-30,2024-12-15,15
EST_07801,맨홀,1,166000,신세계테크,2024-11-30,2024-12-20,20
EST_07802,등받이없는벤치,2,298000,우신조경,2024-11-30,2024-12-21,21
EST_07803,등받이있는벤치,2,482000,동화테크,2024-11-30,2024-12-29,29
EST_07804,보차도경계석,2,62000,한성토목,2024-11-30,2024-12-28,28
EST_07805,점자블록,1,20000,제일테크,2024-12-01,2024-12-12,11
EST_07806,등받이없는벤치,3,444000,우신시설관리,2024-12-01,2025-01-31,61
EST_07807,보호펜스,2,96000,신세계시설관리,2024-12-01,2025-01-10,40
EST_07808,트랜치,1,63000,우신테크,2024-12-02,2024-12-14,12
EST_07809,가로수보호덮개,3,338000,태영건설,2024-12-02,2025-01-07,36
EST_07810,미끄럼틀,3,5141000,국토개발,2024-12-02,2025-05-05,154
EST_07811,등받이없는벤치,2,266000,동화테크,2024-12-03,2024-12-27,24
EST_07812,축구골대,2,1451000,대명건설,2024-12-03,2025-01-18,46
EST_07813,보호시설물볼라드,1,38000,한성안전,2024-12-04,2024-12-20,16
EST_07814,보도블록,3,58000,한성안전,2024-12-04,2024-12-29,25
EST_07815,보호펜스,2,91000,동화토목,2024-12-04,2025-01-09,36
EST_07816,트랜치,3,273000,제일테크,2024-12-05,2025-01-02,28
EST_07817,등받이있는벤치,3,865000,한성산업,2024-12-05,2025-01-31,57
EST_07818,축구골대,1,1029000,한성시설관리,2024-12-05,2025-01-11,37
EST_07819,보호시설물볼라드,1,51000,동화시스템,2024-12-05,2024-12-20,15
EST_07820,보차도경계석,2,73000,에코시설,2024-12-06,2025-01-04,29
EST_07821,보도블록,2,35000,태영건설,2024-12-06,2024-12-21,15
EST_07822,보호펜스,1,45000,도시정비단,2024-12-06,2024-12-29,23
EST_07823,맨홀,2,668000,신세계건설,2024-12-06,2025-01-09,34
EST_07824,맨홀,1,166000,제일산업,2024-12-07,2025-01-01,25
EST_07825,그네,3,1848000,제일토목,2024-12-07,2025-05-09,153
EST_07826,등받이있는벤치,3,903000,동화시스템,2024-12-07,2025-01-31,55
EST_07827,농구대,2,1018000,제일토목,2024-12-07,2025-01-17,41
EST_07828,등받이있는벤치,1,103000,신세계시설관리,2024-12-07,2024-12-23,16
EST_07829,보호시설물볼라드,3,286000,한성건설,2024-12-08,2025-01-20,43
EST_07830,그네,2,1085000,대명안전,2024-12-08,2025-03-11,93
EST_07831,미끄럼틀,3,4619000,동화시설관리,2024-12-09,2025-04-26,138
EST_07832,점자블록,1,16000,중앙건설,2024-12-09,2024-12-21,12
EST_07833,보차도경계석,2,73000,중앙건설,2024-12-09,2025-01-07,29
EST_07834,농구대,2,1201000,미래시스템,2024-12-10,2025-01-28,49
EST_07835,맨홀,3,1071000,현대건설,2024-12-11,2025-02-05,56
EST_07836,그네,2,1348000,현대시스템,2024-12-11,2025-02-27,78
EST_07837,농구대,1,506000,신세계시설관리,2024-12-11,2025-01-10,30
EST_07838,보호시설물무단횡단방지시설,3,532000,태영안전,2024-12-11,2025-02-01,52
EST_07839,축구골대,1,1056000,중앙토목,2024-12-12,2025-01-13,32
EST_07840,농구대,1,325000,동화시설관리,2024-12-13,2025-01-13,31
EST_07841,가로수보호덮개,3,475000,제일테크,2024-12-13,2025-01-17,35
EST_07842,보차도경계석,3,165000,한성산업,2024-12-13,2025-01-28,46
EST_07843,보호펜스,2,124000,한성안전,2024-12-13,2025-01-20,38
EST_07844,점자블록,1,24000,국토개발,2024-12-13,2024-12-23,10
EST_07845,가로수보호덮개,3,385000,신세계조경,2024-12-14,2025-01-25,42
EST_07846,보도블록,1,15000,우신테크,2024-12-14,2024-12-25,11
EST_07847,보호시설물볼라드,3,291000,우신테크,2024-12-14,2025-01-22,39
EST_07848,보도블록,3,49000,동화시설관리,2024-12-14,2025-01-23,40
EST_07849,보호시설물무단횡단방지시설,1,117000,중앙토목,2024-12-15,2025-01-10,26
EST_07850,맨홀,3,840000,태영테크,2024-12-15,2025-03-13,88
EST_07851,보호펜스,1,51000,우신테크,2024-12-15,2025-01-05,21
EST_07852,미끄럼틀,3,3883000,제일시설관리,2024-12-15,2025-06-06,173
EST_07853,축구골대,1,813000,동화조경,2024-12-16,2025-01-17,32
EST_07854,트랜치,2,145000,중앙산업,2024-12-16,2025-01-01,16
EST_07855,달리기,3,2859000,태영안전,2024-12-16,2025-04-12,117
EST_07856,가로수보호덮개,3,350000,우신산업,2024-12-16,2025-01-14,29
EST_07857,미끄럼틀,2,2388000,신세계시스템,2024-12-17,2025-03-13,86
EST_07858,미끄럼틀,3,3609000,태영건설,2024-12-17,2025-04-30,134
EST_07859,보호펜스,1,35000,동화시스템,2024-12-17,2025-01-10,24
EST_07860,보호시설물무단횡단방지시설,3,431000,한성토목,2024-12-17,2025-03-18,91
EST_07861,등받이없는벤치,2,221000,신세계안전,2024-12-17,2025-01-09,23
EST_07862,보호시설물볼라드,2,171000,국토개발,2024-12-17,2025-01-12,26
EST_07863,트랜치,3,290000,국토개발,2024-12-17,2025-01-15,29
EST_07864,점자블록,2,48000,동화토목,2024-12-18,2025-01-05,18
EST_07865,점자블록,3,75000,중앙산업,2024-12-18,2025-01-21,34
EST_07866,축구골대,3,3072000,우신산업,2024-12-18,2025-04-17,120
EST_07867,보차도경계석,1,40000,미래시설관리,2024-12-19,2025-01-02,14
EST_07868,보차도경계석,3,163000,동화조경,2024-12-19,2025-02-14,57
EST_07869,보호시설물무단횡단방지시설,1,139000,우신시설관리,2024-12-19,2025-01-14,26
EST_07870,점자블록,1,20000,제일토목,2024-12-19,2024-12-29,10
EST_07871,가로수보호덮개,2,267000,동화조경,2024-12-19,2025-01-07,19
EST_07872,등받이있는벤치,3,790000,한성안전,2024-12-20,2025-02-14,56
EST_07873,보호펜스,2,98000,중앙건설,2024-12-20,2025-01-20,31
EST_07874,점자블록,2,36000,한성토목,2024-12-20,2025-01-05,16
EST_07875,보호시설물볼라드,1,77000,현대시스템,2024-12-21,2025-01-06,16
EST_07876,달리기,1,472000,미래시설관리,2024-12-21,2025-01-28,38
EST_07877,등받이없는벤치,1,130000,동화조경,2024-12-21,2025-01-06,16
EST_07878,가로수보호덮개,3,426000,대명산업,2024-12-21,2025-01-31,41
EST_07879,맨홀,1,157000,미래시스템,2024-12-22,2025-01-14,23
EST_07880,미끄럼틀,1,892000,제일조경,2024-12-22,2025-02-15,55
EST_07881,보호펜스,3,195000,제일테크,2024-12-22,2025-03-20,88
EST_07882,축구골대,2,1672000,신세계안전,2024-12-22,2025-02-16,56
EST_07883,보도블록,3,67000,미래시스템,2024-12-22,2025-01-16,25
EST_07884,농구대,3,2373000,대명산업,2024-12-22,2025-03-17,85
EST_07885,가로수보호덮개,1,111000,한성시설관리,2024-12-22,2025-01-02,11
EST_07886,보호펜스,3,251000,중앙테크,2024-12-22,2025-03-24,92
EST_07887,점자블록,2,46000,제일산업,2024-12-23,2025-01-12,20
EST_07888,등받이있는벤치,1,136000,미래시스템,2024-12-23,2025-01-08,16
EST_07889,맨홀,1,152000,대명산업,2024-12-23,2025-01-14,22
EST_07890,점자블록,3,101000,동화시스템,2024-12-24,2025-01-18,25
EST_07891,보호시설물무단횡단방지시설,3,416000,중앙테크,2024-12-24,2025-02-21,59
EST_07892,그네,1,387000,동화시설관리,2024-12-24,2025-02-13,51
EST_07893,보도블록,2,23000,신세계테크,2024-12-25,2025-01-13,19
EST_07894,보호펜스,1,61000,중앙안전,2024-12-25,2025-01-18,24
EST_07895,트랜치,1,48000,동화시설관리,2024-12-25,2025-01-06,12
EST_07896,보도블록,3,61000,신세계토목,2024-12-25,2025-01-26,32
EST_07897,점자블록,2,41000,미래토목,2024-12-26,2025-01-15,20
EST_07898,가로수보호덮개,3,485000,신세계조경,2024-12-26,2025-01-21,26
EST_07899,점자블록,1,13000,중앙건설,2024-12-27,2025-01-07,11
EST_07900,보호시설물볼라드,3,291000,대명안전,2024-12-27,2025-02-09,44
EST_07901,맨홀,2,686000,대명안전,2024-12-27,2025-01-27,31
EST_07902,보호시설물볼라드,3,290000,미래토목,2024-12-27,2025-02-12,47
EST_07903,보차도경계석,1,26000,태영테크,2024-12-27,2025-01-13,17
EST_07904,보호펜스,1,49000,국토개발,2024-12-27,2025-01-22,26
EST_07905,가로수보호덮개,2,245000,국토개발,2024-12-27,2025-01-13,17
EST_07906,그네,2,1080000,대명안전,2024-12-27,2025-03-24,87
EST_07907,트랜치,3,237000,동화테크,2024-12-27,2025-02-06,41
EST_07908,맨홀,1,257000,신세계안전,2024-12-27,2025-01-21,25
EST_07909,보차도경계석,1,31000,신세계시설관리,2024-12-28,2025-01-13,16
EST_07910,등받이있는벤치,2,304000,미래시스템,2024-12-28,2025-01-21,24
EST_07911,보호시설물볼라드,1,76000,신세계시스템,2024-12-28,2025-01-13,16
EST_07912,트랜치,1,47000,신세계안전,2024-12-28,2025-01-08,11
EST_07913,트랜치,2,132000,우신산업,2024-12-29,2025-01-16,18
EST_07914,보호펜스,1,37000,동화테크,2024-12-29,2025-01-21,23
EST_07915,맨홀,2,571000,에코시설,2024-12-29,2025-02-05,38
EST_07916,가로수보호덮개,2,269000,태영건설,2024-12-29,2025-01-19,21
EST_07917,가로수보호덮개,3,427000,도시정비단,2024-12-29,2025-02-10,43
EST_07918,보호펜스,2,103000,미래시설관리,2024-12-29,2025-02-11,44
EST_07919,농구대,1,418000,제일조경,2024-12-30,2025-01-25,26
EST_07920,보호시설물볼라드,2,107000,현대시스템,2024-12-30,2025-01-26,27
EST_07921,보호시설물무단횡단방지시설,2,213000,우신조경,2024-12-30,2025-02-06,38
EST_07922,맨홀,1,215000,제일조경,2024-12-30,2025-01-21,22
EST_07923,보호시설물볼라드,2,159000,태영건설,2024-12-30,2025-01-22,23
EST_07924,미끄럼틀,3,4701000,미래시스템,2024-12-30,2025-05-18,139
EST_07925,등받이없는벤치,3,559000,한성시설관리,2024-12-31,2025-02-28,59
EST_07926,맨홀,1,170000,태영건설,2025-01-01,2025-01-24,23
EST_07927,보호펜스,2,88000,현대건설,2025-01-01,2025-02-08,38
EST_07928,보호펜스,3,258000,중앙건설,2025-01-01,2025-04-03,92
EST_07929,트랜치,3,269000,중앙안전,2025-01-01,2025-02-08,38
EST_07930,농구대,1,554000,그린플레이,2025-01-01,2025-01-27,26
EST_07931,보호펜스,3,169000,우신시설관리,2025-01-02,2025-03-18,75
EST_07932,트랜치,3,255000,한성시설관리,2025-01-02,2025-01-27,25
EST_07933,트랜치,2,118000,우신조경,2025-01-02,2025-01-17,15
EST_07934,축구골대,3,3248000,국토개발,2025-01-02,2025-03-27,84
EST_07935,가로수보호덮개,2,252000,대명시설관리,2025-01-03,2025-01-21,18
EST_07936,점자블록,2,38000,태영테크,2025-01-03,2025-01-23,20
EST_07937,농구대,1,482000,신세계안전,2025-01-03,2025-02-02,30
EST_07938,달리기,2,1533000,동화토목,2025-01-04,2025-03-08,63
EST_07939,축구골대,3,4489000,제일조경,2025-01-04,2025-05-17,133
EST_07940,등받이있는벤치,3,745000,태영건설,2025-01-04,2025-03-05,60
EST_07941,보도블록,1,11000,미래시스템,2025-01-05,2025-01-16,11
EST_07942,달리기,3,3441000,신세계시설관리,2025-01-05,2025-04-07,92
EST_07943,보호시설물볼라드,3,293000,현대시스템,2025-01-06,2025-03-03,56
EST_07944,그네,1,317000,현대시스템,2025-01-06,2025-02-28,53
EST_07945,보도블록,2,31000,그린플레이,2025-01-06,2025-01-21,15
EST_07946,가로수보호덮개,3,357000,중앙건설,2025-01-06,2025-02-10,35
EST_07947,트랜치,1,35000,제일테크,2025-01-06,2025-01-16,10
EST_07948,보호시설물무단횡단방지시설,2,308000,동화조경,2025-01-06,2025-02-06,31
EST_07949,농구대,3,1672000,한성안전,2025-01-07,2025-03-25,77
EST_07950,그네,3,2665000,국토개발,2025-01-07,2025-05-19,132
EST_07951,그네,1,642000,신세계안전,2025-01-07,2025-02-24,48
EST_07952,축구골대,1,534000,대명시설관리,2025-01-07,2025-02-12,36
EST_07953,보호시설물무단횡단방지시설,2,230000,동화테크,2025-01-07,2025-02-10,34
EST_07954,보호펜스,1,64000,중앙토목,2025-01-07,2025-01-31,24
EST_07955,보차도경계석,1,36000,신세계시설관리,2025-01-07,2025-01-24,17
EST_07956,보호시설물무단횡단방지시설,3,451000,한성안전,2025-01-08,2025-03-07,58
EST_07957,그네,3,2108000,신세계토목,2025-01-08,2025-04-30,112
EST_07958,등받이없는벤치,2,301000,신세계토목,2025-01-08,2025-02-04,27
EST_07959,등받이없는벤치,3,527000,신세계시설관리,2025-01-08,2025-02-28,51
EST_07960,트랜치,3,294000,현대건설,2025-01-09,2025-02-09,31
EST_07961,등받이없는벤치,2,273000,미래토목,2025-01-09,2025-02-04,26
EST_07962,점자블록,2,53000,우신산업,2025-01-09,2025-01-25,16
EST_07963,농구대,3,1656000,도시정비단,2025-01-09,2025-04-05,86
EST_07964,달리기,2,1150000,중앙테크,2025-01-10,2025-02-25,46
EST_07965,보도블록,2,29000,한성토목,2025-01-10,2025-01-30,20
EST_07966,달리기,2,1227000,에코시설,2025-01-10,2025-03-02,51
EST_07967,트랜치,1,38000,신세계테크,2025-01-10,2025-01-22,12
EST_07968,보호펜스,1,51000,우신산업,2025-01-10,2025-02-03,24
EST_07969,맨홀,2,659000,신세계건설,2025-01-11,2025-02-20,40
EST_07970,보호시설물볼라드,2,177000,제일조경,2025-01-11,2025-02-08,28
EST_07971,맨홀,2,677000,동화토목,2025-01-11,2025-02-20,40
EST_07972,등받이있는벤치,2,421000,제일시설관리,2025-01-11,2025-02-10,30
EST_07973,보도블록,1,11000,중앙테크,2025-01-11,2025-01-21,10
EST_07974,등받이있는벤치,1,156000,제일시설관리,2025-01-11,2025-01-26,15
EST_07975,축구골대,3,3676000,현대건설,2025-01-12,2025-05-20,128
EST_07976,등받이있는벤치,1,164000,한성산업,2025-01-12,2025-01-28,16
EST_07977,보호시설물무단횡단방지시설,1,111000,중앙산업,2025-01-12,2025-02-07,26
EST_07978,달리기,3,2405000,제일안전,2025-01-12,2025-05-19,127
EST_07979,점자블록,3,89000,현대건설,2025-01-12,2025-02-17,36
EST_07980,맨홀,2,669000,미래시설관리,2025-01-12,2025-02-18,37
EST_07981,가로수보호덮개,1,113000,에코시설,2025-01-12,2025-01-22,10
EST_07982,농구대,2,1092000,미래시설관리,2025-01-13,2025-03-05,51
EST_07983,미끄럼틀,3,5200000,도시정비단,2025-01-13,2025-05-10,117
EST_07984,보도블록,1,10000,대명안전,2025-01-13,2025-01-25,12
EST_07985,보호시설물무단횡단방지시설,3,520000,중앙건설,2025-01-13,2025-04-09,86
EST_07986,보도블록,2,35000,제일테크,2025-01-13,2025-01-28,15
EST_07987,달리기,2,1162000,중앙테크,2025-01-13,2025-03-01,47
EST_07988,보차도경계석,1,37000,미래시설관리,2025-01-13,2025-01-27,14
EST_07989,그네,3,2047000,도시정비단,2025-01-14,2025-05-17,123
EST_07990,미끄럼틀,3,4129000,중앙산업,2025-01-14,2025-07-13,180
EST_07991,보호펜스,2,112000,대명산업,2025-01-14,2025-02-18,35
EST_07992,보차도경계석,3,156000,현대건설,2025-01-14,2025-02-24,41
EST_07993,보호시설물볼라드,3,308000,중앙테크,2025-01-14,2025-03-12,57
EST_07994,보호시설물무단횡단방지시설,1,105000,중앙산업,2025-01-15,2025-02-10,26
EST_07995,등받이없는벤치,1,157000,우신시설관리,2025-01-15,2025-01-31,16
EST_07996,달리기,3,3515000,그린플레이,2025-01-16,2025-05-10,114
EST_07997,달리기,1,423000,대명시설관리,2025-01-16,2025-02-18,33
EST_07998,가로수보호덮개,2,253000,중앙테크,2025-01-16,2025-01-31,15
EST_07999,점자블록,2,42000,동화조경,2025-01-16,2025-02-05,20
EST_08000,보호펜스,3,232000,신세계조경,2025-01-16,2025-04-12,86
EST_08001,미끄럼틀,1,726000,신세계시스템,2025-01-16,2025-03-13,56
EST_08002,보호펜스,1,51000,대명테크,2025-01-16,2025-02-11,26
EST_08003,보호시설물볼라드,3,327000,동화테크,2025-01-16,2025-03-11,54
EST_08004,등받이없는벤치,1,123000,태영테크,2025-01-17,2025-02-03,17
EST_08005,보도블록,2,28000,태영건설,2025-01-18,2025-02-06,19
EST_08006,트랜치,2,111000,제일조경,2025-01-18,2025-02-07,20
EST_08007,트랜치,3,198000,태영테크,2025-01-18,2025-02-12,25
EST_08008,농구대,2,1128000,태영건설,2025-01-18,2025-03-04,45
EST_08009,축구골대,2,1844000,대명건설,2025-01-19,2025-03-13,53
EST_08010,보호시설물무단횡단방지시설,3,558000,제일산업,2025-01-19,2025-03-18,58
EST_08011,그네,2,1178000,중앙건설,2025-01-19,2025-04-20,91
EST_08012,가로수보호덮개,1,68000,태영건설,2025-01-20,2025-02-01,12
EST_08013,보호시설물무단횡단방지시설,1,127000,신세계테크,2025-01-20,2025-02-14,25
EST_08014,가로수보호덮개,2,199000,태영안전,2025-01-20,2025-02-05,16
EST_08015,등받이있는벤치,1,132000,제일테크,2025-01-20,2025-02-06,17
EST_08016,보호펜스,3,180000,신세계안전,2025-01-20,2025-04-14,84
EST_08017,맨홀,3,1326000,태영테크,2025-01-21,2025-03-28,66
EST_08018,보호펜스,1,37000,현대건설,2025-01-21,2025-02-17,27
EST_08019,보호시설물볼라드,1,72000,현대건설,2025-01-21,2025-02-05,15
EST_08020,등받이있는벤치,1,131000,대명테크,2025-01-22,2025-02-05,14
EST_08021,보호펜스,3,217000,신세계건설,2025-01-22,2025-03-23,60
EST_08022,축구골대,1,535000,중앙안전,2025-01-22,2025-02-23,32
EST_08023,보도블록,1,13000,현대건설,2025-01-23,2025-02-02,10
EST_08024,축구골대,2,2121000,우신시설관리,2025-01-23,2025-03-22,58
EST_08025,맨홀,3,1229000,한성토목,2025-01-24,2025-04-15,81
EST_08026,점자블록,3,100000,동화시스템,2025-01-24,2025-03-05,40
EST_08027,농구대,1,437000,신세계시설관리,2025-01-24,2025-02-22,29
EST_08028,보호펜스,1,52000,신세계토목,2025-01-24,2025-02-16,23
EST_08029,보호펜스,1,33000,동화시설관리,2025-01-24,2025-02-17,24
EST_08030,트랜치,2,135000,동화시스템,2025-01-25,2025-02-09,15
EST_08031,트랜치,2,121000,제일산업,2025-01-25,2025-02-15,21
EST_08032,미끄럼틀,3,5556000,태영테크,2025-01-25,2025-07-21,177
EST_08033,보호펜스,2,121000,한성시설관리,2025-01-25,2025-03-08,42
EST_08034,축구골대,1,488000,제일토목,2025-01-25,2025-02-25,31
EST_08035,등받이없는벤치,2,360000,우신시설관리,2025-01-26,2025-02-23,28
EST_08036,그네,1,354000,제일시설관리,2025-01-26,2025-03-23,56
EST_08037,맨홀,1,223000,중앙테크,2025-01-26,2025-02-16,21
EST_08038,점자블록,1,13000,중앙테크,2025-01-27,2025-02-08,12
EST_08039,농구대,2,1181000,한성시설관리,2025-01-27,2025-03-10,42
EST_08040,보도블록,1,8000,동화조경,2025-01-27,2025-02-07,11
EST_08041,등받이없는벤치,1,115000,제일안전,2025-01-28,2025-02-14,17
EST_08042,농구대,1,333000,한성건설,2025-01-28,2025-02-25,28
EST_08043,등받이있는벤치,2,486000,현대건설,2025-01-28,2025-02-22,25
EST_08044,보호시설물볼라드,1,83000,중앙건설,2025-01-29,2025-02-12,14
EST_08045,보도블록,1,16000,제일토목,2025-01-29,2025-02-08,10
EST_08046,달리기,2,1699000,미래시스템,2025-01-29,2025-03-26,56
EST_08047,달리기,3,2995000,제일안전,2025-01-30,2025-05-16,106
EST_08048,보호시설물볼라드,2,176000,태영안전,2025-01-30,2025-02-24,25
EST_08049,달리기,2,1379000,중앙건설,2025-01-30,2025-03-27,56
EST_08050,등받이있는벤치,3,780000,현대건설,2025-01-31,2025-03-26,54
EST_08051,보호시설물볼라드,2,121000,한성건설,2025-01-31,2025-02-26,26
EST_08052,맨홀,2,481000,그린플레이,2025-01-31,2025-03-02,30
EST_08053,가로수보호덮개,2,267000,태영테크,2025-01-31,2025-02-15,15
EST_08054,보호펜스,1,41000,중앙건설,2025-01-31,2025-02-24,24
EST_08055,미끄럼틀,3,4148000,중앙테크,2025-01-31,2025-07-21,171
EST_08056,등받이없는벤치,1,113000,동화시스템,2025-01-31,2025-02-16,16
EST_08057,가로수보호덮개,1,77000,도시정비단,2025-01-31,2025-02-12,12
EST_08058,가로수보호덮개,1,108000,제일조경,2025-01-31,2025-02-11,11
EST_08059,보호펜스,1,57000,중앙건설,2025-02-01,2025-02-27,26
EST_08060,보호시설물볼라드,2,137000,제일토목,2025-02-01,2025-02-23,22
EST_08061,가로수보호덮개,3,441000,대명테크,2025-02-01,2025-02-27,26
EST_08062,가로수보호덮개,1,113000,국토개발,2025-02-01,2025-02-12,11
EST_08063,점자블록,1,19000,대명안전,2025-02-01,2025-02-12,11
EST_08064,보호시설물무단횡단방지시설,1,89000,도시정비단,2025-02-02,2025-02-27,25
EST_08065,그네,1,552000,현대시스템,2025-02-02,2025-03-27,53
EST_08066,가로수보호덮개,1,67000,미래토목,2025-02-02,2025-02-12,10
EST_08067,보도블록,3,66000,에코시설,2025-02-02,2025-03-09,35
EST_08068,점자블록,1,16000,동화조경,2025-02-02,2025-02-14,12
EST_08069,가로수보호덮개,3,435000,중앙건설,2025-02-02,2025-03-07,33
EST_08070,등받이있는벤치,1,194000,중앙안전,2025-02-03,2025-02-20,17
EST_08071,트랜치,3,250000,국토개발,2025-02-03,2025-03-06,31
EST_08072,등받이없는벤치,2,275000,신세계건설,2025-02-03,2025-03-02,27
EST_08073,가로수보호덮개,2,174000,중앙테크,2025-02-04,2025-02-20,16
EST_08074,미끄럼틀,3,4615000,동화시설관리,2025-02-05,2025-06-09,124
EST_08075,점자블록,3,88000,신세계테크,2025-02-05,2025-03-19,42
EST_08076,점자블록,1,11000,우신산업,2025-02-05,2025-02-17,12
EST_08077,트랜치,2,141000,우신조경,2025-02-05,2025-02-24,19
EST_08078,보차도경계석,2,73000,동화시설관리,2025-02-05,2025-03-01,24
EST_08079,트랜치,3,296000,우신테크,2025-02-05,2025-03-17,40
EST_08080,보차도경계석,2,74000,태영건설,2025-02-06,2025-03-06,28
EST_08081,보호펜스,3,191000,태영건설,2025-02-06,2025-04-03,56
EST_08082,보호시설물볼라드,1,52000,제일시설관리,2025-02-06,2025-02-21,15
EST_08083,달리기,3,3206000,제일조경,2025-02-07,2025-05-05,87
EST_08084,맨홀,2,510000,중앙산업,2025-02-07,2025-03-17,38
EST_08085,농구대,2,997000,한성산업,2025-02-07,2025-03-27,48
EST_08086,점자블록,1,20000,한성산업,2025-02-08,2025-02-18,10
EST_08087,맨홀,2,679000,신세계토목,2025-02-08,2025-03-14,34
EST_08088,달리기,3,3348000,동화시스템,2025-02-08,2025-05-18,99
EST_08089,농구대,1,277000,신세계테크,2025-02-09,2025-03-12,31
EST_08090,가로수보호덮개,3,497000,그린플레이,2025-02-09,2025-03-06,25
EST_08091,등받이있는벤치,3,773000,태영테크,2025-02-09,2025-03-29,48
EST_08092,보도블록,1,17000,제일테크,2025-02-10,2025-02-22,12
EST_08093,보도블록,3,49000,제일안전,2025-02-10,2025-03-16,34
EST_08094,보호시설물무단횡단방지시설,1,70000,우신조경,2025-02-10,2025-03-07,25
EST_08095,보호펜스,2,90000,우신조경,2025-02-11,2025-03-18,35
EST_08096,축구골대,1,614000,현대시스템,2025-02-11,2025-03-18,35
EST_08097,미끄럼틀,2,3021000,중앙토목,2025-02-11,2025-04-27,75
EST_08098,트랜치,2,150000,한성토목,2025-02-11,2025-03-02,19
EST_08099,농구대,1,418000,대명시설관리,2025-02-11,2025-03-14,31
EST_08100,그네,3,2054000,중앙산업,2025-02-11,2025-06-07,116
EST_08101,등받이없는벤치,3,619000,현대건설,2025-02-11,2025-04-09,57
EST_08102,보호펜스,1,64000,국토개발,2025-02-12,2025-03-06,22
EST_08103,보호펜스,3,217000,대명산업,2025-02-12,2025-04-11,58
EST_08104,그네,2,947000,우신산업,2025-02-12,2025-05-08,85
EST_08105,보도블록,2,36000,신세계조경,2025-02-12,2025-03-02,18
EST_08106,미끄럼틀,1,694000,그린플레이,2025-02-12,2025-04-10,57
EST_08107,가로수보호덮개,2,238000,태영안전,2025-02-13,2025-02-28,15
EST_08108,보도블록,1,8000,신세계안전,2025-02-13,2025-02-23,10
EST_08109,그네,3,2678000,에코시설,2025-02-14,2025-06-17,123
EST_08110,보호시설물무단횡단방지시설,3,513000,국토개발,2025-02-14,2025-04-23,68
EST_08111,미끄럼틀,1,1386000,국토개발,2025-02-15,2025-04-02,46
EST_08112,보호펜스,3,227000,제일테크,2025-02-15,2025-04-20,64
EST_08113,보차도경계석,2,87000,미래시스템,2025-02-15,2025-03-13,26
EST_08114,보호펜스,3,208000,한성안전,2025-02-16,2025-04-17,60
EST_08115,그네,1,463000,동화토목,2025-02-17,2025-04-05,47
EST_08116,트랜치,3,250000,미래안전,2025-02-17,2025-03-19,30
EST_08117,보호펜스,2,112000,태영건설,2025-02-17,2025-03-29,40
EST_08118,보호시설물무단횡단방지시설,1,75000,신세계조경,2025-02-17,2025-03-14,25
EST_08119,미끄럼틀,3,5080000,중앙토목,2025-02-17,2025-06-10,113
EST_08120,점자블록,2,44000,한성안전,2025-02-17,2025-03-07,18
EST_08121,보호시설물볼라드,2,132000,에코시설,2025-02-18,2025-03-19,29
EST_08122,달리기,2,1433000,한성토목,2025-02-18,2025-04-11,52
EST_08123,점자블록,2,54000,동화조경,2025-02-18,2025-03-08,18
EST_08124,보도블록,3,49000,대명테크,2025-02-19,2025-03-19,28
EST_08125,등받이없는벤치,1,75000,중앙토목,2025-02-19,2025-03-07,16
EST_08126,축구골대,1,938000,태영테크,2025-02-19,2025-03-28,37
EST_08127,등받이없는벤치,3,457000,한성안전,2025-02-19,2025-04-12,52
EST_08128,가로수보호덮개,1,115000,미래시스템,2025-02-19,2025-03-02,11
EST_08129,등받이있는벤치,1,177000,태영테크,2025-02-19,2025-03-07,16
EST_08130,보호시설물볼라드,3,255000,도시정비단,2025-02-20,2025-03-31,39
EST_08131,보도블록,2,29000,태영테크,2025-02-20,2025-03-10,18
EST_08132,보차도경계석,1,25000,제일토목,2025-02-20,2025-03-09,17
EST_08133,등받이없는벤치,1,110000,제일토목,2025-02-20,2025-03-08,16
EST_08134,등받이없는벤치,2,335000,제일조경,2025-02-20,2025-03-18,26
EST_08135,등받이없는벤치,1,102000,신세계토목,2025-02-21,2025-03-10,17
EST_08136,등받이없는벤치,3,664000,그린플레이,2025-02-22,2025-04-06,43
EST_08137,축구골대,2,1494000,우신조경,2025-02-22,2025-04-20,57
EST_08138,그네,2,1407000,우신테크,2025-02-22,2025-05-13,80
EST_08139,축구골대,3,3525000,제일안전,2025-02-22,2025-06-10,108
EST_08140,보호시설물볼라드,3,271000,한성토목,2025-02-22,2025-04-11,48
EST_08141,보도블록,3,65000,대명테크,2025-02-24,2025-03-30,34
EST_08142,가로수보호덮개,2,222000,신세계토목,2025-02-24,2025-03-15,19
EST_08143,등받이있는벤치,1,117000,신세계테크,2025-02-24,2025-03-10,14
EST_08144,그네,1,551000,우신조경,2025-02-25,2025-04-11,45
EST_08145,축구골대,2,2186000,미래시스템,2025-02-25,2025-04-30,64
EST_08146,가로수보호덮개,1,58000,신세계토목,2025-02-25,2025-03-09,12
EST_08147,트랜치,1,32000,우신조경,2025-02-25,2025-03-07,10
EST_08148,달리기,3,2992000,미래시스템,2025-02-25,2025-06-09,104
EST_08149,점자블록,3,103000,신세계테크,2025-02-26,2025-04-06,39
EST_08150,그네,2,1451000,에코시설,2025-02-26,2025-06-03,97
EST_08151,미끄럼틀,3,4167000,그린플레이,2025-02-26,2025-09-08,194
EST_08152,트랜치,2,103000,대명안전,2025-02-26,2025-03-15,17
EST_08153,가로수보호덮개,1,95000,제일시설관리,2025-02-27,2025-03-10,11
EST_08154,등받이있는벤치,1,159000,우신조경,2025-02-27,2025-03-17,18
EST_08155,가로수보호덮개,2,250000,태영테크,2025-02-27,2025-03-15,16
EST_08156,미끄럼틀,1,1170000,에코시설,2025-02-27,2025-04-17,49
EST_08157,달리기,3,3027000,제일조경,2025-02-27,2025-05-26,88
EST_08158,등받이없는벤치,1,86000,중앙건설,2025-02-27,2025-03-17,18
EST_08159,점자블록,1,17000,제일테크,2025-02-28,2025-03-12,12
EST_08160,트랜치,2,127000,동화시스템,2025-02-28,2025-03-21,21
EST_08161,보차도경계석,3,184000,한성안전,2025-02-28,2025-04-07,38
EST_08162,축구골대,3,3567000,신세계안전,2025-02-28,2025-06-27,119
EST_08163,미끄럼틀,1,655000,우신테크,2025-03-01,2025-04-15,45
EST_08164,등받이없는벤치,2,254000,제일안전,2025-03-01,2025-03-28,27
EST_08165,맨홀,2,553000,동화시스템,2025-03-02,2025-04-03,32
EST_08166,보호시설물볼라드,1,82000,동화시스템,2025-03-02,2025-03-17,15
EST_08167,가로수보호덮개,3,347000,대명산업,2025-03-02,2025-04-02,31
EST_08168,축구골대,3,4510000,중앙테크,2025-03-02,2025-06-02,92
EST_08169,달리기,2,1764000,신세계토목,2025-03-02,2025-05-03,62
EST_08170,달리기,3,3313000,한성산업,2025-03-02,2025-06-23,113
EST_08171,보호펜스,2,117000,우신산업,2025-03-03,2025-04-08,36
EST_08172,미끄럼틀,1,931000,에코시설,2025-03-03,2025-04-28,56
EST_08173,그네,1,585000,우신산업,2025-03-03,2025-04-21,49
EST_08174,등받이없는벤치,2,279000,제일테크,2025-03-03,2025-03-28,25
EST_08175,보호펜스,3,237000,동화시스템,2025-03-04,2025-05-08,65
EST_08176,등받이있는벤치,2,340000,대명건설,2025-03-05,2025-04-01,27
EST_08177,보호시설물무단횡단방지시설,1,139000,동화시설관리,2025-03-05,2025-03-28,23
EST_08178,보호시설물무단횡단방지시설,1,85000,그린플레이,2025-03-05,2025-03-29,24
EST_08179,보호시설물볼라드,2,161000,중앙안전,2025-03-05,2025-03-29,24
EST_08180,보도블록,3,47000,대명산업,2025-03-05,2025-04-17,43
EST_08181,맨홀,3,1133000,동화토목,2025-03-05,2025-05-15,71
EST_08182,보호시설물무단횡단방지시설,2,317000,한성안전,2025-03-05,2025-04-16,42
EST_08183,보도블록,2,34000,태영건설,2025-03-06,2025-03-27,21
EST_08184,맨홀,3,976000,제일조경,2025-03-06,2025-04-29,54
EST_08185,농구대,1,443000,미래시설관리,2025-03-06,2025-04-06,31
EST_08186,보호펜스,3,262000,동화조경,2025-03-06,2025-05-16,71
EST_08187,그네,2,1445000,제일시설관리,2025-03-07,2025-05-28,82
EST_08188,점자블록,2,55000,미래시설관리,2025-03-07,2025-03-27,20
EST_08189,미끄럼틀,2,2351000,에코시설,2025-03-07,2025-06-02,87
EST_08190,트랜치,1,58000,중앙안전,2025-03-08,2025-03-19,11
EST_08191,가로수보호덮개,2,196000,미래시설관리,2025-03-08,2025-03-25,17
EST_08192,달리기,1,457000,에코시설,2025-03-08,2025-04-09,32
EST_08193,보도블록,2,35000,한성시설관리,2025-03-08,2025-03-29,21
EST_08194,보호펜스,3,238000,대명안전,2025-03-08,2025-06-03,87
EST_08195,보호펜스,1,60000,대명산업,2025-03-09,2025-04-04,26
EST_08196,가로수보호덮개,3,458000,현대건설,2025-03-09,2025-04-11,33
EST_08197,보도블록,2,28000,신세계테크,2025-03-09,2025-03-26,17
EST_08198,농구대,2,1066000,신세계조경,2025-03-09,2025-04-21,43
EST_08199,보호펜스,3,248000,우신조경,2025-03-09,2025-05-07,59
EST_08200,축구골대,1,1087000,신세계시스템,2025-03-10,2025-04-14,35
EST_08201,축구골대,2,2041000,에코시설,2025-03-11,2025-04-28,48
EST_08202,보호시설물볼라드,2,148000,제일시설관리,2025-03-11,2025-04-04,24
EST_08203,축구골대,3,3504000,중앙건설,2025-03-11,2025-06-11,92
EST_08204,점자블록,2,47000,제일테크,2025-03-12,2025-03-29,17
EST_08205,맨홀,1,291000,태영안전,2025-03-12,2025-04-05,24
EST_08206,가로수보호덮개,2,187000,신세계건설,2025-03-12,2025-03-31,19
EST_08207,보호시설물볼라드,1,84000,신세계시설관리,2025-03-12,2025-03-28,16
EST_08208,보호시설물무단횡단방지시설,1,127000,제일조경,2025-03-12,2025-04-02,21
EST_08209,등받이있는벤치,3,859000,태영테크,2025-03-13,2025-04-27,45
EST_08210,가로수보호덮개,1,83000,태영테크,2025-03-13,2025-03-25,12
EST_08211,등받이있는벤치,3,889000,중앙테크,2025-03-13,2025-04-26,44
EST_08212,보호시설물볼라드,3,281000,중앙안전,2025-03-13,2025-04-29,47
EST_08213,등받이있는벤치,1,158000,대명안전,2025-03-13,2025-03-29,16
EST_08214,그네,3,2769000,에코시설,2025-03-14,2025-08-22,161
EST_08215,그네,3,2874000,신세계시스템,2025-03-15,2025-07-31,138
EST_08216,보도블록,3,52000,중앙토목,2025-03-15,2025-04-18,34
EST_08217,등받이있는벤치,2,387000,신세계건설,2025-03-15,2025-04-06,22
EST_08218,그네,3,2465000,우신조경,2025-03-15,2025-09-11,180
EST_08219,보차도경계석,1,33000,한성안전,2025-03-15,2025-03-29,14
EST_08220,미끄럼틀,2,2303000,중앙테크,2025-03-15,2025-06-13,90
EST_08221,맨홀,1,290000,신세계시설관리,2025-03-15,2025-04-07,23
EST_08222,점자블록,1,24000,제일산업,2025-03-16,2025-03-27,11
EST_08223,맨홀,3,1128000,미래시설관리,2025-03-16,2025-06-03,79
EST_08224,가로수보호덮개,2,267000,동화시스템,2025-03-16,2025-04-03,18
EST_08225,미끄럼틀,2,2637000,동화시설관리,2025-03-16,2025-06-22,98
EST_08226,등받이있는벤치,3,657000,제일조경,2025-03-16,2025-05-10,55
EST_08227,트랜치,3,266000,제일조경,2025-03-17,2025-04-20,34
EST_08228,보호시설물볼라드,2,178000,신세계테크,2025-03-17,2025-04-08,22
EST_08229,맨홀,1,159000,동화조경,2025-03-17,2025-04-09,23
EST_08230,그네,1,362000,신세계건설,2025-03-17,2025-05-08,52
EST_08231,그네,3,2770000,한성건설,2025-03-17,2025-07-30,135
EST_08232,등받이없는벤치,3,579000,대명건설,2025-03-17,2025-05-17,61
EST_08233,점자블록,2,40000,에코시설,2025-03-17,2025-04-06,20
EST_08234,등받이있는벤치,2,421000,중앙산업,2025-03-18,2025-04-15,28
EST_08235,축구골대,2,2316000,미래토목,2025-03-18,2025-05-14,57
EST_08236,미끄럼틀,3,4625000,에코시설,2025-03-18,2025-09-03,169
EST_08237,등받이없는벤치,3,581000,동화시스템,2025-03-18,2025-05-10,53
EST_08238,맨홀,3,1143000,제일토목,2025-03-18,2025-05-30,73
EST_08239,농구대,1,586000,국토개발,2025-03-18,2025-04-14,27
EST_08240,보호시설물볼라드,3,323000,태영안전,2025-03-18,2025-05-05,48
EST_08241,보호펜스,3,239000,태영테크,2025-03-18,2025-05-29,72
EST_08242,그네,3,2102000,한성시설관리,2025-03-18,2025-09-09,175
EST_08243,보호펜스,3,184000,신세계테크,2025-03-19,2025-05-28,70
EST_08244,농구대,1,382000,동화시스템,2025-03-19,2025-04-18,30
EST_08245,보호펜스,1,41000,신세계테크,2025-03-20,2025-04-14,25
EST_08246,보호펜스,3,174000,동화토목,2025-03-20,2025-06-12,84
EST_08247,등받이없는벤치,2,334000,신세계조경,2025-03-20,2025-04-15,26
EST_08248,축구골대,3,3617000,제일토목,2025-03-20,2025-07-27,129
EST_08249,보도블록,1,8000,도시정비단,2025-03-20,2025-03-30,10
EST_08250,보차도경계석,2,90000,신세계건설,2025-03-22,2025-04-21,30
EST_08251,맨홀,3,1177000,한성토목,2025-03-22,2025-06-15,85
EST_08252,트랜치,3,282000,동화시설관리,2025-03-22,2025-04-24,33
EST_08253,등받이없는벤치,3,524000,중앙테크,2025-03-23,2025-04-28,36
EST_08254,보호시설물무단횡단방지시설,3,465000,미래시설관리,2025-03-23,2025-06-15,84
EST_08255,트랜치,1,62000,제일산업,2025-03-23,2025-04-04,12
EST_08256,보호시설물무단횡단방지시설,1,113000,그린플레이,2025-03-23,2025-04-13,21
EST_08257,미끄럼틀,2,2617000,미래시스템,2025-03-23,2025-06-19,88
EST_08258,등받이있는벤치,2,329000,한성시설관리,2025-03-24,2025-04-23,30
EST_08259,달리기,2,1220000,신세계조경,2025-03-24,2025-05-25,62
EST_08260,보차도경계석,3,167000,중앙토목,2025-03-25,2025-05-01,37
EST_08261,맨홀,1,215000,현대건설,2025-03-25,2025-04-18,24
EST_08262,맨홀,3,1119000,한성산업,2025-03-26,2025-06-04,70
EST_08263,맨홀,1,308000,태영테크,2025-03-26,2025-04-15,20
EST_08264,등받이없는벤치,2,241000,현대시스템,2025-03-26,2025-04-17,22
EST_08265,보도블록,1,12000,미래토목,2025-03-26,2025-04-07,12
EST_08266,가로수보호덮개,3,478000,대명테크,2025-03-27,2025-04-28,32
EST_08267,보도블록,1,16000,중앙산업,2025-03-27,2025-04-07,11
EST_08268,축구골대,1,593000,중앙테크,2025-03-28,2025-05-04,37
EST_08269,트랜치,2,118000,미래시스템,2025-03-28,2025-04-12,15
EST_08270,가로수보호덮개,1,109000,제일토목,2025-03-28,2025-04-07,10
EST_08271,등받이있는벤치,2,488000,한성산업,2025-03-29,2025-04-27,29
EST_08272,달리기,3,3326000,한성산업,2025-03-29,2025-06-22,85
EST_08273,보도블록,1,12000,동화조경,2025-03-29,2025-04-09,11
EST_08274,가로수보호덮개,3,391000,제일산업,2025-03-29,2025-04-29,31
EST_08275,그네,3,3005000,그린플레이,2025-03-29,2025-09-01,156
EST_08276,점자블록,3,75000,현대시스템,2025-03-29,2025-04-30,32
EST_08277,보호펜스,3,219000,미래시스템,2025-03-29,2025-06-13,76
EST_08278,점자블록,3,86000,한성토목,2025-03-29,2025-04-23,25
EST_08279,등받이있는벤치,2,351000,제일토목,2025-03-29,2025-04-19,21
EST_08280,보차도경계석,3,137000,한성시설관리,2025-03-30,2025-05-22,53
EST_08281,농구대,3,2135000,우신테크,2025-03-30,2025-06-24,86
EST_08282,달리기,3,2641000,한성토목,2025-03-30,2025-08-07,130
EST_08283,트랜치,2,149000,우신테크,2025-03-30,2025-04-20,21
EST_08284,축구골대,2,1944000,동화테크,2025-03-30,2025-05-16,47
EST_08285,등받이없는벤치,3,498000,중앙산업,2025-03-31,2025-05-06,36
EST_08286,미끄럼틀,3,3810000,태영안전,2025-03-31,2025-09-16,169
EST_08287,보도블록,1,17000,태영테크,2025-03-31,2025-04-12,12
EST_08288,등받이없는벤치,1,163000,한성건설,2025-03-31,2025-04-16,16
EST_08289,축구골대,3,3621000,신세계테크,2025-03-31,2025-07-25,116
EST_08290,미끄럼틀,2,2798000,한성건설,2025-04-01,2025-06-29,89
EST_08291,보호시설물볼라드,2,147000,우신조경,2025-04-01,2025-04-22,21
EST_08292,맨홀,3,1215000,대명건설,2025-04-01,2025-06-17,77
EST_08293,그네,2,1255000,동화테크,2025-04-01,2025-06-27,87
EST_08294,트랜치,1,59000,현대시스템,2025-04-01,2025-04-11,10
EST_08295,보차도경계석,3,176000,대명시설관리,2025-04-01,2025-06-01,61
EST_08296,등받이없는벤치,1,103000,우신시설관리,2025-04-01,2025-04-18,17
EST_08297,보호시설물볼라드,1,77000,제일테크,2025-04-01,2025-04-15,14
EST_08298,축구골대,2,1671000,미래시설관리,2025-04-01,2025-05-22,51
EST_08299,보호시설물볼라드,2,136000,대명산업,2025-04-01,2025-04-29,28
EST_08300,미끄럼틀,2,2014000,우신시설관리,2025-04-01,2025-06-16,76
EST_08301,점자블록,1,19000,한성건설,2025-04-02,2025-04-12,10
EST_08302,등받이있는벤치,3,918000,동화테크,2025-04-02,2025-05-30,58
EST_08303,축구골대,3,3441000,우신산업,2025-04-02,2025-06-27,86
EST_08304,등받이없는벤치,1,140000,동화조경,2025-04-03,2025-04-19,16
EST_08305,맨홀,2,509000,중앙건설,2025-04-03,2025-05-05,32
EST_08306,보차도경계석,3,151000,제일산업,2025-04-03,2025-05-17,44
EST_08307,축구골대,2,2202000,우신산업,2025-04-03,2025-05-25,52
EST_08308,보호펜스,3,182000,태영테크,2025-04-04,2025-06-07,64
EST_08309,보도블록,2,31000,한성시설관리,2025-04-04,2025-04-20,16
EST_08310,가로수보호덮개,2,253000,대명산업,2025-04-05,2025-04-25,20
EST_08311,보도블록,2,32000,신세계건설,2025-04-05,2025-04-25,20
EST_08312,농구대,1,461000,신세계건설,2025-04-06,2025-05-04,28
EST_08313,보호시설물볼라드,1,36000,신세계테크,2025-04-06,2025-04-21,15
EST_08314,트랜치,1,37000,대명산업,2025-04-06,2025-04-16,10
EST_08315,보호시설물볼라드,2,160000,제일안전,2025-04-06,2025-05-02,26
EST_08316,맨홀,1,202000,동화시설관리,2025-04-06,2025-04-27,21
EST_08317,그네,1,487000,미래토목,2025-04-07,2025-05-30,53
EST_08318,농구대,2,998000,대명산업,2025-04-07,2025-05-15,38
EST_08319,트랜치,1,57000,제일테크,2025-04-07,2025-04-19,12
EST_08320,맨홀,2,559000,에코시설,2025-04-07,2025-05-09,32
EST_08321,맨홀,2,651000,에코시설,2025-04-07,2025-05-19,42
EST_08322,보호시설물무단횡단방지시설,2,255000,대명안전,2025-04-08,2025-05-19,41
EST_08323,보호시설물볼라드,2,172000,신세계안전,2025-04-08,2025-04-30,22
EST_08324,보호펜스,3,168000,태영건설,2025-04-08,2025-06-21,74
EST_08325,보호시설물볼라드,3,253000,대명테크,2025-04-10,2025-05-17,37
EST_08326,보도블록,1,17000,대명시설관리,2025-04-10,2025-04-20,10
EST_08327,축구골대,2,2142000,중앙안전,2025-04-10,2025-05-26,46
EST_08328,등받이있는벤치,2,436000,대명시설관리,2025-04-10,2025-05-09,29
EST_08329,보차도경계석,1,31000,동화시설관리,2025-04-10,2025-04-26,16
EST_08330,농구대,1,596000,동화토목,2025-04-11,2025-05-11,30
EST_08331,달리기,1,755000,한성건설,2025-04-11,2025-05-14,33
EST_08332,보차도경계석,2,70000,신세계건설,2025-04-11,2025-05-03,22
EST_08333,트랜치,1,48000,미래안전,2025-04-11,2025-04-21,10
EST_08334,등받이있는벤치,2,369000,중앙테크,2025-04-11,2025-05-05,24
EST_08335,보차도경계석,1,39000,중앙테크,2025-04-11,2025-04-26,15
EST_08336,보호펜스,2,101000,동화조경,2025-04-11,2025-05-14,33
EST_08337,달리기,2,1878000,미래안전,2025-04-12,2025-06-01,50
EST_08338,보호펜스,1,55000,제일안전,2025-04-12,2025-05-03,21
EST_08339,농구대,2,836000,한성산업,2025-04-12,2025-05-27,45
EST_08340,미끄럼틀,1,1328000,동화시스템,2025-04-12,2025-06-02,51
EST_08341,보차도경계석,1,29000,대명건설,2025-04-12,2025-04-27,15
EST_08342,농구대,1,486000,국토개발,2025-04-12,2025-05-07,25
EST_08343,보호시설물무단횡단방지시설,2,301000,우신조경,2025-04-12,2025-05-20,38
EST_08344,축구골대,1,757000,우신테크,2025-04-13,2025-05-16,33
EST_08345,보호펜스,3,267000,동화조경,2025-04-14,2025-07-01,78
EST_08346,달리기,2,1430000,신세계안전,2025-04-14,2025-06-15,62
EST_08347,미끄럼틀,3,4588000,한성시설관리,2025-04-14,2025-09-22,161
EST_08348,달리기,3,3599000,한성토목,2025-04-15,2025-08-08,115
EST_08349,축구골대,1,1089000,미래시스템,2025-04-15,2025-05-16,31
EST_08350,달리기,1,387000,우신조경,2025-04-15,2025-05-20,35
EST_08351,점자블록,1,12000,신세계조경,2025-04-15,2025-04-25,10
EST_08352,보차도경계석,2,69000,한성산업,2025-04-15,2025-05-14,29
EST_08353,점자블록,1,21000,동화테크,2025-04-15,2025-04-25,10
EST_08354,그네,2,1408000,미래시설관리,2025-04-16,2025-06-25,70
EST_08355,보호펜스,1,32000,우신산업,2025-04-16,2025-05-12,26
EST_08356,등받이있는벤치,1,157000,미래시설관리,2025-04-16,2025-05-04,18
EST_08357,농구대,1,454000,신세계테크,2025-04-16,2025-05-12,26
EST_08358,농구대,2,1038000,우신조경,2025-04-16,2025-06-07,52
EST_08359,등받이없는벤치,1,88000,제일테크,2025-04-17,2025-05-03,16
EST_08360,보차도경계석,2,63000,동화시설관리,2025-04-17,2025-05-16,29
EST_08361,축구골대,1,1079000,중앙안전,2025-04-17,2025-05-21,34
EST_08362,보호시설물무단횡단방지시설,2,214000,에코시설,2025-04-18,2025-05-29,41
EST_08363,트랜치,1,53000,신세계시스템,2025-04-18,2025-04-28,10
EST_08364,보호시설물무단횡단방지시설,2,304000,동화토목,2025-04-19,2025-05-29,40
EST_08365,그네,3,2565000,미래시설관리,2025-04-19,2025-10-30,194
EST_08366,미끄럼틀,3,3844000,동화테크,2025-04-20,2025-08-16,118
EST_08367,농구대,1,346000,현대건설,2025-04-20,2025-05-22,32
EST_08368,보차도경계석,3,155000,신세계테크,2025-04-20,2025-06-01,42
EST_08369,가로수보호덮개,3,336000,대명안전,2025-04-20,2025-05-24,34
EST_08370,미끄럼틀,1,1109000,대명건설,2025-04-20,2025-06-16,57
EST_08371,등받이없는벤치,1,157000,태영건설,2025-04-21,2025-05-07,16
EST_08372,맨홀,1,172000,제일조경,2025-04-22,2025-05-17,25
EST_08373,가로수보호덮개,2,168000,중앙산업,2025-04-22,2025-05-07,15
EST_08374,등받이있는벤치,1,156000,국토개발,2025-04-23,2025-05-10,17
EST_08375,보호펜스,3,183000,우신산업,2025-04-23,2025-07-23,91
EST_08376,그네,1,379000,우신테크,2025-04-23,2025-06-16,54
EST_08377,트랜치,3,270000,한성토목,2025-04-23,2025-06-01,39
EST_08378,등받이없는벤치,1,153000,우신조경,2025-04-23,2025-05-09,16
EST_08379,보호시설물무단횡단방지시설,2,324000,대명건설,2025-04-24,2025-06-01,38
EST_08380,보호시설물볼라드,3,316000,대명안전,2025-04-25,2025-06-11,47
EST_08381,맨홀,1,201000,미래안전,2025-04-25,2025-05-18,23
EST_08382,달리기,1,874000,우신산업,2025-04-25,2025-05-29,34
EST_08383,보호시설물무단횡단방지시설,3,618000,중앙안전,2025-04-25,2025-07-03,69
EST_08384,보차도경계석,3,149000,미래시스템,2025-04-25,2025-05-31,36
EST_08385,달리기,2,1765000,제일산업,2025-04-25,2025-06-20,56
EST_08386,맨홀,2,681000,중앙토목,2025-04-26,2025-06-04,39
EST_08387,축구골대,1,975000,동화시설관리,2025-04-26,2025-05-26,30
EST_08388,보도블록,1,8000,한성산업,2025-04-26,2025-05-06,10
EST_08389,축구골대,3,2997000,대명테크,2025-04-26,2025-09-04,131
EST_08390,그네,3,2611000,신세계시설관리,2025-04-27,2025-10-07,163
EST_08391,미끄럼틀,3,5640000,우신시설관리,2025-04-27,2025-08-27,122
EST_08392,점자블록,1,13000,제일조경,2025-04-28,2025-05-10,12
EST_08393,보호시설물볼라드,2,180000,신세계조경,2025-04-28,2025-05-25,27
EST_08394,농구대,3,2002000,우신시설관리,2025-04-28,2025-07-14,77
EST_08395,트랜치,3,302000,한성토목,2025-04-28,2025-06-10,43
EST_08396,보호시설물볼라드,1,46000,신세계안전,2025-04-28,2025-05-16,18
EST_08397,보호시설물볼라드,1,68000,대명시설관리,2025-04-29,2025-05-13,14
EST_08398,맨홀,2,563000,태영건설,2025-04-29,2025-06-03,35
EST_08399,가로수보호덮개,3,417000,우신산업,2025-04-30,2025-06-01,32
EST_08400,그네,2,1489000,제일조경,2025-04-30,2025-07-25,86
EST_08401,그네,2,1348000,중앙안전,2025-04-30,2025-07-19,80
EST_08402,맨홀,3,1108000,도시정비단,2025-04-30,2025-07-21,82
EST_08403,달리기,2,1328000,도시정비단,2025-04-30,2025-06-16,47
EST_08404,보호펜스,2,114000,대명산업,2025-04-30,2025-06-10,41
EST_08405,등받이없는벤치,3,489000,신세계토목,2025-04-30,2025-06-09,40
EST_08406,보호시설물무단횡단방지시설,3,564000,미래안전,2025-04-30,2025-06-23,54
EST_08407,보호시설물무단횡단방지시설,1,117000,제일산업,2025-04-30,2025-05-27,27
EST_08408,등받이없는벤치,1,98000,제일조경,2025-04-30,2025-05-17,17
EST_08409,그네,1,471000,신세계안전,2025-05-01,2025-06-23,53
EST_08410,트랜치,2,148000,현대시스템,2025-05-01,2025-05-19,18
EST_08411,그네,2,1409000,제일시설관리,2025-05-01,2025-07-21,81
EST_08412,등받이있는벤치,2,425000,중앙안전,2025-05-01,2025-05-25,24
EST_08413,보도블록,1,10000,신세계건설,2025-05-01,2025-05-13,12
EST_08414,등받이없는벤치,1,139000,태영안전,2025-05-02,2025-05-18,16
EST_08415,미끄럼틀,2,2615000,우신테크,2025-05-02,2025-07-13,72
EST_08416,보호시설물무단횡단방지시설,2,216000,동화토목,2025-05-02,2025-06-05,34
EST_08417,미끄럼틀,2,2178000,태영테크,2025-05-02,2025-07-14,73
EST_08418,보호시설물무단횡단방지시설,3,532000,중앙테크,2025-05-02,2025-08-02,92
EST_08419,보차도경계석,2,71000,미래안전,2025-05-02,2025-05-28,26
EST_08420,축구골대,2,2063000,제일테크,2025-05-03,2025-06-28,56
EST_08421,보도블록,2,32000,동화테크,2025-05-03,2025-05-19,16
EST_08422,미끄럼틀,3,4286000,우신시설관리,2025-05-03,2025-08-24,113
EST_08423,축구골대,2,2240000,우신산업,2025-05-03,2025-07-03,61
EST_08424,점자블록,2,54000,한성토목,2025-05-03,2025-05-23,20
EST_08425,축구골대,1,495000,그린플레이,2025-05-03,2025-06-03,31
EST_08426,농구대,1,539000,미래시스템,2025-05-04,2025-06-02,29
EST_08427,가로수보호덮개,1,72000,우신시설관리,2025-05-04,2025-05-15,11
EST_08428,축구골대,2,2171000,대명안전,2025-05-04,2025-06-24,51
EST_08429,미끄럼틀,3,5417000,도시정비단,2025-05-05,2025-11-23,202
EST_08430,미끄럼틀,1,1361000,태영안전,2025-05-05,2025-06-26,52
EST_08431,맨홀,2,512000,에코시설,2025-05-05,2025-06-11,37
EST_08432,달리기,3,2829000,제일산업,2025-05-06,2025-07-28,83
EST_08433,보호펜스,1,51000,신세계조경,2025-05-06,2025-05-29,23
EST_08434,가로수보호덮개,2,243000,한성산업,2025-05-06,2025-05-24,18
EST_08435,가로수보호덮개,3,464000,신세계안전,2025-05-06,2025-05-31,25
EST_08436,가로수보호덮개,2,231000,미래토목,2025-05-06,2025-05-23,17
EST_08437,맨홀,3,953000,동화테크,2025-05-06,2025-07-27,82
EST_08438,축구골대,3,3350000,신세계조경,2025-05-06,2025-09-08,125
EST_08439,트랜치,1,34000,우신산업,2025-05-07,2025-05-18,11
EST_08440,점자블록,1,18000,에코시설,2025-05-07,2025-05-17,10
EST_08441,축구골대,1,923000,한성토목,2025-05-07,2025-06-07,31
EST_08442,그네,3,2454000,동화시스템,2025-05-07,2025-10-29,175
EST_08443,등받이있는벤치,3,633000,중앙산업,2025-05-07,2025-06-27,51
EST_08444,달리기,3,3080000,한성토목,2025-05-08,2025-07-28,81
EST_08445,보차도경계석,3,134000,대명건설,2025-05-08,2025-06-20,43
EST_08446,보호시설물무단횡단방지시설,1,149000,신세계시스템,2025-05-08,2025-05-30,22
EST_08447,등받이없는벤치,2,267000,미래시스템,2025-05-09,2025-06-08,30
EST_08448,보호시설물무단횡단방지시설,2,273000,대명건설,2025-05-09,2025-06-21,43
EST_08449,보차도경계석,3,138000,그린플레이,2025-05-09,2025-07-07,59
EST_08450,그네,2,1518000,도시정비단,2025-05-09,2025-08-01,84
EST_08451,점자블록,3,70000,대명시설관리,2025-05-09,2025-06-18,40
EST_08452,축구골대,1,852000,대명안전,2025-05-09,2025-06-10,32
EST_08453,등받이없는벤치,1,125000,제일토목,2025-05-09,2025-05-26,17
EST_08454,등받이있는벤치,1,107000,태영테크,2025-05-09,2025-05-23,14
EST_08455,농구대,1,597000,중앙산업,2025-05-10,2025-06-06,27
EST_08456,등받이있는벤치,3,666000,신세계건설,2025-05-10,2025-07-02,53
EST_08457,등받이있는벤치,2,405000,에코시설,2025-05-10,2025-06-06,27
EST_08458,보호시설물무단횡단방지시설,2,322000,대명산업,2025-05-11,2025-06-22,42
EST_08459,등받이있는벤치,1,135000,신세계시스템,2025-05-11,2025-05-26,15
EST_08460,축구골대,2,2351000,우신시설관리,2025-05-12,2025-06-28,47
EST_08461,등받이없는벤치,3,672000,한성건설,2025-05-12,2025-07-07,56
EST_08462,농구대,2,790000,제일안전,2025-05-12,2025-06-25,44
EST_08463,맨홀,1,245000,신세계건설,2025-05-13,2025-06-06,24
EST_08464,보차도경계석,3,147000,미래토목,2025-05-13,2025-06-29,47
EST_08465,등받이있는벤치,1,199000,한성산업,2025-05-14,2025-05-30,16
EST_08466,보호시설물볼라드,2,140000,그린플레이,2025-05-14,2025-06-11,28
EST_08467,달리기,3,2480000,한성산업,2025-05-14,2025-09-01,110
EST_08468,가로수보호덮개,1,56000,미래시설관리,2025-05-14,2025-05-25,11
EST_08469,트랜치,3,214000,신세계테크,2025-05-15,2025-06-17,33
EST_08470,미끄럼틀,3,4204000,중앙안전,2025-05-15,2025-09-18,126
EST_08471,보차도경계석,2,63000,중앙안전,2025-05-15,2025-06-05,21
EST_08472,점자블록,2,37000,신세계안전,2025-05-15,2025-06-04,20
EST_08473,등받이있는벤치,3,915000,태영안전,2025-05-16,2025-06-25,40
EST_08474,등받이있는벤치,1,132000,동화테크,2025-05-16,2025-06-02,17
EST_08475,보호시설물무단횡단방지시설,2,202000,미래토목,2025-05-16,2025-06-23,38
EST_08476,그네,2,977000,제일산업,2025-05-16,2025-08-17,93
EST_08477,가로수보호덮개,2,176000,대명산업,2025-05-16,2025-06-03,18
EST_08478,보호시설물볼라드,2,179000,제일산업,2025-05-17,2025-06-16,30
EST_08479,등받이없는벤치,1,138000,도시정비단,2025-05-17,2025-06-01,15
EST_08480,등받이있는벤치,1,114000,우신시설관리,2025-05-17,2025-06-01,15
EST_08481,축구골대,2,1545000,동화조경,2025-05-17,2025-07-15,59
EST_08482,미끄럼틀,1,969000,대명안전,2025-05-18,2025-07-09,52
EST_08483,미끄럼틀,2,2811000,신세계토목,2025-05-18,2025-08-22,96
EST_08484,농구대,1,299000,신세계건설,2025-05-18,2025-06-19,32
EST_08485,가로수보호덮개,2,265000,동화시스템,2025-05-18,2025-06-04,17
EST_08486,보호시설물볼라드,3,224000,한성시설관리,2025-05-18,2025-06-27,40
EST_08487,보호펜스,3,244000,대명안전,2025-05-18,2025-07-14,57
EST_08488,맨홀,2,479000,신세계조경,2025-05-18,2025-06-22,35
EST_08489,달리기,1,786000,중앙테크,2025-05-18,2025-06-17,30
EST_08490,보차도경계석,3,172000,미래시설관리,2025-05-18,2025-06-29,42
EST_08491,등받이있는벤치,2,394000,대명테크,2025-05-19,2025-06-18,30
EST_08492,보차도경계석,3,169000,미래안전,2025-05-19,2025-06-27,39
EST_08493,보도블록,2,33000,중앙토목,2025-05-19,2025-06-08,20
EST_08494,달리기,3,3172000,대명테크,2025-05-19,2025-08-22,95
EST_08495,가로수보호덮개,3,395000,미래시설관리,2025-05-19,2025-06-22,34
EST_08496,맨홀,3,1104000,동화시스템,2025-05-19,2025-07-18,60
EST_08497,가로수보호덮개,3,477000,신세계테크,2025-05-19,2025-06-15,27
EST_08498,맨홀,2,636000,제일토목,2025-05-19,2025-06-20,32
EST_08499,맨홀,3,1304000,우신산업,2025-05-19,2025-08-09,82
EST_08500,그네,3,2127000,미래시설관리,2025-05-20,2025-11-19,183
EST_08501,보호펜스,3,216000,제일안전,2025-05-20,2025-08-16,88
EST_08502,보호시설물무단횡단방지시설,2,227000,미래토목,2025-05-20,2025-06-28,39
EST_08503,보호시설물무단횡단방지시설,3,622000,동화토목,2025-05-20,2025-07-13,54
EST_08504,축구골대,3,3779000,한성건설,2025-05-20,2025-08-25,97
EST_08505,달리기,1,432000,한성산업,2025-05-21,2025-06-22,32
EST_08506,달리기,2,1692000,현대시스템,2025-05-21,2025-07-19,59
EST_08507,등받이없는벤치,1,105000,현대시스템,2025-05-21,2025-06-06,16
EST_08508,보호펜스,1,50000,태영건설,2025-05-21,2025-06-16,26
EST_08509,맨홀,1,243000,동화시설관리,2025-05-21,2025-06-13,23
EST_08510,농구대,1,300000,에코시설,2025-05-21,2025-06-16,26
EST_08511,점자블록,3,79000,신세계건설,2025-05-21,2025-06-30,40
EST_08512,보호시설물무단횡단방지시설,2,310000,동화시설관리,2025-05-21,2025-06-26,36
EST_08513,가로수보호덮개,3,512000,우신시설관리,2025-05-23,2025-06-22,30
EST_08514,농구대,2,861000,신세계시설관리,2025-05-23,2025-07-08,46
EST_08515,점자블록,3,94000,우신조경,2025-05-23,2025-06-19,27
EST_08516,미끄럼틀,3,4223000,미래시스템,2025-05-23,2025-12-02,193
EST_08517,보호시설물볼라드,3,288000,대명건설,2025-05-23,2025-07-12,50
EST_08518,보차도경계석,3,116000,동화시설관리,2025-05-23,2025-07-18,56
EST_08519,보호시설물볼라드,2,153000,우신테크,2025-05-23,2025-06-14,22
EST_08520,보도블록,1,11000,우신산업,2025-05-23,2025-06-02,10
EST_08521,농구대,2,1127000,중앙산업,2025-05-24,2025-07-04,41
EST_08522,달리기,3,3594000,현대시스템,2025-05-24,2025-09-17,116
EST_08523,보도블록,3,64000,신세계시설관리,2025-05-24,2025-06-29,36
EST_08524,보도블록,2,28000,대명산업,2025-05-25,2025-06-15,21
EST_08525,달리기,2,1548000,미래안전,2025-05-25,2025-07-28,64
EST_08526,그네,1,363000,한성안전,2025-05-25,2025-07-15,51
EST_08527,등받이있는벤치,3,871000,신세계건설,2025-05-25,2025-07-04,40
EST_08528,보차도경계석,1,21000,신세계테크,2025-05-25,2025-06-09,15
EST_08529,보차도경계석,1,34000,한성안전,2025-05-26,2025-06-10,15
EST_08530,그네,2,1291000,신세계시설관리,2025-05-26,2025-08-26,92
EST_08531,가로수보호덮개,3,407000,우신시설관리,2025-05-26,2025-07-05,40
EST_08532,가로수보호덮개,1,61000,신세계조경,2025-05-27,2025-06-06,10
EST_08533,달리기,2,1426000,동화토목,2025-05-27,2025-07-21,55
EST_08534,보호시설물볼라드,3,315000,도시정비단,2025-05-27,2025-07-17,51
EST_08535,농구대,1,345000,대명안전,2025-05-28,2025-06-27,30
EST_08536,보차도경계석,2,66000,신세계조경,2025-05-28,2025-06-27,30
EST_08537,트랜치,1,69000,미래토목,2025-05-28,2025-06-09,12
EST_08538,보도블록,3,54000,한성건설,2025-05-28,2025-06-24,27
EST_08539,달리기,1,688000,제일테크,2025-05-29,2025-07-03,35
EST_08540,가로수보호덮개,1,59000,현대건설,2025-05-29,2025-06-10,12
EST_08541,등받이없는벤치,3,704000,미래시설관리,2025-05-30,2025-07-10,41
EST_08542,트랜치,2,154000,신세계시스템,2025-05-30,2025-06-15,16
EST_08543,보차도경계석,1,21000,태영안전,2025-05-30,2025-06-17,18
EST_08544,가로수보호덮개,2,179000,미래시설관리,2025-05-30,2025-06-15,16
EST_08545,맨홀,2,445000,제일토목,2025-05-31,2025-07-11,41
EST_08546,그네,1,364000,한성건설,2025-05-31,2025-07-15,45
EST_08547,미끄럼틀,2,2467000,태영테크,2025-05-31,2025-08-17,78
EST_08548,트랜치,2,102000,우신산업,2025-06-01,2025-06-19,18
EST_08549,트랜치,2,118000,신세계건설,2025-06-01,2025-06-22,21
EST_08550,보호펜스,2,109000,대명산업,2025-06-01,2025-07-07,36
EST_08551,보호펜스,3,196000,제일안전,2025-06-01,2025-08-15,75
EST_08552,트랜치,3,213000,중앙안전,2025-06-01,2025-07-02,31
EST_08553,보호시설물무단횡단방지시설,2,215000,한성안전,2025-06-02,2025-07-13,41
EST_08554,가로수보호덮개,1,123000,태영테크,2025-06-02,2025-06-13,11
EST_08555,보호시설물볼라드,2,169000,도시정비단,2025-06-02,2025-06-26,24
EST_08556,보호시설물무단횡단방지시설,1,86000,동화조경,2025-06-03,2025-06-26,23
EST_08557,등받이없는벤치,2,349000,중앙테크,2025-06-03,2025-07-01,28
EST_08558,농구대,3,1873000,태영안전,2025-06-03,2025-08-29,87
EST_08559,미끄럼틀,1,1238000,한성산업,2025-06-03,2025-07-22,49
EST_08560,트랜치,1,68000,제일안전,2025-06-04,2025-06-16,12
EST_08561,맨홀,1,188000,현대건설,2025-06-04,2025-06-26,22
EST_08562,농구대,2,976000,우신조경,2025-06-04,2025-07-27,53
EST_08563,트랜치,3,223000,한성산업,2025-06-05,2025-07-03,28
EST_08564,보호시설물무단횡단방지시설,1,123000,미래토목,2025-06-05,2025-06-27,22
EST_08565,등받이있는벤치,1,234000,도시정비단,2025-06-05,2025-06-21,16
EST_08566,그네,3,2094000,동화테크,2025-06-05,2025-12-21,199
EST_08567,보호펜스,2,96000,도시정비단,2025-06-06,2025-07-18,42
EST_08568,달리기,2,1518000,대명산업,2025-06-06,2025-08-03,58
EST_08569,축구골대,3,3202000,제일안전,2025-06-06,2025-09-07,93
EST_08570,트랜치,1,57000,제일테크,2025-06-07,2025-06-18,11
EST_08571,보호시설물볼라드,2,148000,중앙테크,2025-06-07,2025-07-03,26
EST_08572,점자블록,3,83000,에코시설,2025-06-07,2025-07-19,42
EST_08573,트랜치,2,100000,대명안전,2025-06-07,2025-06-24,17
EST_08574,보호펜스,2,88000,대명테크,2025-06-07,2025-07-18,41
EST_08575,축구골대,1,514000,중앙안전,2025-06-07,2025-07-13,36
EST_08576,등받이없는벤치,3,525000,신세계테크,2025-06-08,2025-07-28,50
EST_08577,등받이없는벤치,2,295000,태영테크,2025-06-08,2025-07-08,30
EST_08578,등받이있는벤치,1,123000,태영건설,2025-06-08,2025-06-24,16
EST_08579,달리기,3,2828000,미래안전,2025-06-09,2025-09-22,105
EST_08580,등받이없는벤치,2,353000,태영건설,2025-06-09,2025-07-09,30
EST_08581,보도블록,2,39000,제일조경,2025-06-09,2025-06-25,16
EST_08582,등받이없는벤치,1,145000,도시정비단,2025-06-09,2025-06-26,17
EST_08583,그네,3,2970000,신세계건설,2025-06-10,2025-12-19,192
EST_08584,보차도경계석,2,90000,대명시설관리,2025-06-10,2025-07-02,22
EST_08585,보호시설물무단횡단방지시설,2,230000,미래시설관리,2025-06-10,2025-07-11,31
EST_08586,보호시설물볼라드,2,168000,대명시설관리,2025-06-10,2025-07-03,23
EST_08587,축구골대,2,1508000,신세계테크,2025-06-11,2025-08-03,53
EST_08588,농구대,2,1143000,신세계건설,2025-06-12,2025-07-22,40
EST_08589,가로수보호덮개,3,429000,대명산업,2025-06-12,2025-07-25,43
EST_08590,트랜치,1,44000,현대시스템,2025-06-12,2025-06-23,11
EST_08591,그네,1,565000,도시정비단,2025-06-12,2025-08-06,55
EST_08592,가로수보호덮개,3,481000,우신테크,2025-06-12,2025-07-10,28
EST_08593,등받이있는벤치,3,950000,중앙산업,2025-06-12,2025-08-10,59
EST_08594,트랜치,1,47000,우신조경,2025-06-13,2025-06-23,10
EST_08595,보호펜스,3,176000,신세계시설관리,2025-06-13,2025-08-31,79
EST_08596,달리기,2,1611000,동화시설관리,2025-06-13,2025-08-15,63
EST_08597,보호시설물무단횡단방지시설,2,292000,도시정비단,2025-06-13,2025-07-23,40
EST_08598,보차도경계석,2,58000,우신산업,2025-06-13,2025-07-09,26
EST_08599,축구골대,3,4127000,태영건설,2025-06-13,2025-09-21,100
EST_08600,그네,2,1545000,중앙토목,2025-06-13,2025-09-03,82
EST_08601,가로수보호덮개,1,80000,동화시설관리,2025-06-14,2025-06-26,12
EST_08602,트랜치,1,63000,동화시스템,2025-06-14,2025-06-25,11
EST_08603,맨홀,2,535000,미래시설관리,2025-06-14,2025-07-21,37
EST_08604,가로수보호덮개,2,244000,신세계건설,2025-06-14,2025-07-05,21
EST_08605,점자블록,3,74000,한성토목,2025-06-15,2025-07-18,33
EST_08606,보도블록,2,34000,제일시설관리,2025-06-15,2025-07-03,18
EST_08607,축구골대,2,1534000,미래안전,2025-06-15,2025-07-30,45
EST_08608,등받이있는벤치,1,156000,대명안전,2025-06-15,2025-07-01,16
EST_08609,보호펜스,3,167000,국토개발,2025-06-15,2025-09-10,87
EST_08610,축구골대,3,4502000,제일테크,2025-06-15,2025-10-16,123
EST_08611,보호시설물볼라드,1,42000,제일시설관리,2025-06-16,2025-07-01,15
EST_08612,등받이있는벤치,1,175000,우신조경,2025-06-16,2025-06-30,14
EST_08613,보호시설물무단횡단방지시설,2,248000,중앙안전,2025-06-16,2025-07-29,43
EST_08614,등받이없는벤치,1,139000,대명건설,2025-06-16,2025-07-02,16
EST_08615,보호시설물무단횡단방지시설,3,471000,미래시스템,2025-06-16,2025-08-16,61
EST_08616,트랜치,3,290000,대명시설관리,2025-06-17,2025-07-16,29
EST_08617,농구대,1,529000,현대시스템,2025-06-17,2025-07-15,28
EST_08618,보차도경계석,1,34000,태영건설,2025-06-17,2025-07-03,16
EST_08619,가로수보호덮개,3,471000,태영건설,2025-06-18,2025-07-20,32
EST_08620,트랜치,2,112000,대명테크,2025-06-18,2025-07-03,15
EST_08621,트랜치,1,34000,현대시스템,2025-06-18,2025-06-28,10
EST_08622,축구골대,2,2225000,태영테크,2025-06-18,2025-08-07,50
EST_08623,그네,3,2464000,미래안전,2025-06-18,2025-12-26,191
EST_08624,가로수보호덮개,3,451000,미래시스템,2025-06-18,2025-07-18,30
EST_08625,축구골대,1,599000,중앙테크,2025-06-18,2025-07-21,33
EST_08626,축구골대,1,603000,대명시설관리,2025-06-19,2025-07-23,34
EST_08627,그네,2,1227000,신세계테크,2025-06-19,2025-08-31,73
EST_08628,달리기,1,822000,한성산업,2025-06-19,2025-07-19,30
EST_08629,그네,2,1385000,제일테크,2025-06-20,2025-08-27,68
EST_08630,트랜치,2,142000,중앙토목,2025-06-20,2025-07-07,17
EST_08631,보호시설물무단횡단방지시설,3,483000,태영테크,2025-06-20,2025-09-12,84
EST_08632,보도블록,3,58000,동화시설관리,2025-06-20,2025-07-28,38
EST_08633,보차도경계석,2,69000,현대건설,2025-06-20,2025-07-11,21
EST_08634,보호시설물무단횡단방지시설,2,292000,태영건설,2025-06-20,2025-07-25,35
EST_08635,그네,2,1412000,동화시스템,2025-06-20,2025-09-03,75
EST_08636,달리기,2,1662000,우신조경,2025-06-21,2025-08-16,56
EST_08637,보호펜스,3,213000,동화토목,2025-06-21,2025-08-26,66
EST_08638,등받이없는벤치,1,141000,신세계안전,2025-06-21,2025-07-07,16
EST_08639,보호시설물볼라드,2,110000,한성토목,2025-06-21,2025-07-15,24
EST_08640,트랜치,3,203000,신세계안전,2025-06-21,2025-07-24,33
EST_08641,보호시설물무단횡단방지시설,2,305000,한성건설,2025-06-21,2025-07-28,37
EST_08642,달리기,2,1333000,에코시설,2025-06-21,2025-08-13,53
EST_08643,등받이없는벤치,2,311000,미래안전,2025-06-22,2025-07-18,26
EST_08644,보도블록,3,46000,현대시스템,2025-06-22,2025-07-20,28
EST_08645,농구대,2,924000,태영테크,2025-06-22,2025-08-02,41
EST_08646,보차도경계석,3,180000,동화시스템,2025-06-22,2025-08-03,42
EST_08647,축구골대,1,880000,동화시스템,2025-06-23,2025-07-23,30
EST_08648,가로수보호덮개,1,66000,신세계시설관리,2025-06-23,2025-07-03,10
EST_08649,보호시설물볼라드,2,175000,우신산업,2025-06-24,2025-07-23,29
EST_08650,등받이있는벤치,3,730000,우신테크,2025-06-25,2025-08-21,57
EST_08651,등받이없는벤치,2,274000,우신테크,2025-06-25,2025-07-23,28
EST_08652,가로수보호덮개,2,203000,그린플레이,2025-06-25,2025-07-15,20
EST_08653,보호펜스,1,37000,한성건설,2025-06-26,2025-07-19,23
EST_08654,점자블록,1,11000,제일시설관리,2025-06-27,2025-07-09,12
EST_08655,그네,2,1172000,동화조경,2025-06-27,2025-09-06,71
EST_08656,미끄럼틀,2,2291000,대명안전,2025-06-27,2025-09-19,84
EST_08657,달리기,1,851000,우신조경,2025-06-28,2025-07-31,33
EST_08658,보호시설물무단횡단방지시설,3,500000,신세계안전,2025-06-29,2025-08-30,62
EST_08659,축구골대,2,1710000,신세계안전,2025-06-29,2025-08-30,62
EST_08660,가로수보호덮개,3,451000,중앙건설,2025-06-29,2025-07-28,29
EST_08661,보도블록,3,63000,미래안전,2025-06-29,2025-07-28,29
EST_08662,달리기,1,577000,중앙테크,2025-06-30,2025-07-31,31
EST_08663,축구골대,3,3252000,신세계토목,2025-06-30,2025-09-25,87
EST_08664,보호시설물볼라드,3,283000,국토개발,2025-06-30,2025-08-09,40
EST_08665,가로수보호덮개,2,246000,제일시설관리,2025-06-30,2025-07-17,17
EST_08666,미끄럼틀,3,4243000,미래안전,2025-06-30,2025-10-22,114
EST_08667,그네,2,1113000,태영테크,2025-06-30,2025-10-01,93
EST_08668,맨홀,2,454000,제일조경,2025-07-01,2025-08-04,34
EST_08669,보차도경계석,3,135000,한성건설,2025-07-01,2025-08-26,56
EST_08670,등받이없는벤치,1,96000,우신산업,2025-07-01,2025-07-16,15
EST_08671,축구골대,3,3841000,신세계조경,2025-07-02,2025-10-11,101
EST_08672,그네,3,1900000,동화조경,2025-07-02,2026-01-06,188
EST_08673,맨홀,2,548000,신세계시설관리,2025-07-02,2025-08-06,35
EST_08674,등받이없는벤치,1,109000,에코시설,2025-07-02,2025-07-17,15
EST_08675,보호시설물무단횡단방지시설,2,210000,한성건설,2025-07-02,2025-08-06,35
EST_08676,등받이없는벤치,2,323000,미래토목,2025-07-02,2025-07-27,25
EST_08677,점자블록,1,17000,중앙안전,2025-07-03,2025-07-13,10
EST_08678,보차도경계석,1,41000,신세계시스템,2025-07-03,2025-07-21,18
EST_08679,등받이없는벤치,3,504000,제일조경,2025-07-03,2025-08-15,43
EST_08680,점자블록,1,21000,제일테크,2025-07-03,2025-07-15,12
EST_08681,달리기,3,3351000,한성건설,2025-07-04,2025-10-03,91
EST_08682,등받이없는벤치,2,290000,한성건설,2025-07-04,2025-08-01,28
EST_08683,달리기,1,744000,제일조경,2025-07-05,2025-08-07,33
EST_08684,축구골대,1,1064000,동화토목,2025-07-05,2025-08-08,34
EST_08685,가로수보호덮개,1,85000,대명테크,2025-07-05,2025-07-15,10
EST_08686,보차도경계석,2,71000,우신시설관리,2025-07-05,2025-08-02,28
EST_08687,보호시설물무단횡단방지시설,3,578000,제일시설관리,2025-07-05,2025-09-03,60
EST_08688,보호펜스,1,50000,동화토목,2025-07-06,2025-07-28,22
EST_08689,등받이있는벤치,1,225000,중앙안전,2025-07-06,2025-07-23,17
EST_08690,미끄럼틀,3,4828000,태영안전,2025-07-06,2025-12-08,155
EST_08691,가로수보호덮개,1,107000,국토개발,2025-07-07,2025-07-19,12
EST_08692,맨홀,2,596000,한성안전,2025-07-07,2025-08-19,43
EST_08693,등받이있는벤치,3,814000,에코시설,2025-07-07,2025-09-05,60
EST_08694,보도블록,2,24000,대명안전,2025-07-07,2025-07-26,19
EST_08695,보호시설물무단횡단방지시설,3,415000,현대시스템,2025-07-07,2025-09-14,69
EST_08696,미끄럼틀,1,829000,한성건설,2025-07-07,2025-09-01,56
EST_08697,보호시설물무단횡단방지시설,3,400000,한성토목,2025-07-07,2025-10-02,87
EST_08698,점자블록,2,37000,동화시설관리,2025-07-07,2025-07-22,15
EST_08699,달리기,2,1311000,우신시설관리,2025-07-08,2025-09-06,60
EST_08700,등받이있는벤치,1,142000,동화시스템,2025-07-08,2025-07-23,15
EST_08701,등받이있는벤치,1,221000,한성안전,2025-07-08,2025-07-25,17
EST_08702,미끄럼틀,3,5194000,우신시설관리,2025-07-08,2025-11-29,144
EST_08703,등받이없는벤치,1,98000,대명시설관리,2025-07-09,2025-07-26,17
EST_08704,등받이있는벤치,2,338000,우신시설관리,2025-07-09,2025-08-08,30
EST_08705,등받이없는벤치,3,575000,미래토목,2025-07-09,2025-08-24,46
EST_08706,등받이있는벤치,2,451000,중앙안전,2025-07-09,2025-08-01,23
EST_08707,농구대,2,1227000,우신시설관리,2025-07-09,2025-08-24,46
EST_08708,축구골대,3,3736000,대명테크,2025-07-10,2025-10-21,103
EST_08709,그네,1,691000,우신테크,2025-07-10,2025-08-30,51
EST_08710,달리기,1,750000,신세계건설,2025-07-11,2025-08-10,30
EST_08711,보호시설물무단횡단방지시설,3,559000,신세계안전,2025-07-11,2025-10-07,88
EST_08712,맨홀,3,1367000,중앙토목,2025-07-11,2025-09-18,69
EST_08713,등받이있는벤치,2,339000,태영테크,2025-07-11,2025-08-02,22
EST_08714,보차도경계석,2,95000,신세계건설,2025-07-11,2025-08-08,28
EST_08715,등받이있는벤치,1,184000,미래시설관리,2025-07-11,2025-07-25,14
EST_08716,달리기,2,1680000,국토개발,2025-07-12,2025-09-03,53
EST_08717,등받이있는벤치,2,480000,동화테크,2025-07-12,2025-08-04,23
EST_08718,등받이있는벤치,3,789000,도시정비단,2025-07-12,2025-09-01,51
EST_08719,보호시설물볼라드,1,75000,미래토목,2025-07-12,2025-07-29,17
EST_08720,보도블록,2,34000,신세계조경,2025-07-13,2025-08-03,21
EST_08721,가로수보호덮개,2,217000,우신조경,2025-07-13,2025-07-28,15
EST_08722,달리기,3,3648000,중앙테크,2025-07-13,2025-10-07,86
EST_08723,가로수보호덮개,3,346000,동화토목,2025-07-14,2025-08-17,34
EST_08724,맨홀,1,187000,우신산업,2025-07-14,2025-08-05,22
EST_08725,보도블록,1,10000,한성시설관리,2025-07-14,2025-07-24,10
EST_08726,점자블록,1,23000,그린플레이,2025-07-14,2025-07-25,11
EST_08727,보차도경계석,2,76000,미래시스템,2025-07-14,2025-08-13,30
EST_08728,점자블록,3,72000,중앙안전,2025-07-14,2025-08-19,36
EST_08729,보차도경계석,2,63000,미래시설관리,2025-07-14,2025-08-06,23
EST_08730,보도블록,1,11000,대명건설,2025-07-15,2025-07-27,12
EST_08731,등받이있는벤치,2,425000,한성안전,2025-07-15,2025-08-10,26
EST_08732,그네,2,1392000,중앙토목,2025-07-15,2025-10-15,92
EST_08733,보차도경계석,1,43000,제일시설관리,2025-07-15,2025-07-30,15
EST_08734,맨홀,1,209000,우신조경,2025-07-15,2025-08-07,23
EST_08735,달리기,3,2755000,동화조경,2025-07-16,2025-10-16,92
EST_08736,등받이없는벤치,2,255000,동화시스템,2025-07-16,2025-08-07,22
EST_08737,그네,1,377000,도시정비단,2025-07-16,2025-09-07,53
EST_08738,보도블록,3,67000,대명산업,2025-07-16,2025-08-10,25
EST_08739,달리기,1,482000,대명산업,2025-07-17,2025-08-17,31
EST_08740,보도블록,3,62000,한성시설관리,2025-07-17,2025-08-21,35
EST_08741,가로수보호덮개,1,77000,중앙건설,2025-07-17,2025-07-29,12
EST_08742,축구골대,2,2261000,우신시설관리,2025-07-17,2025-09-01,46
EST_08743,등받이있는벤치,2,462000,미래시설관리,2025-07-18,2025-08-17,30
EST_08744,보호시설물무단횡단방지시설,1,105000,신세계안전,2025-07-18,2025-08-08,21
EST_08745,맨홀,3,1031000,태영안전,2025-07-19,2025-09-11,54
EST_08746,농구대,2,863000,미래시설관리,2025-07-19,2025-09-09,52
EST_08747,축구골대,3,3950000,신세계토목,2025-07-19,2025-11-29,133
EST_08748,트랜치,2,151000,제일테크,2025-07-19,2025-08-09,21
EST_08749,미끄럼틀,2,2073000,중앙테크,2025-07-19,2025-10-25,98
EST_08750,등받이없는벤치,1,149000,동화시설관리,2025-07-19,2025-08-02,14
EST_08751,미끄럼틀,1,1201000,동화토목,2025-07-19,2025-09-04,47
EST_08752,트랜치,2,131000,에코시설,2025-07-20,2025-08-10,21
EST_08753,축구골대,3,3389000,한성건설,2025-07-20,2025-11-04,107
EST_08754,보호시설물볼라드,2,167000,대명테크,2025-07-20,2025-08-15,26
EST_08755,보호시설물무단횡단방지시설,1,124000,대명건설,2025-07-20,2025-08-16,27
EST_08756,보호펜스,2,113000,한성안전,2025-07-21,2025-08-25,35
EST_08757,트랜치,2,108000,중앙건설,2025-07-22,2025-08-11,20
EST_08758,가로수보호덮개,1,99000,한성건설,2025-07-22,2025-08-01,10
EST_08759,농구대,1,415000,신세계테크,2025-07-22,2025-08-22,31
EST_08760,달리기,2,1551000,제일산업,2025-07-22,2025-09-23,63
EST_08761,농구대,2,1249000,대명안전,2025-07-22,2025-09-11,51
EST_08762,가로수보호덮개,1,81000,태영안전,2025-07-23,2025-08-03,11
EST_08763,등받이있는벤치,2,469000,미래안전,2025-07-23,2025-08-13,21
EST_08764,그네,3,2921000,제일산업,2025-07-23,2025-12-25,155
EST_08765,보차도경계석,1,36000,미래토목,2025-07-23,2025-08-09,17
EST_08766,점자블록,2,53000,한성안전,2025-07-24,2025-08-08,15
EST_08767,점자블록,3,92000,중앙산업,2025-07-24,2025-08-30,37
EST_08768,보도블록,2,34000,한성건설,2025-07-24,2025-08-08,15
EST_08769,미끄럼틀,1,816000,대명안전,2025-07-24,2025-09-12,50
EST_08770,그네,2,1038000,중앙산업,2025-07-24,2025-09-30,68
EST_08771,점자블록,3,73000,중앙산업,2025-07-24,2025-08-30,37
EST_08772,농구대,2,1004000,제일테크,2025-07-24,2025-09-03,41
EST_08773,보호펜스,1,62000,미래시설관리,2025-07-24,2025-08-16,23
EST_08774,보호시설물볼라드,2,118000,우신테크,2025-07-25,2025-08-16,22
EST_08775,보차도경계석,3,151000,미래시설관리,2025-07-25,2025-09-09,46
EST_08776,농구대,2,1036000,에코시설,2025-07-25,2025-09-12,49
EST_08777,등받이없는벤치,1,131000,신세계건설,2025-07-25,2025-08-09,15
EST_08778,보호펜스,1,33000,제일조경,2025-07-25,2025-08-20,26
EST_08779,미끄럼틀,2,2958000,에코시설,2025-07-25,2025-10-10,77
EST_08780,맨홀,2,440000,동화조경,2025-07-25,2025-09-05,42
EST_08781,보호펜스,1,63000,우신조경,2025-07-26,2025-08-22,27
EST_08782,보도블록,2,23000,대명안전,2025-07-26,2025-08-14,19
EST_08783,미끄럼틀,3,5462000,제일시설관리,2025-07-26,2025-12-27,154
EST_08784,보도블록,2,30000,태영테크,2025-07-26,2025-08-13,18
EST_08785,보도블록,1,8000,대명시설관리,2025-07-26,2025-08-06,11
EST_08786,보호시설물무단횡단방지시설,3,602000,한성건설,2025-07-27,2025-10-01,66
EST_08787,점자블록,2,36000,미래안전,2025-07-27,2025-08-12,16
EST_08788,보도블록,3,73000,동화조경,2025-07-27,2025-08-26,30
EST_08789,트랜치,1,61000,미래안전,2025-07-27,2025-08-08,12
EST_08790,보도블록,2,26000,우신조경,2025-07-27,2025-08-11,15
EST_08791,등받이있는벤치,3,640000,신세계시스템,2025-07-27,2025-09-14,49
EST_08792,농구대,3,1583000,동화시스템,2025-07-27,2025-09-27,62
EST_08793,보호시설물무단횡단방지시설,2,207000,동화토목,2025-07-27,2025-08-28,32
EST_08794,맨홀,1,199000,제일테크,2025-07-27,2025-08-20,24
EST_08795,보호시설물볼라드,3,261000,제일토목,2025-07-27,2025-09-05,40
EST_08796,트랜치,3,270000,신세계시스템,2025-07-27,2025-09-09,44
EST_08797,보호시설물볼라드,3,250000,신세계시설관리,2025-07-28,2025-09-25,59
EST_08798,미끄럼틀,2,2971000,미래시설관리,2025-07-28,2025-10-04,68
EST_08799,맨홀,1,181000,대명산업,2025-07-28,2025-08-21,24
EST_08800,축구골대,1,935000,중앙안전,2025-07-28,2025-08-27,30
EST_08801,트랜치,3,223000,도시정비단,2025-07-29,2025-08-29,31
EST_08802,보도블록,1,13000,미래시설관리,2025-07-29,2025-08-10,12
EST_08803,그네,1,702000,중앙산업,2025-07-30,2025-09-20,52
EST_08804,트랜치,1,47000,태영건설,2025-07-31,2025-08-12,12
EST_08805,달리기,1,388000,한성산업,2025-07-31,2025-09-06,37
EST_08806,미끄럼틀,3,4681000,동화토목,2025-07-31,2025-12-08,130
EST_08807,축구골대,1,1029000,국토개발,2025-07-31,2025-08-31,31
EST_08808,보호시설물볼라드,1,80000,우신조경,2025-08-01,2025-08-18,17
EST_08809,등받이없는벤치,2,332000,현대건설,2025-08-01,2025-08-26,25
EST_08810,보호시설물볼라드,1,81000,중앙건설,2025-08-01,2025-08-18,17
EST_08811,맨홀,3,883000,한성산업,2025-08-01,2025-09-23,53
EST_08812,달리기,1,511000,중앙안전,2025-08-02,2025-09-05,34
EST_08813,가로수보호덮개,3,407000,신세계조경,2025-08-02,2025-09-02,31
EST_08814,트랜치,2,109000,태영건설,2025-08-02,2025-08-21,19
EST_08815,가로수보호덮개,1,86000,중앙산업,2025-08-02,2025-08-14,12
EST_08816,보호펜스,1,43000,대명시설관리,2025-08-02,2025-08-27,25
EST_08817,달리기,3,2839000,신세계토목,2025-08-03,2025-11-17,106
EST_08818,등받이없는벤치,3,558000,우신테크,2025-08-03,2025-10-03,61
EST_08819,맨홀,2,664000,동화시스템,2025-08-03,2025-09-12,40
EST_08820,달리기,2,1429000,제일조경,2025-08-03,2025-09-29,57
EST_08821,가로수보호덮개,2,236000,중앙산업,2025-08-04,2025-08-24,20
EST_08822,보호펜스,3,187000,태영테크,2025-08-04,2025-09-30,57
EST_08823,맨홀,2,439000,동화테크,2025-08-04,2025-09-14,41
EST_08824,보호시설물무단횡단방지시설,3,421000,대명건설,2025-08-04,2025-10-01,58
EST_08825,가로수보호덮개,3,531000,신세계시스템,2025-08-05,2025-09-13,39
EST_08826,그네,1,441000,한성토목,2025-08-05,2025-09-30,56
EST_08827,등받이있는벤치,2,340000,국토개발,2025-08-05,2025-08-31,26
EST_08828,보호펜스,2,103000,대명건설,2025-08-05,2025-09-15,41
EST_08829,점자블록,2,56000,중앙안전,2025-08-05,2025-08-26,21
EST_08830,등받이없는벤치,2,280000,신세계시스템,2025-08-05,2025-09-01,27
EST_08831,보호펜스,2,126000,중앙토목,2025-08-05,2025-09-12,38
EST_08832,보호시설물볼라드,1,73000,동화테크,2025-08-06,2025-08-23,17
EST_08833,그네,1,661000,중앙산업,2025-08-06,2025-09-28,53
EST_08834,보도블록,3,52000,태영안전,2025-08-06,2025-09-07,32
EST_08835,등받이있는벤치,1,135000,대명산업,2025-08-06,2025-08-20,14
EST_08836,그네,2,1209000,미래안전,2025-08-06,2025-10-20,75
EST_08837,달리기,1,579000,신세계토목,2025-08-06,2025-09-13,38
EST_08838,보호시설물무단횡단방지시설,3,516000,동화조경,2025-08-07,2025-10-10,64
EST_08839,트랜치,1,61000,신세계토목,2025-08-07,2025-08-17,10
EST_08840,그네,1,344000,중앙안전,2025-08-07,2025-10-02,56
EST_08841,트랜치,1,32000,신세계테크,2025-08-07,2025-08-17,10
EST_08842,미끄럼틀,2,3027000,대명테크,2025-08-08,2025-11-04,88
EST_08843,맨홀,2,486000,현대시스템,2025-08-08,2025-09-20,43
EST_08844,트랜치,2,130000,한성산업,2025-08-09,2025-08-28,19
EST_08845,축구골대,1,503000,한성건설,2025-08-09,2025-09-11,33
EST_08846,맨홀,1,231000,그린플레이,2025-08-09,2025-08-29,20
EST_08847,등받이있는벤치,1,218000,미래시설관리,2025-08-09,2025-08-25,16
EST_08848,축구골대,1,580000,태영건설,2025-08-10,2025-09-15,36
EST_08849,등받이없는벤치,2,264000,에코시설,2025-08-10,2025-09-08,29
EST_08850,보차도경계석,1,39000,우신시설관리,2025-08-10,2025-08-26,16
EST_08851,보호시설물볼라드,1,41000,제일시설관리,2025-08-11,2025-08-27,16
EST_08852,보호펜스,3,170000,제일토목,2025-08-11,2025-10-22,72
EST_08853,보호시설물볼라드,2,180000,중앙산업,2025-08-11,2025-09-02,22
EST_08854,보호펜스,3,254000,대명산업,2025-08-12,2025-10-26,75
EST_08855,농구대,2,855000,동화조경,2025-08-12,2025-09-30,49
EST_08856,그네,3,2499000,제일조경,2025-08-12,2026-02-18,190
EST_08857,보도블록,2,29000,신세계조경,2025-08-12,2025-08-28,16
EST_08858,보차도경계석,3,182000,우신시설관리,2025-08-13,2025-09-18,36
EST_08859,맨홀,2,602000,제일안전,2025-08-13,2025-09-15,33
EST_08860,트랜치,3,221000,신세계건설,2025-08-13,2025-09-18,36
EST_08861,가로수보호덮개,2,208000,동화토목,2025-08-13,2025-08-28,15
EST_08862,보도블록,2,35000,신세계건설,2025-08-13,2025-08-29,16
EST_08863,가로수보호덮개,2,258000,동화시설관리,2025-08-13,2025-08-30,17
EST_08864,달리기,3,2777000,동화토목,2025-08-13,2025-11-27,106
EST_08865,가로수보호덮개,2,211000,대명산업,2025-08-13,2025-08-31,18
EST_08866,보도블록,2,38000,중앙토목,2025-08-15,2025-09-04,20
EST_08867,보호펜스,1,47000,한성안전,2025-08-15,2025-09-06,22
EST_08868,그네,2,1029000,도시정비단,2025-08-15,2025-11-17,94
EST_08869,등받이없는벤치,1,145000,우신테크,2025-08-15,2025-08-31,16
EST_08870,트랜치,1,36000,우신조경,2025-08-15,2025-08-27,12
EST_08871,맨홀,1,167000,신세계시스템,2025-08-15,2025-09-09,25
EST_08872,가로수보호덮개,2,266000,대명시설관리,2025-08-15,2025-09-01,17
EST_08873,미끄럼틀,2,1855000,제일산업,2025-08-15,2025-11-18,95
EST_08874,보도블록,3,55000,한성안전,2025-08-16,2025-09-27,42
EST_08875,트랜치,3,199000,우신시설관리,2025-08-16,2025-09-10,25
EST_08876,점자블록,2,47000,대명건설,2025-08-16,2025-09-02,17
EST_08877,축구골대,3,3164000,현대건설,2025-08-16,2025-11-14,90
EST_08878,축구골대,2,2248000,우신조경,2025-08-17,2025-10-18,62
EST_08879,점자블록,2,35000,중앙테크,2025-08-17,2025-09-03,17
EST_08880,보호시설물무단횡단방지시설,2,264000,제일토목,2025-08-17,2025-09-18,32
EST_08881,보호시설물무단횡단방지시설,1,107000,대명시설관리,2025-08-17,2025-09-07,21
EST_08882,등받이있는벤치,1,125000,미래시스템,2025-08-17,2025-09-03,17
EST_08883,가로수보호덮개,2,168000,동화조경,2025-08-17,2025-09-01,15
EST_08884,맨홀,1,262000,중앙산업,2025-08-17,2025-09-10,24
EST_08885,보호펜스,2,114000,동화조경,2025-08-17,2025-09-27,41
EST_08886,등받이있는벤치,3,960000,동화조경,2025-08-18,2025-10-15,58
EST_08887,등받이있는벤치,2,453000,신세계안전,2025-08-18,2025-09-15,28
EST_08888,보도블록,3,49000,제일토목,2025-08-18,2025-09-27,40
EST_08889,점자블록,1,14000,태영건설,2025-08-19,2025-08-29,10
EST_08890,미끄럼틀,2,2494000,현대시스템,2025-08-19,2025-11-02,75
EST_08891,보호시설물볼라드,1,80000,신세계시스템,2025-08-19,2025-09-02,14
EST_08892,보차도경계석,2,77000,제일안전,2025-08-19,2025-09-17,29
EST_08893,등받이없는벤치,2,307000,대명산업,2025-08-19,2025-09-16,28
EST_08894,등받이있는벤치,1,106000,태영건설,2025-08-19,2025-09-06,18
EST_08895,보차도경계석,2,78000,중앙토목,2025-08-19,2025-09-10,22
EST_08896,보호시설물볼라드,2,154000,도시정비단,2025-08-20,2025-09-11,22
EST_08897,농구대,2,985000,미래시설관리,2025-08-20,2025-10-08,49
EST_08898,보도블록,1,16000,대명건설,2025-08-20,2025-09-01,12
EST_08899,보차도경계석,3,151000,신세계안전,2025-08-20,2025-10-18,59
EST_08900,보차도경계석,3,180000,제일테크,2025-08-20,2025-10-09,50
EST_08901,등받이없는벤치,2,241000,동화테크,2025-08-20,2025-09-13,24
EST_08902,트랜치,3,202000,우신산업,2025-08-20,2025-09-21,32
EST_08903,보호시설물무단횡단방지시설,1,149000,신세계안전,2025-08-20,2025-09-14,25
EST_08904,트랜치,2,124000,대명테크,2025-08-20,2025-09-06,17
EST_08905,농구대,3,2066000,제일산업,2025-08-21,2025-11-09,80
EST_08906,보차도경계석,3,131000,제일조경,2025-08-21,2025-09-29,39
EST_08907,트랜치,2,108000,제일산업,2025-08-21,2025-09-09,19
EST_08908,그네,2,1391000,태영건설,2025-08-21,2025-11-26,97
EST_08909,보차도경계석,3,120000,동화조경,2025-08-21,2025-10-10,50
EST_08910,보도블록,1,14000,대명안전,2025-08-21,2025-08-31,10
EST_08911,보도블록,3,55000,신세계건설,2025-08-21,2025-09-24,34
EST_08912,그네,1,370000,제일시설관리,2025-08-22,2025-10-12,51
EST_08913,달리기,2,1728000,동화조경,2025-08-22,2025-10-08,47
EST_08914,등받이있는벤치,2,399000,제일조경,2025-08-22,2025-09-17,26
EST_08915,가로수보호덮개,2,267000,대명건설,2025-08-22,2025-09-12,21
EST_08916,점자블록,3,87000,제일토목,2025-08-22,2025-09-21,30
EST_08917,미끄럼틀,3,4643000,국토개발,2025-08-23,2026-02-02,163
EST_08918,달리기,1,429000,신세계조경,2025-08-23,2025-09-29,37
EST_08919,등받이있는벤치,1,156000,제일조경,2025-08-23,2025-09-08,16
EST_08920,점자블록,3,78000,태영안전,2025-08-24,2025-09-18,25
EST_08921,가로수보호덮개,2,187000,에코시설,2025-08-24,2025-09-10,17
EST_08922,달리기,2,1899000,한성시설관리,2025-08-24,2025-10-27,64
EST_08923,그네,1,353000,우신산업,2025-08-24,2025-10-17,54
EST_08924,그네,2,952000,대명시설관리,2025-08-25,2025-12-01,98
EST_08925,트랜치,3,287000,중앙산업,2025-08-25,2025-09-26,32
EST_08926,보호시설물무단횡단방지시설,2,222000,한성안전,2025-08-25,2025-10-05,41
EST_08927,보호시설물볼라드,1,67000,대명안전,2025-08-25,2025-09-08,14
EST_08928,그네,1,318000,미래안전,2025-08-25,2025-10-21,57
EST_08929,보호시설물볼라드,2,143000,한성토목,2025-08-26,2025-09-22,27
EST_08930,점자블록,3,87000,미래안전,2025-08-26,2025-10-05,40
EST_08931,보도블록,2,25000,한성산업,2025-08-26,2025-09-11,16
EST_08932,보차도경계석,2,89000,제일토목,2025-08-26,2025-09-25,30
EST_08933,보호시설물볼라드,1,80000,한성건설,2025-08-27,2025-09-10,14
EST_08934,트랜치,1,51000,한성안전,2025-08-27,2025-09-08,12
EST_08935,등받이있는벤치,2,341000,동화토목,2025-08-27,2025-09-20,24
EST_08936,보호펜스,2,97000,태영건설,2025-08-28,2025-10-01,34
EST_08937,보호펜스,2,93000,우신산업,2025-08-28,2025-10-04,37
EST_08938,보호펜스,2,93000,한성토목,2025-08-28,2025-10-12,45
EST_08939,보도블록,1,15000,태영안전,2025-08-28,2025-09-09,12
EST_08940,등받이없는벤치,2,287000,중앙테크,2025-08-29,2025-09-23,25
EST_08941,보차도경계석,3,167000,미래시스템,2025-08-29,2025-10-07,39
EST_08942,축구골대,1,881000,제일안전,2025-08-29,2025-09-29,31
EST_08943,점자블록,3,73000,제일산업,2025-08-29,2025-10-12,44
EST_08944,보차도경계석,2,64000,동화시스템,2025-08-29,2025-09-24,26
EST_08945,그네,3,2286000,중앙토목,2025-08-30,2026-02-22,176
EST_08946,보호시설물무단횡단방지시설,2,318000,중앙테크,2025-08-30,2025-10-08,39
EST_08947,보호시설물볼라드,3,246000,현대건설,2025-08-31,2025-10-31,61
EST_08948,트랜치,2,146000,제일토목,2025-08-31,2025-09-20,20
EST_08949,보도블록,3,73000,신세계시설관리,2025-08-31,2025-09-25,25
EST_08950,그네,1,419000,한성시설관리,2025-08-31,2025-10-17,47
EST_08951,보호펜스,2,132000,한성건설,2025-09-01,2025-10-10,39
EST_08952,등받이없는벤치,3,632000,동화토목,2025-09-01,2025-10-30,59
EST_08953,보도블록,1,17000,동화시스템,2025-09-01,2025-09-11,10
EST_08954,달리기,1,865000,제일토목,2025-09-01,2025-10-03,32
EST_08955,보호펜스,3,232000,그린플레이,2025-09-01,2025-11-10,70
EST_08956,맨홀,2,595000,동화토목,2025-09-02,2025-10-03,31
EST_08957,등받이없는벤치,2,347000,미래토목,2025-09-02,2025-10-01,29
EST_08958,등받이없는벤치,3,541000,우신산업,2025-09-02,2025-10-14,42
EST_08959,보호시설물무단횡단방지시설,2,256000,미래시설관리,2025-09-02,2025-10-15,43
EST_08960,가로수보호덮개,3,348000,동화테크,2025-09-03,2025-10-02,29
EST_08961,보호시설물볼라드,1,76000,중앙안전,2025-09-03,2025-09-17,14
EST_08962,미끄럼틀,1,696000,중앙산업,2025-09-03,2025-10-28,55
EST_08963,점자블록,3,83000,제일조경,2025-09-04,2025-10-13,39
EST_08964,보차도경계석,1,28000,미래토목,2025-09-04,2025-09-21,17
EST_08965,달리기,2,1547000,대명시설관리,2025-09-04,2025-11-05,62
EST_08966,맨홀,2,545000,제일테크,2025-09-04,2025-10-04,30
EST_08967,그네,1,524000,신세계조경,2025-09-04,2025-11-01,58
EST_08968,트랜치,1,31000,제일테크,2025-09-04,2025-09-14,10
EST_08969,점자블록,1,17000,신세계시스템,2025-09-04,2025-09-16,12
EST_08970,점자블록,3,79000,한성토목,2025-09-05,2025-10-15,40
EST_08971,그네,1,729000,신세계시스템,2025-09-05,2025-10-25,50
EST_08972,트랜치,2,118000,태영건설,2025-09-05,2025-09-25,20
EST_08973,달리기,1,704000,중앙토목,2025-09-05,2025-10-10,35
EST_08974,등받이있는벤치,1,217000,대명시설관리,2025-09-05,2025-09-20,15
EST_08975,보호시설물볼라드,2,135000,한성안전,2025-09-06,2025-10-06,30
EST_08976,보호시설물볼라드,1,37000,한성토목,2025-09-06,2025-09-22,16
EST_08977,등받이없는벤치,3,467000,한성산업,2025-09-06,2025-11-06,61
EST_08978,가로수보호덮개,1,111000,제일안전,2025-09-07,2025-09-19,12
EST_08979,보호시설물무단횡단방지시설,2,234000,도시정비단,2025-09-07,2025-10-16,39
EST_08980,트랜치,1,31000,중앙안전,2025-09-07,2025-09-18,11
EST_08981,그네,2,1453000,미래토목,2025-09-07,2025-12-14,98
EST_08982,미끄럼틀,3,3766000,중앙건설,2025-09-08,2026-01-26,140
EST_08983,점자블록,1,19000,도시정비단,2025-09-08,2025-09-20,12
EST_08984,트랜치,1,69000,한성산업,2025-09-08,2025-09-19,11
EST_08985,보차도경계석,2,70000,동화조경,2025-09-08,2025-09-30,22
EST_08986,보도블록,2,25000,도시정비단,2025-09-09,2025-09-24,15
EST_08987,농구대,2,802000,국토개발,2025-09-09,2025-10-25,46
EST_08988,축구골대,3,3314000,우신시설관리,2025-09-09,2026-01-19,132
EST_08989,점자블록,3,70000,그린플레이,2025-09-09,2025-10-04,25
EST_08990,축구골대,3,3003000,대명테크,2025-09-09,2025-12-06,88
EST_08991,그네,2,1433000,대명안전,2025-09-09,2025-11-22,74
EST_08992,보호시설물볼라드,1,67000,한성토목,2025-09-09,2025-09-25,16
EST_08993,점자블록,1,24000,태영테크,2025-09-10,2025-09-22,12
EST_08994,보호펜스,3,187000,동화토목,2025-09-10,2025-12-05,86
EST_08995,달리기,1,697000,중앙안전,2025-09-10,2025-10-10,30
EST_08996,달리기,1,578000,중앙산업,2025-09-10,2025-10-18,38
EST_08997,보호시설물볼라드,1,46000,국토개발,2025-09-10,2025-09-25,15
EST_08998,보호펜스,2,97000,대명건설,2025-09-11,2025-10-22,41
EST_08999,보호시설물볼라드,1,68000,미래토목,2025-09-11,2025-09-25,14
EST_09000,등받이없는벤치,3,605000,우신조경,2025-09-13,2025-11-07,55
EST_09001,트랜치,3,266000,대명안전,2025-09-13,2025-10-19,36
EST_09002,등받이없는벤치,2,248000,한성시설관리,2025-09-13,2025-10-11,28
EST_09003,달리기,2,1155000,제일토목,2025-09-13,2025-11-09,57
EST_09004,보호펜스,1,53000,우신산업,2025-09-13,2025-10-04,21
EST_09005,미끄럼틀,2,2774000,제일산업,2025-09-13,2025-12-04,82
EST_09006,보도블록,1,8000,동화시설관리,2025-09-14,2025-09-26,12
EST_09007,가로수보호덮개,1,63000,제일조경,2025-09-14,2025-09-26,12
EST_09008,보차도경계석,3,165000,신세계안전,2025-09-15,2025-11-15,61
EST_09009,농구대,2,859000,우신산업,2025-09-15,2025-11-04,50
EST_09010,등받이없는벤치,2,322000,제일안전,2025-09-15,2025-10-08,23
EST_09011,점자블록,2,49000,한성토목,2025-09-15,2025-10-04,19
EST_09012,트랜치,1,45000,태영안전,2025-09-15,2025-09-25,10
EST_09013,트랜치,3,260000,대명안전,2025-09-15,2025-10-25,40
EST_09014,등받이없는벤치,2,343000,중앙산업,2025-09-15,2025-10-08,23
EST_09015,농구대,1,439000,태영테크,2025-09-15,2025-10-17,32
EST_09016,보호시설물볼라드,2,145000,그린플레이,2025-09-16,2025-10-15,29
EST_09017,미끄럼틀,1,674000,미래토목,2025-09-16,2025-11-09,54
EST_09018,보호시설물볼라드,2,173000,대명시설관리,2025-09-16,2025-10-10,24
EST_09019,그네,2,1119000,대명건설,2025-09-16,2025-11-24,69
EST_09020,보호펜스,1,31000,동화시스템,2025-09-17,2025-10-10,23
EST_09021,농구대,1,538000,현대건설,2025-09-17,2025-10-19,32
EST_09022,축구골대,1,1016000,도시정비단,2025-09-17,2025-10-18,31
EST_09023,미끄럼틀,1,1419000,에코시설,2025-09-17,2025-11-05,49
EST_09024,맨홀,1,243000,신세계시설관리,2025-09-17,2025-10-12,25
EST_09025,축구골대,2,2326000,신세계테크,2025-09-17,2025-11-20,64
EST_09026,그네,1,556000,동화시스템,2025-09-17,2025-11-10,54
EST_09027,가로수보호덮개,3,340000,한성건설,2025-09-17,2025-10-17,30
EST_09028,보차도경계석,3,128000,우신시설관리,2025-09-18,2025-11-05,48
EST_09029,보호펜스,3,167000,중앙안전,2025-09-18,2025-12-08,81
EST_09030,등받이있는벤치,3,884000,대명테크,2025-09-18,2025-11-15,58
EST_09031,농구대,3,2363000,제일테크,2025-09-18,2025-12-21,94
EST_09032,그네,3,1963000,동화테크,2025-09-19,2026-03-10,172
EST_09033,맨홀,2,610000,우신시설관리,2025-09-19,2025-11-01,43
EST_09034,달리기,3,2498000,한성토목,2025-09-19,2026-01-30,133
EST_09035,가로수보호덮개,2,245000,제일산업,2025-09-19,2025-10-08,19
EST_09036,달리기,3,3380000,그린플레이,2025-09-20,2026-01-24,126
EST_09037,달리기,3,3539000,중앙산업,2025-09-21,2025-12-18,88
EST_09038,보호시설물무단횡단방지시설,2,204000,신세계테크,2025-09-21,2025-11-03,43
EST_09039,보도블록,2,25000,신세계안전,2025-09-21,2025-10-08,17
EST_09040,등받이있는벤치,3,696000,대명건설,2025-09-21,2025-11-08,48
EST_09041,보호시설물무단횡단방지시설,2,287000,우신시설관리,2025-09-22,2025-11-02,41
EST_09042,축구골대,1,1070000,제일토목,2025-09-22,2025-10-27,35
EST_09043,맨홀,2,639000,태영건설,2025-09-22,2025-10-31,39
EST_09044,맨홀,3,1113000,현대시스템,2025-09-22,2025-11-18,57
EST_09045,보호시설물무단횡단방지시설,1,145000,신세계시설관리,2025-09-23,2025-10-19,26
EST_09046,점자블록,2,46000,신세계토목,2025-09-23,2025-10-09,16
EST_09047,그네,3,2651000,태영테크,2025-09-23,2026-01-24,123
EST_09048,점자블록,3,79000,제일안전,2025-09-23,2025-11-05,43
EST_09049,가로수보호덮개,3,443000,대명시설관리,2025-09-24,2025-10-30,36
EST_09050,보도블록,1,11000,대명산업,2025-09-24,2025-10-04,10
EST_09051,축구골대,1,790000,미래시스템,2025-09-24,2025-10-29,35
EST_09052,점자블록,3,91000,한성안전,2025-09-24,2025-11-04,41
EST_09053,축구골대,2,2338000,우신시설관리,2025-09-24,2025-11-19,56
EST_09054,가로수보호덮개,3,398000,우신조경,2025-09-24,2025-10-28,34
EST_09055,보도블록,3,60000,대명안전,2025-09-24,2025-10-21,27
EST_09056,미끄럼틀,2,1842000,대명테크,2025-09-25,2025-12-21,87
EST_09057,달리기,3,2701000,미래안전,2025-09-25,2025-12-31,97
EST_09058,미끄럼틀,2,2579000,한성산업,2025-09-25,2025-12-09,75
EST_09059,트랜치,1,71000,신세계시설관리,2025-09-25,2025-10-06,11
EST_09060,달리기,2,1277000,신세계조경,2025-09-25,2025-11-10,46
EST_09061,등받이없는벤치,2,230000,제일시설관리,2025-09-26,2025-10-21,25
EST_09062,달리기,2,1499000,제일조경,2025-09-26,2025-11-20,55
EST_09063,미끄럼틀,2,2375000,동화조경,2025-09-26,2025-12-24,89
EST_09064,등받이있는벤치,3,851000,현대건설,2025-09-27,2025-11-02,36
EST_09065,축구골대,3,3236000,우신조경,2025-09-27,2025-12-24,88
EST_09066,농구대,1,533000,미래안전,2025-09-27,2025-10-22,25
EST_09067,등받이없는벤치,1,95000,태영테크,2025-09-27,2025-10-13,16
EST_09068,등받이있는벤치,1,203000,대명시설관리,2025-09-27,2025-10-14,17
EST_09069,맨홀,1,222000,신세계건설,2025-09-27,2025-10-20,23
EST_09070,농구대,2,813000,제일산업,2025-09-27,2025-11-20,54
EST_09071,보차도경계석,2,59000,신세계시스템,2025-09-28,2025-10-25,27
EST_09072,보차도경계석,1,41000,중앙건설,2025-09-28,2025-10-13,15
EST_09073,보호시설물무단횡단방지시설,3,537000,태영안전,2025-09-28,2025-12-16,79
EST_09074,농구대,3,1780000,신세계건설,2025-09-29,2025-12-17,79
EST_09075,농구대,3,1691000,현대시스템,2025-09-29,2025-12-04,66
EST_09076,축구골대,1,794000,한성토목,2025-09-29,2025-10-30,31
EST_09077,농구대,1,602000,신세계토목,2025-09-29,2025-10-24,25
EST_09078,보호시설물볼라드,3,276000,제일토목,2025-09-30,2025-11-19,50
EST_09079,달리기,3,2405000,제일안전,2025-09-30,2026-01-03,95
EST_09080,맨홀,3,1021000,한성토목,2025-09-30,2025-12-09,70
EST_09081,그네,1,344000,중앙건설,2025-09-30,2025-11-18,49
EST_09082,맨홀,3,1065000,동화시설관리,2025-09-30,2025-11-29,60
EST_09083,미끄럼틀,3,5252000,동화시설관리,2025-09-30,2026-02-06,129
EST_09084,농구대,1,557000,신세계시스템,2025-10-01,2025-11-01,31
EST_09085,농구대,2,961000,신세계시설관리,2025-10-01,2025-11-07,37
EST_09086,등받이있는벤치,2,498000,우신시설관리,2025-10-01,2025-10-25,24
EST_09087,축구골대,2,1494000,우신산업,2025-10-01,2025-11-26,56
EST_09088,보도블록,3,73000,중앙토목,2025-10-01,2025-11-08,38
EST_09089,트랜치,1,63000,제일토목,2025-10-01,2025-10-12,11
EST_09090,그네,3,2704000,중앙안전,2025-10-01,2026-02-14,136
EST_09091,등받이있는벤치,2,350000,중앙산업,2025-10-02,2025-10-28,26
EST_09092,그네,3,2136000,동화토목,2025-10-02,2026-01-29,119
EST_09093,트랜치,3,205000,태영테크,2025-10-03,2025-11-16,44
EST_09094,트랜치,1,52000,대명시설관리,2025-10-03,2025-10-13,10
EST_09095,보호시설물무단횡단방지시설,3,535000,현대시스템,2025-10-03,2026-01-02,91
EST_09096,등받이없는벤치,3,466000,미래시설관리,2025-10-03,2025-11-23,51
EST_09097,보호시설물무단횡단방지시설,3,406000,동화토목,2025-10-03,2025-12-17,75
EST_09098,미끄럼틀,2,2564000,태영건설,2025-10-03,2025-12-29,87
EST_09099,보호시설물무단횡단방지시설,2,249000,현대건설,2025-10-04,2025-11-09,36
EST_09100,농구대,3,1588000,미래시스템,2025-10-04,2025-12-23,80
EST_09101,축구골대,3,3526000,중앙건설,2025-10-04,2026-01-11,99
EST_09102,보호시설물볼라드,1,43000,미래시설관리,2025-10-04,2025-10-19,15
EST_09103,보차도경계석,1,19000,태영안전,2025-10-04,2025-10-21,17
EST_09104,점자블록,3,96000,우신테크,2025-10-04,2025-11-06,33
EST_09105,그네,3,2140000,신세계조경,2025-10-05,2026-03-02,148
EST_09106,보호시설물무단횡단방지시설,2,302000,태영안전,2025-10-05,2025-11-09,35
EST_09107,그네,2,1429000,그린플레이,2025-10-05,2026-01-01,88
EST_09108,보호시설물무단횡단방지시설,2,244000,신세계건설,2025-10-05,2025-11-19,45
EST_09109,등받이있는벤치,3,775000,우신테크,2025-10-05,2025-11-10,36
EST_09110,달리기,1,883000,신세계토목,2025-10-05,2025-11-06,32
EST_09111,보호시설물무단횡단방지시설,1,90000,미래토목,2025-10-05,2025-10-26,21
EST_09112,맨홀,1,237000,신세계안전,2025-10-06,2025-10-31,25
EST_09113,그네,3,2269000,신세계시설관리,2025-10-06,2026-03-27,172
EST_09114,달리기,3,3421000,동화테크,2025-10-06,2025-12-25,80
EST_09115,트랜치,2,147000,제일테크,2025-10-06,2025-10-22,16
EST_09116,가로수보호덮개,3,519000,중앙테크,2025-10-06,2025-11-10,35
EST_09117,가로수보호덮개,3,365000,중앙토목,2025-10-06,2025-11-11,36
EST_09118,보호펜스,1,43000,중앙토목,2025-10-06,2025-10-31,25
EST_09119,등받이없는벤치,2,261000,신세계테크,2025-10-06,2025-11-02,27
EST_09120,등받이없는벤치,3,525000,현대건설,2025-10-06,2025-11-27,52
EST_09121,보도블록,1,9000,현대건설,2025-10-07,2025-10-18,11
EST_09122,보호시설물볼라드,2,177000,우신테크,2025-10-07,2025-10-28,21
EST_09123,그네,3,1976000,신세계시스템,2025-10-07,2026-02-17,133
EST_09124,보호펜스,2,104000,신세계테크,2025-10-07,2025-11-20,44
EST_09125,축구골대,3,2932000,한성시설관리,2025-10-08,2025-12-22,75
EST_09126,보호시설물볼라드,1,50000,한성안전,2025-10-08,2025-10-25,17
EST_09127,달리기,2,1897000,제일안전,2025-10-08,2025-12-04,57
EST_09128,트랜치,2,121000,미래안전,2025-10-08,2025-10-25,17
EST_09129,보도블록,3,68000,미래안전,2025-10-08,2025-11-17,40
EST_09130,농구대,3,2143000,한성건설,2025-10-09,2026-01-26,109
EST_09131,점자블록,1,23000,신세계조경,2025-10-09,2025-10-20,11
EST_09132,미끄럼틀,3,3677000,중앙테크,2025-10-09,2026-03-11,153
EST_09133,트랜치,1,39000,신세계토목,2025-10-09,2025-10-21,12
EST_09134,트랜치,3,275000,제일산업,2025-10-09,2025-11-18,40
EST_09135,등받이있는벤치,3,928000,현대시스템,2025-10-09,2025-11-28,50
EST_09136,맨홀,2,428000,신세계안전,2025-10-09,2025-11-17,39
EST_09137,보호시설물무단횡단방지시설,3,541000,중앙산업,2025-10-10,2025-12-02,53
EST_09138,축구골대,1,804000,신세계안전,2025-10-10,2025-11-12,33
EST_09139,보차도경계석,3,145000,대명건설,2025-10-10,2025-11-21,42
EST_09140,그네,2,1223000,동화시설관리,2025-10-10,2025-12-20,71
EST_09141,맨홀,1,279000,동화시설관리,2025-10-11,2025-11-05,25
EST_09142,그네,2,1546000,제일테크,2025-10-11,2026-01-04,85
EST_09143,등받이없는벤치,2,298000,미래시스템,2025-10-11,2025-11-07,27
EST_09144,그네,3,2888000,그린플레이,2025-10-12,2026-04-26,196
EST_09145,보차도경계석,2,76000,그린플레이,2025-10-12,2025-11-09,28
EST_09146,그네,3,2745000,신세계건설,2025-10-12,2026-03-10,149
EST_09147,가로수보호덮개,1,113000,신세계시스템,2025-10-13,2025-10-24,11
EST_09148,보호펜스,3,234000,우신조경,2025-10-13,2025-12-16,64
EST_09149,보호펜스,2,121000,태영테크,2025-10-13,2025-11-13,31
EST_09150,보호시설물볼라드,3,345000,제일토목,2025-10-13,2025-11-24,42
EST_09151,미끄럼틀,1,1275000,우신산업,2025-10-13,2025-11-27,45
EST_09152,축구골대,1,1053000,태영건설,2025-10-13,2025-11-12,30
EST_09153,미끄럼틀,2,2239000,동화테크,2025-10-13,2026-01-18,97
EST_09154,트랜치,2,110000,한성토목,2025-10-13,2025-11-01,19
EST_09155,가로수보호덮개,2,231000,현대시스템,2025-10-14,2025-11-02,19
EST_09156,미끄럼틀,2,2918000,동화토목,2025-10-14,2026-01-06,84
EST_09157,보도블록,1,10000,신세계테크,2025-10-14,2025-10-26,12
EST_09158,달리기,3,2992000,제일테크,2025-10-14,2026-01-18,96
EST_09159,축구골대,2,2172000,미래토목,2025-10-14,2025-12-09,56
EST_09160,그네,2,1212000,한성건설,2025-10-15,2026-01-20,97
EST_09161,등받이있는벤치,2,312000,중앙테크,2025-10-16,2025-11-06,21
EST_09162,축구골대,1,564000,그린플레이,2025-10-16,2025-11-16,31
EST_09163,트랜치,3,256000,그린플레이,2025-10-17,2025-11-16,30
EST_09164,보호펜스,1,57000,대명산업,2025-10-17,2025-11-10,24
EST_09165,등받이있는벤치,2,465000,태영안전,2025-10-17,2025-11-09,23
EST_09166,보도블록,3,73000,대명건설,2025-10-17,2025-11-19,33
EST_09167,트랜치,2,128000,대명산업,2025-10-17,2025-11-04,18
EST_09168,미끄럼틀,2,2049000,미래안전,2025-10-17,2025-12-30,74
EST_09169,보도블록,1,14000,에코시설,2025-10-17,2025-10-27,10
EST_09170,보차도경계석,3,178000,우신시설관리,2025-10-17,2025-12-11,55
EST_09171,축구골대,1,580000,제일산업,2025-10-18,2025-11-20,33
EST_09172,맨홀,1,270000,제일시설관리,2025-10-18,2025-11-08,21
EST_09173,등받이있는벤치,2,479000,태영테크,2025-10-18,2025-11-14,27
EST_09174,축구골대,1,880000,한성산업,2025-10-19,2025-11-21,33
EST_09175,달리기,2,1629000,현대건설,2025-10-19,2025-12-03,45
EST_09176,보호시설물무단횡단방지시설,2,211000,우신조경,2025-10-19,2025-11-26,38
EST_09177,그네,2,1336000,한성토목,2025-10-19,2026-01-21,94
EST_09178,보차도경계석,3,161000,동화토목,2025-10-20,2025-12-14,55
EST_09179,보호시설물무단횡단방지시설,1,134000,미래시스템,2025-10-20,2025-11-15,26
EST_09180,달리기,3,2619000,한성산업,2025-10-20,2026-02-26,129
EST_09181,농구대,3,2249000,대명산업,2025-10-20,2026-02-09,112
EST_09182,보호시설물무단횡단방지시설,2,316000,동화시설관리,2025-10-20,2025-11-22,33
EST_09183,점자블록,1,15000,미래시스템,2025-10-20,2025-10-31,11
EST_09184,맨홀,1,257000,동화시설관리,2025-10-20,2025-11-13,24
EST_09185,농구대,1,369000,신세계안전,2025-10-20,2025-11-17,28
EST_09186,보호시설물무단횡단방지시설,1,143000,그린플레이,2025-10-20,2025-11-11,22
EST_09187,보호펜스,3,263000,태영건설,2025-10-21,2025-12-15,55
EST_09188,맨홀,3,1058000,신세계테크,2025-10-21,2025-12-11,51
EST_09189,보차도경계석,1,35000,제일테크,2025-10-21,2025-11-05,15
EST_09190,가로수보호덮개,1,85000,태영안전,2025-10-21,2025-11-01,11
EST_09191,축구골대,2,1851000,미래토목,2025-10-21,2025-12-05,45
EST_09192,보도블록,1,10000,중앙안전,2025-10-22,2025-11-03,12
EST_09193,보호시설물무단횡단방지시설,1,146000,대명산업,2025-10-22,2025-11-15,24
EST_09194,점자블록,1,18000,미래시설관리,2025-10-22,2025-11-03,12
EST_09195,등받이없는벤치,3,656000,중앙테크,2025-10-22,2025-12-12,51
EST_09196,농구대,2,1276000,한성안전,2025-10-23,2025-12-12,50
EST_09197,그네,3,2539000,제일조경,2025-10-23,2026-03-13,141
EST_09198,미끄럼틀,2,2997000,한성시설관리,2025-10-23,2026-01-29,98
EST_09199,가로수보호덮개,3,474000,제일산업,2025-10-23,2025-11-22,30
EST_09200,보호펜스,2,104000,신세계토목,2025-10-23,2025-12-05,43
EST_09201,달리기,3,3633000,국토개발,2025-10-23,2026-03-05,133
EST_09202,점자블록,2,47000,대명산업,2025-10-24,2025-11-12,19
EST_09203,미끄럼틀,2,2046000,한성토목,2025-10-24,2026-01-12,80
EST_09204,가로수보호덮개,1,65000,태영안전,2025-10-24,2025-11-05,12
EST_09205,보호시설물볼라드,2,123000,대명건설,2025-10-25,2025-11-21,27
EST_09206,등받이없는벤치,1,113000,대명안전,2025-10-25,2025-11-10,16
EST_09207,보차도경계석,2,88000,미래시설관리,2025-10-25,2025-11-19,25
EST_09208,농구대,3,2033000,동화토목,2025-10-25,2026-02-05,103
EST_09209,보호시설물무단횡단방지시설,3,631000,태영테크,2025-10-26,2025-12-30,65
EST_09210,축구골대,3,3271000,신세계건설,2025-10-26,2026-02-03,100
EST_09211,보호시설물볼라드,1,73000,대명테크,2025-10-26,2025-11-09,14
EST_09212,등받이있는벤치,3,717000,제일조경,2025-10-27,2025-12-18,52
EST_09213,보호시설물무단횡단방지시설,1,119000,한성시설관리,2025-10-27,2025-11-19,23
EST_09214,보호시설물볼라드,3,315000,대명시설관리,2025-10-27,2025-12-01,35
EST_09215,보호시설물무단횡단방지시설,2,252000,미래시설관리,2025-10-28,2025-12-09,42
EST_09216,등받이있는벤치,2,460000,한성토목,2025-10-28,2025-11-25,28
EST_09217,맨홀,2,690000,동화조경,2025-10-28,2025-11-27,30
EST_09218,등받이없는벤치,2,364000,동화조경,2025-10-28,2025-11-18,21
EST_09219,트랜치,1,31000,제일산업,2025-10-28,2025-11-09,12
EST_09220,보도블록,2,37000,제일시설관리,2025-10-29,2025-11-19,21
EST_09221,등받이있는벤치,2,381000,우신산업,2025-10-29,2025-11-28,30
EST_09222,농구대,1,594000,제일산업,2025-10-30,2025-11-27,28
EST_09223,달리기,2,1371000,제일시설관리,2025-10-30,2025-12-29,60
EST_09224,점자블록,1,20000,우신산업,2025-10-30,2025-11-09,10
EST_09225,보호시설물무단횡단방지시설,2,329000,대명시설관리,2025-10-30,2025-12-08,39
EST_09226,보호시설물볼라드,3,320000,동화테크,2025-10-30,2025-12-30,61
EST_09227,미끄럼틀,2,2567000,대명시설관리,2025-10-30,2026-01-22,84
EST_09228,보차도경계석,3,154000,제일산업,2025-10-31,2025-12-21,51
EST_09229,등받이있는벤치,1,111000,신세계시스템,2025-10-31,2025-11-17,17
EST_09230,점자블록,3,83000,신세계건설,2025-10-31,2025-12-13,43
EST_09231,점자블록,1,12000,우신테크,2025-10-31,2025-11-11,11
EST_09232,등받이있는벤치,1,135000,한성산업,2025-10-31,2025-11-17,17
EST_09233,등받이없는벤치,2,247000,한성토목,2025-10-31,2025-11-28,28
EST_09234,축구골대,2,2394000,제일시설관리,2025-10-31,2025-12-23,53
EST_09235,가로수보호덮개,2,204000,한성시설관리,2025-11-01,2025-11-22,21
EST_09236,보도블록,1,14000,신세계건설,2025-11-01,2025-11-11,10
EST_09237,등받이없는벤치,2,253000,대명건설,2025-11-01,2025-11-29,28
EST_09238,점자블록,3,74000,우신조경,2025-11-02,2025-11-28,26
EST_09239,보호펜스,3,257000,제일시설관리,2025-11-02,2025-12-26,54
EST_09240,맨홀,1,186000,우신산업,2025-11-02,2025-11-23,21
EST_09241,보도블록,3,65000,한성산업,2025-11-02,2025-12-12,40
EST_09242,달리기,1,450000,에코시설,2025-11-02,2025-12-10,38
EST_09243,보호시설물볼라드,1,64000,신세계건설,2025-11-02,2025-11-19,17
EST_09244,보호시설물볼라드,1,82000,현대건설,2025-11-03,2025-11-18,15
EST_09245,맨홀,2,687000,한성토목,2025-11-03,2025-12-14,41
EST_09246,맨홀,1,238000,대명안전,2025-11-03,2025-11-24,21
EST_09247,미끄럼틀,1,1144000,한성토목,2025-11-04,2025-12-26,52
EST_09248,보호시설물볼라드,3,239000,우신테크,2025-11-04,2026-01-03,60
EST_09249,보호시설물볼라드,3,225000,우신조경,2025-11-04,2025-12-28,54
EST_09250,농구대,2,1213000,도시정비단,2025-11-04,2025-12-20,46
EST_09251,보도블록,2,29000,대명산업,2025-11-04,2025-11-20,16
EST_09252,등받이있는벤치,3,721000,한성산업,2025-11-05,2026-01-02,58
EST_09253,보호시설물무단횡단방지시설,3,420000,도시정비단,2025-11-05,2026-01-21,77
EST_09254,그네,3,2374000,미래시설관리,2025-11-05,2026-05-21,197
EST_09255,점자블록,3,68000,국토개발,2025-11-05,2025-12-08,33
EST_09256,미끄럼틀,2,2723000,한성건설,2025-11-05,2026-02-04,91
EST_09257,보도블록,2,29000,제일조경,2025-11-05,2025-11-22,17
EST_09258,그네,1,706000,제일토목,2025-11-06,2026-01-01,56
EST_09259,달리기,3,3289000,대명건설,2025-11-06,2026-02-23,109
EST_09260,보호시설물볼라드,3,268000,제일테크,2025-11-06,2025-12-15,39
EST_09261,보호시설물볼라드,3,317000,중앙건설,2025-11-07,2026-01-04,58
EST_09262,달리기,2,1911000,중앙테크,2025-11-07,2026-01-04,58
EST_09263,점자블록,2,37000,동화조경,2025-11-07,2025-11-23,16
EST_09264,보호시설물볼라드,1,75000,우신산업,2025-11-08,2025-11-24,16
EST_09265,보호시설물무단횡단방지시설,3,591000,제일시설관리,2025-11-08,2026-01-06,59
EST_09266,등받이없는벤치,2,299000,신세계시스템,2025-11-08,2025-11-30,22
EST_09267,등받이없는벤치,2,226000,제일안전,2025-11-08,2025-12-03,25
EST_09268,미끄럼틀,1,920000,대명안전,2025-11-09,2026-01-06,58
EST_09269,점자블록,3,98000,신세계건설,2025-11-09,2025-12-16,37
EST_09270,보호시설물무단횡단방지시설,3,527000,한성산업,2025-11-09,2026-01-17,69
EST_09271,보호시설물볼라드,1,37000,우신조경,2025-11-09,2025-11-23,14
EST_09272,맨홀,2,682000,우신조경,2025-11-09,2025-12-22,43
EST_09273,점자블록,2,51000,중앙건설,2025-11-10,2025-11-26,16
EST_09274,점자블록,2,43000,미래시스템,2025-11-10,2025-11-30,20
EST_09275,보호시설물무단횡단방지시설,1,126000,우신테크,2025-11-11,2025-12-08,27
EST_09276,맨홀,3,898000,미래시설관리,2025-11-11,2026-01-20,70
EST_09277,가로수보호덮개,3,453000,한성산업,2025-11-11,2025-12-19,38
EST_09278,미끄럼틀,3,4493000,제일토목,2025-11-11,2026-03-31,140
EST_09279,등받이있는벤치,2,427000,대명안전,2025-11-11,2025-12-04,23
EST_09280,등받이없는벤치,1,150000,미래시설관리,2025-11-12,2025-11-27,15
EST_09281,보차도경계석,3,128000,제일조경,2025-11-12,2026-01-02,51
EST_09282,등받이없는벤치,1,100000,태영테크,2025-11-12,2025-11-29,17
EST_09283,달리기,3,3242000,신세계건설,2025-11-12,2026-03-12,120
EST_09284,달리기,3,2375000,신세계시설관리,2025-11-12,2026-02-23,103
EST_09285,가로수보호덮개,2,172000,미래시스템,2025-11-12,2025-11-29,17
EST_09286,보도블록,2,26000,대명산업,2025-11-13,2025-12-03,20
EST_09287,보호시설물무단횡단방지시설,2,284000,미래토목,2025-11-14,2025-12-21,37
EST_09288,점자블록,1,16000,제일테크,2025-11-14,2025-11-26,12
EST_09289,보차도경계석,1,42000,한성산업,2025-11-14,2025-12-01,17
EST_09290,축구골대,2,1928000,우신시설관리,2025-11-14,2026-01-18,65
EST_09291,보호시설물볼라드,1,76000,우신시설관리,2025-11-15,2025-11-29,14
EST_09292,보도블록,3,60000,태영건설,2025-11-15,2025-12-26,41
EST_09293,점자블록,2,43000,대명건설,2025-11-15,2025-12-01,16
EST_09294,맨홀,2,672000,우신시설관리,2025-11-16,2025-12-18,32
EST_09295,가로수보호덮개,3,491000,태영건설,2025-11-16,2025-12-28,42
EST_09296,그네,3,2795000,우신시설관리,2025-11-16,2026-04-10,145
EST_09297,보호펜스,2,89000,우신시설관리,2025-11-17,2025-12-18,31
EST_09298,점자블록,3,77000,미래안전,2025-11-17,2025-12-26,39
EST_09299,보호펜스,3,247000,중앙산업,2025-11-17,2026-02-16,91
EST_09300,축구골대,3,2978000,한성시설관리,2025-11-17,2026-03-15,118
EST_09301,등받이없는벤치,1,161000,제일테크,2025-11-18,2025-12-04,16
EST_09302,농구대,2,807000,미래안전,2025-11-18,2026-01-09,52
EST_09303,보도블록,3,55000,우신시설관리,2025-11-18,2025-12-22,34
EST_09304,달리기,3,2540000,대명건설,2025-11-18,2026-03-08,110
EST_09305,미끄럼틀,3,4308000,제일토목,2025-11-18,2026-04-07,140
EST_09306,등받이있는벤치,2,303000,태영건설,2025-11-18,2025-12-12,24
EST_09307,등받이있는벤치,1,105000,신세계토목,2025-11-18,2025-12-05,17
EST_09308,등받이있는벤치,1,145000,동화토목,2025-11-18,2025-12-04,16
EST_09309,달리기,1,803000,미래시설관리,2025-11-19,2025-12-20,31
EST_09310,그네,1,603000,동화토목,2025-11-20,2026-01-04,45
EST_09311,미끄럼틀,3,3916000,우신시설관리,2025-11-20,2026-04-29,160
EST_09312,등받이없는벤치,3,634000,대명안전,2025-11-20,2026-01-16,57
EST_09313,점자블록,3,89000,우신시설관리,2025-11-20,2025-12-15,25
EST_09314,등받이없는벤치,1,141000,동화테크,2025-11-20,2025-12-07,17
EST_09315,보호시설물무단횡단방지시설,1,95000,신세계건설,2025-11-20,2025-12-13,23
EST_09316,가로수보호덮개,1,101000,미래시설관리,2025-11-20,2025-12-02,12
EST_09317,가로수보호덮개,1,107000,우신조경,2025-11-20,2025-12-02,12
EST_09318,미끄럼틀,3,4484000,미래시스템,2025-11-21,2026-06-05,196
EST_09319,트랜치,1,71000,미래시설관리,2025-11-21,2025-12-01,10
EST_09320,농구대,2,1122000,제일조경,2025-11-21,2026-01-07,47
EST_09321,보호펜스,1,46000,신세계토목,2025-11-21,2025-12-14,23
EST_09322,보도블록,3,68000,우신조경,2025-11-21,2025-12-26,35
EST_09323,농구대,2,986000,그린플레이,2025-11-21,2026-01-12,52
EST_09324,트랜치,2,106000,우신테크,2025-11-23,2025-12-09,16
EST_09325,가로수보호덮개,2,198000,한성시설관리,2025-11-23,2025-12-14,21
EST_09326,보호펜스,2,99000,신세계테크,2025-11-23,2026-01-04,42
EST_09327,보호시설물볼라드,3,332000,현대건설,2025-11-23,2026-01-12,50
EST_09328,보호시설물볼라드,1,56000,동화시설관리,2025-11-24,2025-12-08,14
EST_09329,등받이없는벤치,1,134000,신세계토목,2025-11-24,2025-12-10,16
EST_09330,가로수보호덮개,3,483000,미래시설관리,2025-11-24,2025-12-21,27
EST_09331,보호시설물볼라드,3,266000,우신산업,2025-11-24,2026-01-04,41
EST_09332,그네,3,2564000,동화조경,2025-11-25,2026-06-07,194
EST_09333,등받이없는벤치,1,136000,신세계시스템,2025-11-25,2025-12-11,16
EST_09334,달리기,1,890000,미래토목,2025-11-25,2025-12-30,35
EST_09335,보호시설물무단횡단방지시설,1,67000,미래시설관리,2025-11-25,2025-12-18,23
EST_09336,트랜치,2,103000,신세계안전,2025-11-26,2025-12-13,17
EST_09337,등받이없는벤치,1,116000,그린플레이,2025-11-26,2025-12-13,17
EST_09338,농구대,1,541000,에코시설,2025-11-26,2025-12-27,31
EST_09339,그네,3,2172000,신세계테크,2025-11-27,2026-05-06,160
EST_09340,미끄럼틀,1,758000,제일산업,2025-11-27,2026-01-19,53
EST_09341,보도블록,1,8000,태영건설,2025-11-27,2025-12-07,10
EST_09342,달리기,3,2390000,태영안전,2025-11-28,2026-03-05,97
EST_09343,등받이있는벤치,1,230000,국토개발,2025-11-28,2025-12-13,15
EST_09344,보차도경계석,2,59000,도시정비단,2025-11-28,2025-12-24,26
EST_09345,보호펜스,2,100000,대명테크,2025-11-28,2026-01-04,37
EST_09346,보도블록,3,56000,동화시설관리,2025-11-29,2025-12-31,32
EST_09347,점자블록,3,96000,대명테크,2025-11-29,2025-12-30,31
EST_09348,달리기,2,1850000,제일토목,2025-11-29,2026-01-19,51
EST_09349,미끄럼틀,1,852000,미래시설관리,2025-11-29,2026-01-23,55
EST_09350,점자블록,2,47000,한성토목,2025-11-30,2025-12-15,15
EST_09351,맨홀,2,480000,동화조경,2025-11-30,2026-01-06,37
EST_09352,등받이있는벤치,1,163000,태영건설,2025-12-01,2025-12-15,14
EST_09353,맨홀,3,908000,제일토목,2025-12-01,2026-02-18,79
EST_09354,보호시설물무단횡단방지시설,1,120000,현대시스템,2025-12-01,2025-12-23,22
EST_09355,보호시설물무단횡단방지시설,1,151000,우신산업,2025-12-01,2025-12-22,21
EST_09356,트랜치,3,226000,미래시설관리,2025-12-01,2026-01-01,31
EST_09357,트랜치,3,225000,우신시설관리,2025-12-02,2026-01-02,31
EST_09358,가로수보호덮개,1,128000,제일시설관리,2025-12-02,2025-12-13,11
EST_09359,점자블록,1,20000,신세계토목,2025-12-02,2025-12-14,12
EST_09360,그네,2,1187000,제일조경,2025-12-02,2026-02-25,85
EST_09361,보호펜스,2,101000,그린플레이,2025-12-03,2026-01-12,40
EST_09362,보차도경계석,1,21000,대명건설,2025-12-03,2025-12-19,16
EST_09363,보호시설물무단횡단방지시설,3,613000,미래시스템,2025-12-04,2026-02-27,85
EST_09364,점자블록,1,17000,태영테크,2025-12-04,2025-12-14,10
EST_09365,보호시설물무단횡단방지시설,1,104000,에코시설,2025-12-04,2025-12-29,25
EST_09366,농구대,2,822000,우신산업,2025-12-04,2026-01-17,44
EST_09367,점자블록,3,69000,제일조경,2025-12-04,2026-01-07,34
EST_09368,등받이있는벤치,1,147000,도시정비단,2025-12-04,2025-12-21,17
EST_09369,보차도경계석,1,34000,신세계조경,2025-12-06,2025-12-22,16
EST_09370,보도블록,2,29000,제일산업,2025-12-06,2025-12-21,15
EST_09371,보도블록,3,74000,대명안전,2025-12-07,2026-01-18,42
EST_09372,보호펜스,2,134000,제일조경,2025-12-07,2026-01-20,44
EST_09373,등받이있는벤치,1,187000,우신테크,2025-12-08,2025-12-25,17
EST_09374,등받이있는벤치,2,387000,신세계시스템,2025-12-08,2026-01-01,24
EST_09375,맨홀,2,682000,우신시설관리,2025-12-08,2026-01-19,42
EST_09376,보호시설물무단횡단방지시설,2,285000,한성안전,2025-12-08,2026-01-12,35
EST_09377,맨홀,3,1069000,중앙건설,2025-12-08,2026-03-01,83
EST_09378,축구골대,1,595000,현대시스템,2025-12-08,2026-01-15,38
EST_09379,트랜치,1,60000,우신조경,2025-12-08,2025-12-19,11
EST_09380,보호펜스,3,179000,대명테크,2025-12-08,2026-01-30,53
EST_09381,보차도경계석,1,27000,신세계시스템,2025-12-08,2025-12-24,16
EST_09382,농구대,1,321000,한성시설관리,2025-12-08,2026-01-06,29
EST_09383,맨홀,1,205000,신세계건설,2025-12-08,2025-12-30,22
EST_09384,보차도경계석,3,166000,한성시설관리,2025-12-09,2026-01-16,38
EST_09385,보차도경계석,3,147000,한성산업,2025-12-10,2026-02-01,53
EST_09386,트랜치,3,223000,신세계시스템,2025-12-10,2026-01-16,37
EST_09387,그네,2,1538000,대명시설관리,2025-12-10,2026-03-18,98
EST_09388,가로수보호덮개,1,82000,국토개발,2025-12-10,2025-12-22,12
EST_09389,미끄럼틀,3,4245000,국토개발,2025-12-11,2026-06-13,184
EST_09390,맨홀,1,208000,신세계안전,2025-12-11,2025-12-31,20
EST_09391,등받이있는벤치,3,917000,제일시설관리,2025-12-11,2026-01-28,48
EST_09392,농구대,1,568000,미래시스템,2025-12-11,2026-01-10,30
EST_09393,점자블록,1,17000,신세계시설관리,2025-12-12,2025-12-24,12
EST_09394,미끄럼틀,1,1398000,미래토목,2025-12-12,2026-01-28,47
EST_09395,가로수보호덮개,3,413000,미래시스템,2025-12-12,2026-01-07,26
EST_09396,등받이있는벤치,3,733000,제일안전,2025-12-12,2026-01-25,44
EST_09397,트랜치,2,153000,한성건설,2025-12-13,2026-01-02,20
EST_09398,그네,3,2311000,태영테크,2025-12-13,2026-05-13,151
EST_09399,보차도경계석,1,42000,제일시설관리,2025-12-13,2025-12-28,15
EST_09400,트랜치,2,146000,신세계안전,2025-12-13,2025-12-30,17
EST_09401,맨홀,2,493000,신세계테크,2025-12-13,2026-01-15,33
EST_09402,맨홀,2,694000,미래안전,2025-12-13,2026-01-24,42
EST_09403,보도블록,1,17000,현대건설,2025-12-13,2025-12-23,10
EST_09404,그네,1,448000,현대건설,2025-12-13,2026-02-06,55
EST_09405,보호시설물무단횡단방지시설,2,199000,신세계테크,2025-12-14,2026-01-19,36
EST_09406,보호시설물무단횡단방지시설,1,81000,대명산업,2025-12-14,2026-01-06,23
EST_09407,등받이없는벤치,3,543000,대명테크,2025-12-14,2026-02-12,60
EST_09408,보호펜스,3,244000,에코시설,2025-12-14,2026-02-16,64
EST_09409,보차도경계석,1,24000,한성건설,2025-12-15,2025-12-29,14
EST_09410,달리기,3,2677000,에코시설,2025-12-15,2026-04-10,116
EST_09411,가로수보호덮개,3,385000,대명건설,2025-12-15,2026-01-19,35
EST_09412,가로수보호덮개,2,272000,우신테크,2025-12-15,2026-01-02,18
EST_09413,맨홀,3,1038000,동화토목,2025-12-15,2026-02-06,53
EST_09414,점자블록,1,20000,우신테크,2025-12-16,2025-12-28,12
EST_09415,보차도경계석,2,64000,한성안전,2025-12-16,2026-01-11,26
EST_09416,등받이없는벤치,1,97000,미래시설관리,2025-12-16,2026-01-01,16
EST_09417,미끄럼틀,3,5849000,동화조경,2025-12-16,2026-06-11,177
EST_09418,맨홀,3,932000,미래토목,2025-12-16,2026-02-18,64
EST_09419,트랜치,3,230000,동화테크,2025-12-16,2026-01-24,39
EST_09420,등받이있는벤치,1,155000,제일산업,2025-12-16,2026-01-02,17
EST_09421,보도블록,2,26000,동화시설관리,2025-12-17,2026-01-03,17
EST_09422,맨홀,2,669000,제일토목,2025-12-17,2026-01-29,43
EST_09423,가로수보호덮개,1,74000,국토개발,2025-12-17,2025-12-29,12
EST_09424,점자블록,3,94000,우신테크,2025-12-17,2026-01-21,35
EST_09425,달리기,2,1551000,우신테크,2025-12-17,2026-02-14,59
EST_09426,그네,2,1280000,신세계조경,2025-12-17,2026-02-25,70
EST_09427,가로수보호덮개,2,211000,신세계조경,2025-12-17,2026-01-07,21
EST_09428,트랜치,2,106000,우신조경,2025-12-18,2026-01-05,18
EST_09429,달리기,2,1462000,한성건설,2025-12-18,2026-02-07,51
EST_09430,축구골대,3,4194000,중앙안전,2025-12-18,2026-04-12,115
EST_09431,등받이없는벤치,1,168000,현대건설,2025-12-18,2026-01-04,17
EST_09432,보호시설물무단횡단방지시설,3,464000,태영안전,2025-12-19,2026-03-04,75
EST_09433,트랜치,3,262000,동화시설관리,2025-12-19,2026-01-20,32
EST_09434,보호시설물무단횡단방지시설,1,78000,제일시설관리,2025-12-19,2026-01-10,22
EST_09435,보호펜스,1,54000,미래시설관리,2025-12-19,2026-01-13,25
EST_09436,등받이없는벤치,2,291000,대명건설,2025-12-19,2026-01-13,25
EST_09437,보호시설물볼라드,1,73000,동화시스템,2025-12-19,2026-01-04,16
EST_09438,점자블록,1,22000,동화시스템,2025-12-19,2025-12-29,10
EST_09439,등받이있는벤치,2,328000,동화테크,2025-12-19,2026-01-15,27
EST_09440,보호펜스,3,171000,우신테크,2025-12-19,2026-03-12,83
EST_09441,미끄럼틀,2,2023000,태영건설,2025-12-19,2026-03-12,83
EST_09442,그네,1,484000,미래안전,2025-12-19,2026-02-11,54
EST_09443,그네,2,1300000,동화조경,2025-12-20,2026-03-22,92
EST_09444,보호시설물볼라드,1,64000,한성산업,2025-12-20,2026-01-06,17
EST_09445,보호시설물무단횡단방지시설,1,128000,미래시설관리,2025-12-20,2026-01-13,24
EST_09446,달리기,1,592000,동화시설관리,2025-12-20,2026-01-25,36
EST_09447,미끄럼틀,1,877000,신세계시설관리,2025-12-20,2026-02-06,48
EST_09448,보차도경계석,1,28000,중앙안전,2025-12-20,2026-01-05,16
EST_09449,트랜치,3,278000,동화시설관리,2025-12-20,2026-01-25,36
EST_09450,가로수보호덮개,1,101000,신세계안전,2025-12-21,2026-01-02,12
EST_09451,점자블록,3,75000,신세계조경,2025-12-21,2026-01-28,38
EST_09452,농구대,3,2183000,신세계테크,2025-12-21,2026-02-27,68
EST_09453,보도블록,1,8000,현대건설,2025-12-21,2026-01-02,12
EST_09454,그네,1,473000,한성토목,2025-12-21,2026-02-17,58
EST_09455,점자블록,3,106000,신세계조경,2025-12-22,2026-01-17,26
EST_09456,농구대,2,919000,중앙토목,2025-12-22,2026-02-09,49
EST_09457,달리기,3,2496000,한성건설,2025-12-22,2026-05-01,130
EST_09458,농구대,1,472000,한성시설관리,2025-12-22,2026-01-16,25
EST_09459,축구골대,1,908000,대명시설관리,2025-12-22,2026-01-22,31
EST_09460,보차도경계석,3,146000,현대건설,2025-12-22,2026-01-27,36
EST_09461,보호시설물무단횡단방지시설,2,328000,동화시설관리,2025-12-23,2026-02-02,41
EST_09462,그네,2,1127000,중앙토목,2025-12-23,2026-03-01,68
EST_09463,농구대,1,333000,한성산업,2025-12-23,2026-01-22,30
EST_09464,맨홀,2,440000,우신조경,2025-12-23,2026-02-01,40
EST_09465,보호시설물볼라드,2,122000,그린플레이,2025-12-24,2026-01-23,30
EST_09466,보호시설물볼라드,1,83000,한성시설관리,2025-12-24,2026-01-08,15
EST_09467,농구대,2,1106000,한성토목,2025-12-24,2026-02-11,49
EST_09468,달리기,1,583000,동화조경,2025-12-24,2026-01-31,38
EST_09469,보도블록,3,67000,중앙토목,2025-12-24,2026-02-02,40
EST_09470,보호시설물볼라드,2,160000,한성토목,2025-12-25,2026-01-22,28
EST_09471,보도블록,1,11000,제일산업,2025-12-25,2026-01-05,11
EST_09472,농구대,3,1638000,미래토목,2025-12-25,2026-03-30,95
EST_09473,점자블록,3,83000,동화시설관리,2025-12-25,2026-02-07,44
EST_09474,등받이없는벤치,3,647000,신세계시스템,2025-12-25,2026-01-30,36
EST_09475,맨홀,2,678000,현대시스템,2025-12-26,2026-01-27,32
EST_09476,보호펜스,3,255000,동화시스템,2025-12-26,2026-02-21,57
EST_09477,축구골대,3,4143000,대명시설관리,2025-12-26,2026-04-21,116
EST_09478,농구대,3,2249000,대명테크,2025-12-26,2026-03-27,91
EST_09479,가로수보호덮개,2,227000,미래시설관리,2025-12-26,2026-01-12,17
EST_09480,보호펜스,3,245000,신세계테크,2025-12-27,2026-03-07,70
EST_09481,농구대,3,1888000,한성산업,2025-12-27,2026-04-03,97
EST_09482,보호펜스,2,88000,중앙건설,2025-12-27,2026-02-01,36
EST_09483,축구골대,1,749000,대명안전,2025-12-27,2026-02-02,37
EST_09484,점자블록,1,12000,대명산업,2025-12-27,2026-01-07,11
EST_09485,미끄럼틀,2,2294000,대명안전,2025-12-27,2026-03-19,82
EST_09486,미끄럼틀,1,1093000,태영테크,2025-12-27,2026-02-16,51
EST_09487,보호시설물무단횡단방지시설,1,115000,제일산업,2025-12-28,2026-01-18,21
EST_09488,등받이없는벤치,3,499000,제일토목,2025-12-28,2026-02-02,36
EST_09489,달리기,1,610000,우신시설관리,2025-12-28,2026-01-28,31
EST_09490,보차도경계석,2,78000,중앙토목,2025-12-29,2026-01-24,26
EST_09491,농구대,2,918000,동화시설관리,2025-12-29,2026-02-10,43
EST_09492,보호시설물볼라드,2,118000,동화조경,2025-12-29,2026-01-26,28
EST_09493,미끄럼틀,1,1264000,신세계테크,2025-12-30,2026-02-25,57
EST_09494,등받이없는벤치,1,81000,동화시설관리,2025-12-30,2026-01-13,14
EST_09495,등받이있는벤치,1,126000,제일토목,2025-12-30,2026-01-16,17
EST_09496,점자블록,3,72000,우신조경,2025-12-31,2026-02-10,41
EST_09497,트랜치,1,43000,태영안전,2025-12-31,2026-01-10,10
EST_09498,가로수보호덮개,1,70000,중앙테크,2025-12-31,2026-01-10,10
EST_09499,등받이없는벤치,1,99000,신세계테크,2026-01-01,2026-01-17,16
EST_09500,보호펜스,3,228000,제일안전,2026-01-01,2026-03-16,74
EST_09501,점자블록,1,15000,제일조경,2026-01-01,2026-01-11,10
EST_09502,맨홀,3,1066000,신세계시스템,2026-01-01,2026-02-21,51
EST_09503,트랜치,1,36000,신세계조경,2026-01-01,2026-01-11,10
EST_09504,그네,2,1098000,국토개발,2026-01-01,2026-03-20,78
EST_09505,등받이있는벤치,1,184000,신세계건설,2026-01-02,2026-01-19,17
EST_09506,축구골대,2,1638000,제일시설관리,2026-01-02,2026-03-06,63
EST_09507,보호펜스,2,118000,신세계시설관리,2026-01-02,2026-02-07,36
EST_09508,그네,3,2143000,신세계건설,2026-01-02,2026-07-11,190
EST_09509,보호펜스,3,192000,신세계시스템,2026-01-02,2026-03-06,63
EST_09510,등받이없는벤치,3,614000,한성시설관리,2026-01-02,2026-03-04,61
EST_09511,축구골대,1,961000,중앙테크,2026-01-02,2026-02-04,33
EST_09512,보도블록,1,17000,태영건설,2026-01-03,2026-01-13,10
EST_09513,보호시설물무단횡단방지시설,2,336000,신세계시스템,2026-01-03,2026-02-06,34
EST_09514,보호펜스,2,116000,중앙안전,2026-01-03,2026-02-09,37
EST_09515,보호시설물무단횡단방지시설,3,495000,동화시설관리,2026-01-04,2026-03-21,76
EST_09516,트랜치,3,284000,신세계토목,2026-01-04,2026-02-07,34
EST_09517,점자블록,2,53000,신세계테크,2026-01-04,2026-01-25,21
EST_09518,가로수보호덮개,3,549000,국토개발,2026-01-04,2026-01-29,25
EST_09519,트랜치,1,52000,현대시스템,2026-01-04,2026-01-15,11
EST_09520,미끄럼틀,2,2609000,중앙산업,2026-01-04,2026-04-04,90
EST_09521,미끄럼틀,2,2319000,한성산업,2026-01-04,2026-04-09,95
EST_09522,보차도경계석,3,190000,대명산업,2026-01-04,2026-02-13,40
EST_09523,농구대,2,1335000,신세계테크,2026-01-05,2026-02-22,48
EST_09524,보호시설물볼라드,1,61000,중앙산업,2026-01-05,2026-01-21,16
EST_09525,맨홀,3,1084000,동화테크,2026-01-05,2026-03-20,74
EST_09526,달리기,3,2785000,신세계시설관리,2026-01-06,2026-05-20,134
EST_09527,달리기,2,1769000,제일산업,2026-01-06,2026-02-27,52
EST_09528,보호펜스,1,34000,도시정비단,2026-01-06,2026-01-30,24
EST_09529,그네,3,2991000,동화시스템,2026-01-07,2026-05-22,135
EST_09530,축구골대,2,1958000,그린플레이,2026-01-07,2026-03-12,64
EST_09531,축구골대,1,710000,제일테크,2026-01-07,2026-02-11,35
EST_09532,보도블록,1,10000,동화테크,2026-01-07,2026-01-18,11
EST_09533,축구골대,1,788000,신세계시설관리,2026-01-07,2026-02-13,37
EST_09534,보호시설물볼라드,1,62000,신세계조경,2026-01-08,2026-01-23,15
EST_09535,보호시설물무단횡단방지시설,2,326000,신세계테크,2026-01-08,2026-02-18,41
EST_09536,축구골대,3,4338000,한성시설관리,2026-01-08,2026-05-12,124
EST_09537,보호시설물볼라드,3,241000,동화시스템,2026-01-08,2026-02-28,51
EST_09538,보호시설물무단횡단방지시설,3,417000,우신시설관리,2026-01-08,2026-04-09,91
EST_09539,보도블록,1,13000,미래안전,2026-01-08,2026-01-19,11
EST_09540,그네,3,1971000,우신조경,2026-01-08,2026-07-14,187
EST_09541,등받이없는벤치,1,145000,태영테크,2026-01-09,2026-01-25,16
EST_09542,보호펜스,3,256000,제일안전,2026-01-09,2026-04-07,88
EST_09543,등받이있는벤치,2,350000,제일토목,2026-01-09,2026-02-08,30
EST_09544,축구골대,1,1038000,동화조경,2026-01-10,2026-02-12,33
EST_09545,가로수보호덮개,2,279000,신세계시설관리,2026-01-10,2026-01-27,17
EST_09546,맨홀,1,184000,한성건설,2026-01-10,2026-02-01,22
EST_09547,등받이없는벤치,2,325000,우신조경,2026-01-10,2026-02-01,22
EST_09548,맨홀,2,724000,대명테크,2026-01-10,2026-02-10,31
EST_09549,보호시설물무단횡단방지시설,2,265000,제일테크,2026-01-11,2026-02-22,42
EST_09550,가로수보호덮개,3,546000,중앙테크,2026-01-11,2026-02-07,27
EST_09551,보호시설물무단횡단방지시설,3,611000,신세계시설관리,2026-01-11,2026-03-06,54
EST_09552,등받이없는벤치,3,554000,미래토목,2026-01-11,2026-03-13,61
EST_09553,트랜치,2,100000,미래안전,2026-01-12,2026-01-30,18
EST_09554,등받이있는벤치,3,815000,대명산업,2026-01-12,2026-03-03,50
EST_09555,가로수보호덮개,2,249000,제일안전,2026-01-12,2026-01-31,19
EST_09556,등받이있는벤치,3,852000,에코시설,2026-01-12,2026-03-03,50
EST_09557,보호시설물무단횡단방지시설,1,84000,동화시설관리,2026-01-12,2026-02-04,23
EST_09558,점자블록,3,111000,제일시설관리,2026-01-12,2026-02-19,38
EST_09559,가로수보호덮개,3,454000,태영테크,2026-01-12,2026-02-07,26
EST_09560,보호시설물무단횡단방지시설,2,279000,한성건설,2026-01-12,2026-02-20,39
EST_09561,맨홀,3,1246000,현대건설,2026-01-13,2026-04-11,88
EST_09562,등받이있는벤치,2,369000,우신산업,2026-01-13,2026-02-11,29
EST_09563,보차도경계석,3,169000,에코시설,2026-01-13,2026-03-16,62
EST_09564,그네,2,1230000,중앙산업,2026-01-14,2026-04-08,84
EST_09565,그네,3,2320000,에코시설,2026-01-14,2026-07-15,182
EST_09566,보도블록,2,24000,신세계조경,2026-01-14,2026-02-03,20
EST_09567,보도블록,2,32000,동화토목,2026-01-14,2026-02-01,18
EST_09568,보호시설물볼라드,2,179000,대명시설관리,2026-01-14,2026-02-06,23
EST_09569,가로수보호덮개,3,480000,제일시설관리,2026-01-14,2026-02-25,42
EST_09570,보차도경계석,1,26000,국토개발,2026-01-15,2026-01-30,15
EST_09571,보차도경계석,3,147000,미래토목,2026-01-15,2026-02-23,39
EST_09572,보도블록,3,72000,우신조경,2026-01-15,2026-02-22,38
EST_09573,트랜치,1,65000,한성산업,2026-01-15,2026-01-25,10
EST_09574,미끄럼틀,1,1393000,동화시설관리,2026-01-15,2026-03-12,56
EST_09575,트랜치,2,136000,제일토목,2026-01-16,2026-02-03,18
EST_09576,달리기,1,459000,한성토목,2026-01-16,2026-02-15,30
EST_09577,보차도경계석,3,171000,제일시설관리,2026-01-17,2026-03-12,54
EST_09578,미끄럼틀,2,2767000,국토개발,2026-01-17,2026-04-22,95
EST_09579,등받이있는벤치,3,935000,우신산업,2026-01-17,2026-03-17,59
EST_09580,농구대,3,2160000,신세계건설,2026-01-17,2026-04-24,97
EST_09581,맨홀,3,1299000,대명건설,2026-01-17,2026-03-09,51
EST_09582,보호시설물무단횡단방지시설,2,250000,동화시스템,2026-01-17,2026-03-01,43
EST_09583,달리기,3,3601000,우신테크,2026-01-18,2026-05-05,107
EST_09584,달리기,1,549000,제일토목,2026-01-18,2026-02-20,33
EST_09585,미끄럼틀,1,1447000,우신조경,2026-01-20,2026-03-08,47
EST_09586,맨홀,1,301000,신세계안전,2026-01-20,2026-02-09,20
EST_09587,트랜치,3,229000,태영테크,2026-01-20,2026-02-24,35
EST_09588,보차도경계석,3,120000,동화테크,2026-01-20,2026-03-13,52
EST_09589,보도블록,3,74000,동화조경,2026-01-20,2026-02-16,27
EST_09590,점자블록,2,55000,미래시스템,2026-01-20,2026-02-08,19
EST_09591,보차도경계석,1,30000,동화시설관리,2026-01-20,2026-02-06,17
EST_09592,축구골대,3,3251000,제일토목,2026-01-21,2026-04-17,86
EST_09593,보도블록,3,52000,제일토목,2026-01-21,2026-02-27,37
EST_09594,등받이없는벤치,3,522000,에코시설,2026-01-21,2026-03-01,39
EST_09595,점자블록,3,71000,미래토목,2026-01-21,2026-03-05,43
EST_09596,달리기,1,721000,제일테크,2026-01-21,2026-02-20,30
EST_09597,보도블록,3,52000,우신산업,2026-01-21,2026-02-22,32
EST_09598,미끄럼틀,3,5263000,현대건설,2026-01-21,2026-07-23,183
EST_09599,가로수보호덮개,1,93000,국토개발,2026-01-22,2026-02-03,12
EST_09600,보호시설물볼라드,1,79000,미래시스템,2026-01-22,2026-02-08,17
EST_09601,등받이없는벤치,3,508000,한성토목,2026-01-22,2026-03-22,59
EST_09602,달리기,1,486000,도시정비단,2026-01-22,2026-02-26,35
EST_09603,보도블록,3,58000,우신시설관리,2026-01-23,2026-02-25,33
EST_09604,보호시설물볼라드,3,298000,대명안전,2026-01-23,2026-03-26,62
EST_09605,농구대,3,1904000,대명산업,2026-01-24,2026-04-12,78
EST_09606,점자블록,1,20000,현대건설,2026-01-24,2026-02-03,10
EST_09607,미끄럼틀,2,2221000,대명산업,2026-01-24,2026-04-13,79
EST_09608,보호펜스,1,55000,신세계안전,2026-01-24,2026-02-17,24
EST_09609,보호펜스,2,107000,한성산업,2026-01-24,2026-02-27,34
EST_09610,점자블록,3,101000,제일산업,2026-01-24,2026-02-28,35
EST_09611,보호펜스,1,57000,미래시설관리,2026-01-24,2026-02-16,23
EST_09612,농구대,1,287000,동화시설관리,2026-01-24,2026-02-20,27
EST_09613,점자블록,3,82000,중앙테크,2026-01-24,2026-02-26,33
EST_09614,맨홀,1,302000,태영안전,2026-01-24,2026-02-14,21
EST_09615,보호펜스,1,59000,신세계조경,2026-01-25,2026-02-19,25
EST_09616,등받이없는벤치,2,345000,도시정비단,2026-01-25,2026-02-18,24
EST_09617,보차도경계석,2,88000,한성산업,2026-01-25,2026-02-22,28
EST_09618,미끄럼틀,2,2265000,신세계조경,2026-01-25,2026-04-03,68
EST_09619,맨홀,1,333000,동화시스템,2026-01-25,2026-02-16,22
EST_09620,등받이없는벤치,3,638000,한성토목,2026-01-25,2026-03-26,60
EST_09621,보호펜스,1,32000,제일안전,2026-01-26,2026-02-17,22
EST_09622,달리기,1,749000,현대건설,2026-01-26,2026-02-26,31
EST_09623,등받이없는벤치,3,574000,한성건설,2026-01-26,2026-03-10,43
EST_09624,그네,1,479000,동화테크,2026-01-26,2026-03-17,50
EST_09625,가로수보호덮개,1,70000,미래안전,2026-01-26,2026-02-07,12
EST_09626,점자블록,1,19000,현대건설,2026-01-26,2026-02-06,11
EST_09627,미끄럼틀,3,5689000,신세계시설관리,2026-01-26,2026-05-22,116
EST_09628,달리기,1,595000,신세계테크,2026-01-26,2026-03-04,37
EST_09629,점자블록,2,40000,신세계시설관리,2026-01-26,2026-02-16,21
EST_09630,그네,3,3109000,한성건설,2026-01-27,2026-06-29,153
EST_09631,보도블록,1,9000,대명테크,2026-01-27,2026-02-07,11
EST_09632,트랜치,2,147000,동화조경,2026-01-27,2026-02-13,17
EST_09633,등받이있는벤치,2,454000,동화시스템,2026-01-27,2026-02-17,21
EST_09634,보호시설물무단횡단방지시설,1,97000,그린플레이,2026-01-27,2026-02-18,22
EST_09635,트랜치,2,136000,한성시설관리,2026-01-28,2026-02-17,20
EST_09636,농구대,2,1023000,동화테크,2026-01-28,2026-03-19,50
EST_09637,보차도경계석,1,32000,대명시설관리,2026-01-28,2026-02-12,15
EST_09638,등받이있는벤치,2,441000,신세계테크,2026-01-28,2026-02-25,28
EST_09639,농구대,1,318000,대명안전,2026-01-28,2026-02-26,29
EST_09640,보호펜스,2,99000,대명시설관리,2026-01-29,2026-03-08,38
EST_09641,농구대,1,446000,제일조경,2026-01-29,2026-02-28,30
EST_09642,그네,3,2405000,신세계건설,2026-01-29,2026-06-04,126
EST_09643,보호시설물무단횡단방지시설,1,73000,미래토목,2026-01-29,2026-02-20,22
EST_09644,농구대,2,938000,중앙건설,2026-01-29,2026-03-16,46
EST_09645,보호시설물무단횡단방지시설,1,156000,동화테크,2026-01-30,2026-02-23,24
EST_09646,트랜치,1,49000,대명산업,2026-01-30,2026-02-10,11
EST_09647,보도블록,1,15000,현대시스템,2026-01-30,2026-02-10,11
EST_09648,점자블록,2,40000,미래시스템,2026-01-31,2026-02-20,20
EST_09649,축구골대,2,1748000,동화조경,2026-01-31,2026-04-06,65
EST_09650,축구골대,2,1519000,현대시스템,2026-01-31,2026-03-27,55
EST_09651,농구대,1,369000,우신산업,2026-01-31,2026-02-28,28
EST_09652,보호시설물볼라드,3,295000,신세계건설,2026-01-31,2026-03-16,44
EST_09653,농구대,1,474000,현대건설,2026-02-01,2026-02-27,26
EST_09654,가로수보호덮개,3,414000,한성건설,2026-02-01,2026-03-07,34
EST_09655,미끄럼틀,3,5511000,미래시스템,2026-02-01,2026-08-13,193
EST_09656,보차도경계석,2,76000,우신테크,2026-02-01,2026-02-25,24
EST_09657,등받이없는벤치,1,89000,미래안전,2026-02-02,2026-02-16,14
EST_09658,미끄럼틀,1,719000,신세계시설관리,2026-02-02,2026-03-22,48
EST_09659,맨홀,1,182000,태영안전,2026-02-02,2026-02-23,21
EST_09660,트랜치,3,303000,신세계시설관리,2026-02-02,2026-02-28,26
EST_09661,트랜치,3,279000,동화조경,2026-02-02,2026-03-08,34
EST_09662,달리기,3,2529000,제일토목,2026-02-02,2026-04-18,75
EST_09663,그네,1,346000,태영안전,2026-02-03,2026-03-22,47
EST_09664,보호시설물무단횡단방지시설,1,130000,우신테크,2026-02-03,2026-02-26,23
EST_09665,보호시설물무단횡단방지시설,2,221000,신세계시설관리,2026-02-03,2026-03-15,40
EST_09666,그네,1,731000,에코시설,2026-02-03,2026-03-25,50
EST_09667,축구골대,2,2011000,한성산업,2026-02-04,2026-04-07,62
EST_09668,농구대,1,340000,신세계건설,2026-02-05,2026-03-08,31
EST_09669,보호시설물무단횡단방지시설,3,538000,한성시설관리,2026-02-05,2026-04-04,58
EST_09670,트랜치,3,261000,태영건설,2026-02-05,2026-03-09,32
EST_09671,가로수보호덮개,3,536000,태영건설,2026-02-05,2026-03-12,35
EST_09672,보호펜스,2,128000,미래안전,2026-02-05,2026-03-22,45
EST_09673,보호시설물무단횡단방지시설,1,70000,신세계안전,2026-02-06,2026-03-02,24
EST_09674,보도블록,3,76000,태영건설,2026-02-06,2026-03-04,26
EST_09675,트랜치,3,251000,대명건설,2026-02-07,2026-03-13,34
EST_09676,보차도경계석,1,41000,대명시설관리,2026-02-07,2026-02-22,15
EST_09677,보호펜스,1,33000,국토개발,2026-02-07,2026-03-01,22
EST_09678,보차도경계석,3,135000,중앙안전,2026-02-07,2026-04-10,62
EST_09679,보호시설물볼라드,3,270000,신세계조경,2026-02-07,2026-03-25,46
EST_09680,트랜치,1,53000,한성시설관리,2026-02-08,2026-02-18,10
EST_09681,등받이없는벤치,1,112000,대명산업,2026-02-08,2026-02-22,14
EST_09682,축구골대,2,1646000,대명테크,2026-02-08,2026-03-29,49
EST_09683,트랜치,3,240000,그린플레이,2026-02-08,2026-03-21,41
EST_09684,미끄럼틀,2,2227000,미래시설관리,2026-02-08,2026-04-29,80
EST_09685,등받이있는벤치,1,145000,현대건설,2026-02-09,2026-02-26,17
EST_09686,가로수보호덮개,1,63000,제일안전,2026-02-09,2026-02-20,11
EST_09687,가로수보호덮개,1,97000,태영안전,2026-02-09,2026-02-20,11
EST_09688,등받이있는벤치,2,367000,태영안전,2026-02-09,2026-03-11,30
EST_09689,그네,1,703000,한성건설,2026-02-09,2026-03-26,45
EST_09690,가로수보호덮개,3,520000,태영테크,2026-02-09,2026-03-22,41
EST_09691,달리기,3,2413000,한성토목,2026-02-10,2026-06-11,121
EST_09692,미끄럼틀,1,827000,태영테크,2026-02-10,2026-04-07,56
EST_09693,축구골대,1,841000,제일조경,2026-02-10,2026-03-14,32
EST_09694,보호펜스,1,41000,도시정비단,2026-02-10,2026-03-05,23
EST_09695,맨홀,3,1369000,대명안전,2026-02-10,2026-04-14,63
EST_09696,트랜치,3,253000,제일조경,2026-02-10,2026-03-23,41
EST_09697,등받이없는벤치,1,119000,그린플레이,2026-02-11,2026-02-25,14
EST_09698,보도블록,3,58000,대명시설관리,2026-02-11,2026-03-26,43
EST_09699,등받이없는벤치,3,607000,현대건설,2026-02-11,2026-03-26,43
EST_09700,미끄럼틀,3,4416000,동화테크,2026-02-11,2026-06-24,133
EST_09701,점자블록,2,54000,미래토목,2026-02-12,2026-03-04,20
EST_09702,가로수보호덮개,3,407000,미래시설관리,2026-02-12,2026-03-24,40
EST_09703,보호시설물볼라드,1,79000,신세계시스템,2026-02-12,2026-02-26,14
EST_09704,점자블록,2,43000,동화테크,2026-02-13,2026-03-01,16
EST_09705,맨홀,3,894000,대명시설관리,2026-02-13,2026-05-13,89
EST_09706,보차도경계석,3,160000,미래토목,2026-02-14,2026-04-08,53
EST_09707,보차도경계석,3,189000,중앙산업,2026-02-14,2026-03-31,45
EST_09708,달리기,1,455000,대명시설관리,2026-02-14,2026-03-19,33
EST_09709,보도블록,1,11000,도시정비단,2026-02-14,2026-02-25,11
EST_09710,보호펜스,3,187000,태영테크,2026-02-14,2026-04-25,70
EST_09711,보도블록,3,49000,대명안전,2026-02-14,2026-03-29,43
EST_09712,달리기,2,1262000,신세계조경,2026-02-15,2026-04-04,48
EST_09713,보차도경계석,3,146000,신세계시스템,2026-02-15,2026-03-27,40
EST_09714,등받이있는벤치,2,365000,대명안전,2026-02-15,2026-03-17,30
EST_09715,달리기,3,3057000,한성건설,2026-02-15,2026-06-25,130
EST_09716,보차도경계석,2,59000,우신산업,2026-02-15,2026-03-11,24
EST_09717,미끄럼틀,1,660000,중앙토목,2026-02-16,2026-04-07,50
EST_09718,보차도경계석,1,36000,제일테크,2026-02-16,2026-03-05,17
EST_09719,달리기,1,521000,제일조경,2026-02-16,2026-03-24,36
EST_09720,등받이없는벤치,2,338000,동화시설관리,2026-02-16,2026-03-17,29
EST_09721,등받이없는벤치,1,137000,동화시설관리,2026-02-16,2026-03-02,14
EST_09722,보차도경계석,3,150000,한성안전,2026-02-16,2026-04-08,51
EST_09723,보차도경계석,2,62000,중앙건설,2026-02-16,2026-03-14,26
EST_09724,보차도경계석,1,35000,중앙테크,2026-02-17,2026-03-04,15
EST_09725,보호시설물무단횡단방지시설,1,151000,우신시설관리,2026-02-17,2026-03-10,21
EST_09726,미끄럼틀,3,3940000,우신시설관리,2026-02-17,2026-07-10,143
EST_09727,점자블록,3,76000,동화조경,2026-02-17,2026-03-21,32
EST_09728,보호펜스,2,104000,제일안전,2026-02-18,2026-04-03,44
EST_09729,점자블록,2,46000,태영안전,2026-02-18,2026-03-09,19
EST_09730,축구골대,1,657000,신세계안전,2026-02-18,2026-03-23,33
EST_09731,보호펜스,2,120000,중앙토목,2026-02-18,2026-03-23,33
EST_09732,보호시설물볼라드,3,282000,신세계건설,2026-02-18,2026-04-03,44
EST_09733,보차도경계석,2,76000,한성건설,2026-02-18,2026-03-14,24
EST_09734,등받이있는벤치,3,990000,중앙산업,2026-02-19,2026-03-27,36
EST_09735,보도블록,1,17000,국토개발,2026-02-19,2026-03-02,11
EST_09736,보호시설물무단횡단방지시설,3,427000,중앙안전,2026-02-19,2026-04-28,68
EST_09737,등받이있는벤치,2,485000,동화조경,2026-02-19,2026-03-17,26
EST_09738,미끄럼틀,2,3008000,대명시설관리,2026-02-20,2026-05-28,97
EST_09739,가로수보호덮개,2,233000,그린플레이,2026-02-20,2026-03-10,18
EST_09740,미끄럼틀,2,2457000,동화토목,2026-02-21,2026-05-14,82
EST_09741,맨홀,2,730000,중앙건설,2026-02-21,2026-03-26,33
EST_09742,트랜치,3,204000,제일테크,2026-02-21,2026-03-21,28
EST_09743,보호시설물볼라드,1,63000,제일조경,2026-02-21,2026-03-10,17
EST_09744,그네,1,404000,신세계시스템,2026-02-21,2026-04-18,56
EST_09745,보호펜스,3,214000,동화토목,2026-02-21,2026-04-24,62
EST_09746,보호시설물무단횡단방지시설,3,511000,제일시설관리,2026-02-21,2026-05-20,88
EST_09747,보호시설물무단횡단방지시설,1,113000,한성안전,2026-02-22,2026-03-20,26
EST_09748,보호시설물볼라드,3,279000,현대시스템,2026-02-22,2026-03-30,36
EST_09749,미끄럼틀,2,2817000,한성안전,2026-02-22,2026-05-13,80
EST_09750,등받이있는벤치,2,480000,대명안전,2026-02-22,2026-03-24,30
EST_09751,보호펜스,1,53000,우신산업,2026-02-23,2026-03-17,22
EST_09752,점자블록,2,41000,국토개발,2026-02-23,2026-03-15,20
EST_09753,미끄럼틀,2,1892000,제일산업,2026-02-23,2026-05-04,70
EST_09754,가로수보호덮개,3,428000,중앙산업,2026-02-23,2026-03-28,33
EST_09755,점자블록,3,96000,동화토목,2026-02-23,2026-03-25,30
EST_09756,보도블록,3,62000,제일조경,2026-02-24,2026-04-03,38
EST_09757,미끄럼틀,2,1902000,대명시설관리,2026-02-24,2026-05-14,79
EST_09758,농구대,2,1273000,중앙산업,2026-02-24,2026-04-18,53
EST_09759,달리기,2,1349000,제일산업,2026-02-24,2026-04-18,53
EST_09760,맨홀,3,1294000,태영테크,2026-02-25,2026-04-18,52
EST_09761,점자블록,3,100000,중앙건설,2026-02-25,2026-04-09,43
EST_09762,보도블록,2,28000,동화시설관리,2026-02-26,2026-03-15,17
EST_09763,그네,2,1299000,신세계안전,2026-02-26,2026-05-20,83
EST_09764,맨홀,2,574000,신세계토목,2026-02-26,2026-04-10,43
EST_09765,보호시설물볼라드,3,314000,제일조경,2026-02-26,2026-04-20,53
EST_09766,등받이있는벤치,1,138000,제일토목,2026-02-26,2026-03-15,17
EST_09767,보차도경계석,2,76000,한성산업,2026-02-26,2026-03-26,28
EST_09768,보도블록,3,72000,현대시스템,2026-02-27,2026-04-02,34
EST_09769,등받이있는벤치,2,450000,대명건설,2026-02-27,2026-03-20,21
EST_09770,그네,2,1110000,현대건설,2026-02-27,2026-05-20,82
EST_09771,등받이있는벤치,1,195000,신세계안전,2026-02-28,2026-03-16,16
EST_09772,가로수보호덮개,1,113000,제일테크,2026-02-28,2026-03-10,10
EST_09773,보도블록,1,13000,태영안전,2026-02-28,2026-03-12,12
EST_09774,등받이없는벤치,3,490000,그린플레이,2026-02-28,2026-04-06,37
EST_09775,미끄럼틀,2,3037000,태영건설,2026-02-28,2026-05-25,86
EST_09776,보호시설물무단횡단방지시설,2,336000,신세계시설관리,2026-03-01,2026-04-15,45
EST_09777,보차도경계석,1,43000,그린플레이,2026-03-01,2026-03-17,16
EST_09778,등받이없는벤치,3,645000,대명시설관리,2026-03-01,2026-04-12,42
EST_09779,보차도경계석,1,36000,신세계토목,2026-03-01,2026-03-16,15
EST_09780,축구골대,1,1044000,중앙테크,2026-03-01,2026-04-07,37
EST_09781,보호시설물무단횡단방지시설,2,273000,현대시스템,2026-03-01,2026-04-03,33
EST_09782,보호펜스,2,103000,대명안전,2026-03-01,2026-04-11,41
EST_09783,달리기,3,3807000,미래시스템,2026-03-01,2026-05-30,90
EST_09784,등받이있는벤치,1,216000,신세계안전,2026-03-01,2026-03-17,16
EST_09785,트랜치,2,114000,우신조경,2026-03-02,2026-03-21,19
EST_09786,보도블록,1,9000,현대건설,2026-03-02,2026-03-14,12
EST_09787,점자블록,3,78000,한성산업,2026-03-02,2026-04-04,33
EST_09788,등받이없는벤치,1,127000,동화시스템,2026-03-02,2026-03-17,15
EST_09789,그네,1,598000,우신시설관리,2026-03-02,2026-04-26,55
EST_09790,농구대,1,441000,한성산업,2026-03-03,2026-03-30,27
EST_09791,점자블록,3,85000,중앙안전,2026-03-03,2026-04-14,42
EST_09792,트랜치,2,129000,한성건설,2026-03-03,2026-03-23,20
EST_09793,축구골대,1,650000,현대시스템,2026-03-03,2026-04-03,31
EST_09794,보호시설물무단횡단방지시설,3,561000,중앙토목,2026-03-04,2026-04-27,54
EST_09795,보호펜스,1,58000,신세계건설,2026-03-04,2026-03-28,24
EST_09796,보차도경계석,2,79000,그린플레이,2026-03-04,2026-03-29,25
EST_09797,미끄럼틀,2,2592000,한성시설관리,2026-03-04,2026-05-25,82
EST_09798,그네,2,1239000,한성건설,2026-03-04,2026-05-14,71
EST_09799,등받이있는벤치,2,327000,한성안전,2026-03-04,2026-04-01,28
EST_09800,등받이없는벤치,1,83000,대명테크,2026-03-04,2026-03-19,15
EST_09801,축구골대,1,983000,대명건설,2026-03-05,2026-04-09,35
EST_09802,등받이없는벤치,1,78000,동화테크,2026-03-05,2026-03-22,17
EST_09803,농구대,1,341000,동화조경,2026-03-05,2026-04-04,30
EST_09804,보차도경계석,2,69000,중앙건설,2026-03-05,2026-03-27,22
EST_09805,보도블록,1,16000,중앙산업,2026-03-05,2026-03-15,10
EST_09806,보호펜스,2,93000,한성시설관리,2026-03-05,2026-04-05,31
EST_09807,트랜치,3,301000,한성토목,2026-03-05,2026-04-16,42
EST_09808,맨홀,1,182000,제일토목,2026-03-05,2026-03-25,20
EST_09809,보호펜스,3,274000,중앙산업,2026-03-06,2026-05-12,67
EST_09810,보호시설물볼라드,1,61000,그린플레이,2026-03-07,2026-03-22,15
EST_09811,보호시설물무단횡단방지시설,1,74000,한성건설,2026-03-07,2026-03-28,21
EST_09812,보차도경계석,2,76000,대명시설관리,2026-03-07,2026-03-28,21
EST_09813,보도블록,1,11000,우신조경,2026-03-07,2026-03-17,10
EST_09814,보도블록,1,9000,신세계건설,2026-03-08,2026-03-19,11
EST_09815,그네,1,725000,신세계시설관리,2026-03-08,2026-04-26,49
EST_09816,점자블록,3,73000,중앙건설,2026-03-08,2026-04-17,40
EST_09817,맨홀,3,917000,태영안전,2026-03-08,2026-04-28,51
EST_09818,보호시설물무단횡단방지시설,3,491000,중앙산업,2026-03-08,2026-05-01,54
EST_09819,축구골대,1,948000,현대시스템,2026-03-08,2026-04-07,30
EST_09820,미끄럼틀,1,1258000,도시정비단,2026-03-08,2026-04-27,50
EST_09821,달리기,1,459000,동화시설관리,2026-03-08,2026-04-09,32
EST_09822,트랜치,3,247000,미래시스템,2026-03-09,2026-04-15,37
EST_09823,보도블록,2,33000,미래시설관리,2026-03-09,2026-03-27,18
EST_09824,그네,1,604000,우신테크,2026-03-09,2026-05-02,54
EST_09825,보도블록,1,14000,국토개발,2026-03-09,2026-03-20,11
EST_09826,보호펜스,3,210000,동화토목,2026-03-09,2026-06-08,91
EST_09827,보호펜스,3,269000,동화시스템,2026-03-09,2026-06-03,86
EST_09828,보호시설물무단횡단방지시설,1,155000,동화시스템,2026-03-09,2026-03-31,22
EST_09829,그네,2,1344000,대명산업,2026-03-10,2026-06-06,88
EST_09830,등받이있는벤치,3,663000,한성시설관리,2026-03-11,2026-04-18,38
EST_09831,가로수보호덮개,1,59000,신세계시스템,2026-03-11,2026-03-21,10
EST_09832,트랜치,3,229000,신세계토목,2026-03-11,2026-04-06,26
EST_09833,점자블록,1,17000,태영테크,2026-03-12,2026-03-23,11
EST_09834,그네,3,3052000,제일시설관리,2026-03-12,2026-07-26,136
EST_09835,보호펜스,3,201000,중앙테크,2026-03-13,2026-06-02,81
EST_09836,보도블록,1,16000,미래시설관리,2026-03-13,2026-03-23,10
EST_09837,보호시설물무단횡단방지시설,3,553000,도시정비단,2026-03-13,2026-05-11,59
EST_09838,가로수보호덮개,2,186000,신세계시스템,2026-03-14,2026-04-04,21
EST_09839,등받이없는벤치,3,684000,도시정비단,2026-03-14,2026-05-04,51
EST_09840,미끄럼틀,3,5268000,중앙토목,2026-03-14,2026-07-05,113
EST_09841,달리기,3,3107000,대명산업,2026-03-14,2026-06-24,102
EST_09842,보차도경계석,3,146000,그린플레이,2026-03-14,2026-05-02,49
EST_09843,맨홀,1,277000,신세계안전,2026-03-14,2026-04-03,20
EST_09844,맨홀,2,604000,신세계토목,2026-03-14,2026-04-26,43
EST_09845,달리기,1,874000,제일테크,2026-03-15,2026-04-21,37
EST_09846,보호펜스,1,50000,우신조경,2026-03-15,2026-04-10,26
EST_09847,등받이없는벤치,2,226000,대명시설관리,2026-03-15,2026-04-07,23
EST_09848,등받이없는벤치,2,372000,대명산업,2026-03-15,2026-04-13,29
EST_09849,등받이없는벤치,3,624000,중앙토목,2026-03-15,2026-04-22,38
EST_09850,보호펜스,2,119000,태영건설,2026-03-16,2026-04-18,33
EST_09851,등받이없는벤치,2,367000,중앙건설,2026-03-16,2026-04-06,21
EST_09852,보호시설물무단횡단방지시설,2,287000,중앙건설,2026-03-16,2026-04-18,33
EST_09853,맨홀,2,548000,한성토목,2026-03-16,2026-04-17,32
EST_09854,가로수보호덮개,2,226000,신세계토목,2026-03-16,2026-04-06,21
EST_09855,보호시설물무단횡단방지시설,3,535000,대명테크,2026-03-17,2026-05-20,64
EST_09856,보호펜스,2,110000,신세계테크,2026-03-17,2026-04-25,39
EST_09857,그네,1,384000,제일시설관리,2026-03-17,2026-05-01,45
EST_09858,보도블록,3,54000,동화시설관리,2026-03-17,2026-04-23,37
EST_09859,등받이있는벤치,3,818000,제일조경,2026-03-18,2026-04-26,39
EST_09860,축구골대,3,4566000,신세계시설관리,2026-03-18,2026-06-06,80
EST_09861,그네,2,1605000,신세계조경,2026-03-18,2026-06-13,87
EST_09862,농구대,2,935000,대명테크,2026-03-18,2026-05-07,50
EST_09863,가로수보호덮개,1,99000,우신테크,2026-03-18,2026-03-30,12
EST_09864,농구대,1,477000,신세계시설관리,2026-03-18,2026-04-19,32
EST_09865,보도블록,3,58000,에코시설,2026-03-19,2026-04-13,25
EST_09866,그네,1,552000,한성안전,2026-03-19,2026-05-07,49
EST_09867,가로수보호덮개,3,521000,한성건설,2026-03-19,2026-04-15,27
EST_09868,등받이있는벤치,3,698000,태영안전,2026-03-19,2026-05-20,62
EST_09869,가로수보호덮개,2,204000,중앙산업,2026-03-19,2026-04-07,19
EST_09870,보차도경계석,1,42000,한성시설관리,2026-03-19,2026-04-02,14
EST_09871,보호시설물무단횡단방지시설,1,74000,미래시설관리,2026-03-19,2026-04-11,23
EST_09872,가로수보호덮개,1,63000,대명시설관리,2026-03-19,2026-03-31,12
EST_09873,트랜치,3,305000,태영안전,2026-03-20,2026-04-14,25
EST_09874,그네,3,2072000,에코시설,2026-03-20,2026-08-16,149
EST_09875,보차도경계석,1,37000,제일시설관리,2026-03-20,2026-04-05,16
EST_09876,등받이없는벤치,2,228000,우신시설관리,2026-03-21,2026-04-13,23
EST_09877,보호시설물무단횡단방지시설,1,70000,우신산업,2026-03-21,2026-04-15,25
EST_09878,보차도경계석,3,153000,동화시스템,2026-03-21,2026-05-17,57
EST_09879,가로수보호덮개,1,90000,중앙안전,2026-03-21,2026-04-01,11
EST_09880,보호시설물무단횡단방지시설,2,242000,한성시설관리,2026-03-21,2026-05-02,42
EST_09881,맨홀,3,1205000,태영테크,2026-03-21,2026-06-15,86
EST_09882,축구골대,1,696000,국토개발,2026-03-22,2026-04-23,32
EST_09883,보차도경계석,3,179000,도시정비단,2026-03-22,2026-05-07,46
EST_09884,보호시설물볼라드,1,51000,동화토목,2026-03-22,2026-04-05,14
EST_09885,트랜치,1,72000,우신산업,2026-03-22,2026-04-01,10
EST_09886,등받이없는벤치,3,718000,국토개발,2026-03-22,2026-05-16,55
EST_09887,축구골대,1,886000,동화시설관리,2026-03-22,2026-04-26,35
EST_09888,보차도경계석,2,88000,제일조경,2026-03-22,2026-04-12,21
EST_09889,등받이없는벤치,2,238000,태영안전,2026-03-22,2026-04-14,23
EST_09890,보호펜스,3,258000,중앙산업,2026-03-22,2026-05-22,61
EST_09891,미끄럼틀,3,5876000,신세계조경,2026-03-23,2026-08-20,150
EST_09892,트랜치,1,42000,태영건설,2026-03-23,2026-04-03,11
EST_09893,보도블록,1,8000,중앙건설,2026-03-23,2026-04-03,11
EST_09894,가로수보호덮개,3,364000,도시정비단,2026-03-23,2026-05-04,42
EST_09895,등받이없는벤치,1,155000,한성시설관리,2026-03-23,2026-04-08,16
EST_09896,가로수보호덮개,2,216000,제일시설관리,2026-03-23,2026-04-11,19
EST_09897,트랜치,2,103000,신세계토목,2026-03-23,2026-04-10,18
EST_09898,달리기,3,2923000,동화조경,2026-03-24,2026-07-19,117
EST_09899,보호시설물볼라드,3,225000,대명건설,2026-03-25,2026-05-14,50
EST_09900,점자블록,1,16000,대명안전,2026-03-26,2026-04-06,11
EST_09901,보호펜스,2,105000,한성시설관리,2026-03-27,2026-04-29,33
EST_09902,보호시설물무단횡단방지시설,2,309000,한성산업,2026-03-27,2026-05-03,37
EST_09903,보도블록,1,16000,동화조경,2026-03-27,2026-04-06,10
EST_09904,축구골대,2,1707000,태영테크,2026-03-27,2026-05-15,49
EST_09905,점자블록,1,24000,동화시설관리,2026-03-27,2026-04-06,10
EST_09906,트랜치,3,264000,대명안전,2026-03-27,2026-04-21,25
EST_09907,미끄럼틀,3,5493000,신세계시스템,2026-03-28,2026-08-14,139
EST_09908,보호시설물무단횡단방지시설,2,315000,중앙토목,2026-03-28,2026-05-08,41
EST_09909,미끄럼틀,1,1336000,신세계안전,2026-03-28,2026-05-22,55
EST_09910,등받이없는벤치,1,99000,태영안전,2026-03-28,2026-04-12,15
EST_09911,보호시설물볼라드,3,258000,도시정비단,2026-03-29,2026-05-07,39
EST_09912,미끄럼틀,1,891000,한성건설,2026-03-29,2026-05-25,57
EST_09913,축구골대,3,3194000,중앙산업,2026-03-29,2026-07-05,98
EST_09914,보호시설물무단횡단방지시설,3,656000,신세계건설,2026-03-29,2026-06-22,85
EST_09915,보차도경계석,2,96000,동화시스템,2026-03-29,2026-04-20,22
EST_09916,점자블록,2,42000,현대시스템,2026-03-29,2026-04-14,16
EST_09917,달리기,3,2414000,한성안전,2026-03-29,2026-07-22,115
EST_09918,보도블록,3,53000,한성건설,2026-03-30,2026-05-10,41
EST_09919,그네,3,2796000,신세계안전,2026-03-30,2026-07-31,123
EST_09920,보차도경계석,3,154000,신세계조경,2026-03-30,2026-05-05,36
EST_09921,달리기,2,1933000,신세계테크,2026-03-31,2026-05-27,57
EST_09922,가로수보호덮개,1,123000,대명시설관리,2026-04-01,2026-04-13,12
EST_09923,달리기,1,862000,우신시설관리,2026-04-01,2026-05-09,38
EST_09924,등받이없는벤치,3,628000,에코시설,2026-04-01,2026-05-08,37
EST_09925,축구골대,1,1001000,미래시설관리,2026-04-01,2026-05-05,34
EST_09926,맨홀,2,494000,중앙안전,2026-04-01,2026-05-01,30
EST_09927,맨홀,3,1223000,우신테크,2026-04-01,2026-05-28,57
EST_09928,농구대,1,611000,우신테크,2026-04-02,2026-05-02,30
EST_09929,맨홀,3,1188000,신세계테크,2026-04-02,2026-06-02,61
EST_09930,가로수보호덮개,3,480000,우신시설관리,2026-04-02,2026-05-15,43
EST_09931,보호펜스,2,139000,동화시스템,2026-04-02,2026-05-16,44
EST_09932,맨홀,1,263000,그린플레이,2026-04-02,2026-04-27,25
EST_09933,그네,3,2983000,신세계시스템,2026-04-02,2026-07-25,114
EST_09934,그네,1,727000,대명산업,2026-04-02,2026-05-30,58
EST_09935,맨홀,3,1184000,동화시스템,2026-04-03,2026-06-28,86
EST_09936,트랜치,2,152000,미래안전,2026-04-03,2026-04-23,20
EST_09937,보호펜스,3,247000,제일안전,2026-04-03,2026-07-06,94
EST_09938,축구골대,2,1795000,미래토목,2026-04-03,2026-06-03,61
EST_09939,축구골대,3,3718000,신세계건설,2026-04-04,2026-08-13,131
EST_09940,보도블록,3,60000,신세계건설,2026-04-04,2026-05-14,40
EST_09941,점자블록,1,23000,현대건설,2026-04-04,2026-04-14,10
EST_09942,등받이있는벤치,2,428000,대명건설,2026-04-05,2026-04-27,22
EST_09943,미끄럼틀,2,2178000,태영안전,2026-04-05,2026-06-28,84
EST_09944,보도블록,3,53000,우신조경,2026-04-05,2026-05-03,28
EST_09945,가로수보호덮개,2,277000,동화시설관리,2026-04-05,2026-04-21,16
EST_09946,농구대,2,1264000,미래시스템,2026-04-05,2026-05-17,42
EST_09947,보호펜스,2,109000,동화토목,2026-04-05,2026-05-16,41
EST_09948,그네,2,1498000,대명테크,2026-04-05,2026-06-19,75
EST_09949,트랜치,3,248000,신세계토목,2026-04-06,2026-05-08,32
EST_09950,맨홀,2,718000,한성토목,2026-04-06,2026-05-10,34
EST_09951,그네,3,2223000,동화토목,2026-04-06,2026-08-05,121
EST_09952,미끄럼틀,1,859000,미래토목,2026-04-06,2026-05-27,51
EST_09953,트랜치,3,198000,신세계건설,2026-04-06,2026-05-05,29
EST_09954,보호시설물볼라드,1,57000,우신테크,2026-04-06,2026-04-22,16
EST_09955,달리기,1,490000,중앙안전,2026-04-07,2026-05-15,38
EST_09956,등받이없는벤치,1,81000,현대건설,2026-04-07,2026-04-23,16
EST_09957,보호시설물무단횡단방지시설,3,576000,대명테크,2026-04-07,2026-06-15,69
EST_09958,보차도경계석,3,131000,중앙안전,2026-04-07,2026-05-14,37
EST_09959,달리기,1,876000,제일테크,2026-04-07,2026-05-10,33
EST_09960,달리기,3,3408000,동화테크,2026-04-07,2026-08-03,118
EST_09961,미끄럼틀,2,2904000,미래안전,2026-04-07,2026-06-19,73
EST_09962,트랜치,1,74000,제일토목,2026-04-07,2026-04-18,11
EST_09963,미끄럼틀,3,4866000,신세계조경,2026-04-08,2026-09-15,160
EST_09964,달리기,2,1745000,제일테크,2026-04-08,2026-05-29,51
EST_09965,맨홀,2,696000,우신테크,2026-04-09,2026-05-21,42
EST_09966,등받이없는벤치,2,242000,중앙건설,2026-04-09,2026-05-07,28
EST_09967,보호시설물무단횡단방지시설,2,309000,현대건설,2026-04-09,2026-05-25,46
EST_09968,보호시설물무단횡단방지시설,1,93000,중앙토목,2026-04-10,2026-05-01,21
EST_09969,보호시설물볼라드,2,172000,신세계시설관리,2026-04-10,2026-05-09,29
EST_09970,미끄럼틀,2,2035000,현대건설,2026-04-10,2026-07-14,95
EST_09971,맨홀,1,186000,태영테크,2026-04-10,2026-05-02,22
EST_09972,보도블록,2,33000,국토개발,2026-04-10,2026-04-29,19
EST_09973,보도블록,1,8000,제일조경,2026-04-10,2026-04-20,10
EST_09974,등받이없는벤치,2,302000,신세계토목,2026-04-10,2026-05-01,21
EST_09975,점자블록,1,14000,중앙건설,2026-04-10,2026-04-22,12
EST_09976,보차도경계석,2,67000,한성토목,2026-04-10,2026-05-06,26
EST_09977,트랜치,3,249000,제일안전,2026-04-11,2026-05-20,39
EST_09978,등받이없는벤치,2,327000,중앙테크,2026-04-11,2026-05-07,26
EST_09979,보호시설물볼라드,1,40000,에코시설,2026-04-12,2026-04-26,14
EST_09980,보호시설물볼라드,1,57000,현대건설,2026-04-12,2026-04-27,15
EST_09981,보호시설물볼라드,3,255000,한성산업,2026-04-12,2026-05-22,40
EST_09982,그네,3,2986000,대명안전,2026-04-12,2026-08-12,122
EST_09983,보도블록,1,11000,신세계조경,2026-04-12,2026-04-22,10
EST_09984,축구골대,1,657000,제일테크,2026-04-13,2026-05-15,32
EST_09985,그네,3,2837000,한성산업,2026-04-13,2026-10-11,181
EST_09986,등받이있는벤치,2,406000,태영건설,2026-04-13,2026-05-10,27
EST_09987,보도블록,1,13000,중앙건설,2026-04-13,2026-04-24,11
EST_09988,축구골대,1,936000,동화시설관리,2026-04-13,2026-05-19,36
EST_09989,맨홀,1,169000,도시정비단,2026-04-13,2026-05-05,22
EST_09990,그네,1,389000,우신조경,2026-04-13,2026-06-04,52
EST_09991,보차도경계석,1,29000,제일조경,2026-04-14,2026-04-28,14
EST_09992,보차도경계석,2,72000,동화테크,2026-04-14,2026-05-08,24
EST_09993,트랜치,3,305000,대명테크,2026-04-15,2026-05-29,44
EST_09994,점자블록,3,86000,중앙테크,2026-04-15,2026-05-10,25
EST_09995,보호시설물무단횡단방지시설,1,109000,미래안전,2026-04-15,2026-05-06,21
EST_09996,등받이없는벤치,3,597000,동화조경,2026-04-15,2026-05-29,44
EST_09997,축구골대,2,2054000,태영테크,2026-04-15,2026-05-31,46
EST_09998,달리기,2,1425000,우신조경,2026-04-15,2026-05-30,45
EST_09999,맨홀,1,240000,그린플레이,2026-04-15,2026-05-07,22
EST_10000,트랜치,1,63000,에코시설,2026-04-15,2026-04-27,12
