User_ID,Name,Contact,Job,Age
USER_1002,장예진,010-8454-3214,엔지니어,48
USER_1003,임윤호,010-3665-6566,엔지니어,54
USER_1004,임도현,010-7482-8469,직장인,62
USER_1005,오나영,010-5159-6658,주부,66
USER_1006,신도현,010-3401-6085,대학생,47
USER_1007,서우진,010-5406-4838,자영업,64
USER_1008,조도현,010-1024-9391,대학생,51
USER_1009,오준호,010-6167-1078,직장인,30
USER_1010,장준호,010-4845-2559,자영업,66
USER_1012,신나영,010-6685-7818,대학생,21
USER_1013,박민수,010-7368-7348,자영업,27
USER_1014,장도현,010-8554-2074,프리랜서,60
USER_1015,조예진,010-3605-1904,대학생,20
USER_1018,박우진,010-3516-8979,엔지니어,65
USER_1020,강윤호,010-5286-3540,직장인,21
USER_1021,박건우,010-5432-4087,전문직,57
USER_1023,박서윤,010-5932-6690,공무원,41
USER_1024,오나영,010-8060-4101,직장인,51
USER_1028,한지혜,010-5512-4318,대학생,22
USER_1029,신민수,010-9853-6408,대학생,21
USER_1031,신우진,010-8030-4793,직장인,33
USER_1034,윤지혜,010-6370-2620,무직,21
USER_1035,장지혜,010-4119-9691,프리랜서,55
USER_1037,조현우,010-8500-2597,자영업,46
USER_1038,조현우,010-6745-5650,직장인,31
USER_1040,최도현,010-4237-4238,공무원,44
USER_1041,조서윤,010-5272-4618,프리랜서,44
USER_1043,박지혜,010-3890-1685,전문직,33
USER_1044,서채원,010-5812-7296,엔지니어,41
USER_1047,조나영,010-8642-6391,자영업,67
USER_1050,정도현,010-6556-1152,대학생,43
USER_1051,장지혜,010-3492-6608,주부,51
USER_1052,장나영,010-7973-4730,엔지니어,26
USER_1053,오지혜,010-7872-1259,공무원,51
USER_1054,윤지혜,010-3782-1461,자영업,60
USER_1055,한지혜,010-4440-2183,공무원,44
USER_1057,조지혜,010-3906-1493,공무원,36
USER_1058,최준호,010-4785-7024,공무원,59
USER_1061,서하은,010-4954-1291,주부,67
USER_1063,강서윤,010-4593-3674,프리랜서,28
USER_1064,김하은,010-7656-1747,직장인,58
USER_1065,윤건우,010-3280-4972,공무원,67
USER_1067,박민수,010-7558-2708,자영업,28
USER_1070,박지우,010-1528-8811,무직,51
USER_1072,서지혜,010-6186-4439,직장인,66
USER_1075,신건우,010-1644-7156,직장인,23
USER_1076,강나영,010-1094-2131,주부,65
USER_1078,최지우,010-2980-8635,대학생,21
USER_1079,오준호,010-3765-6347,공무원,31
USER_1080,임예진,010-7667-7308,대학생,22
USER_1082,한우진,010-4546-4134,전문직,44
USER_1084,서채원,010-7011-3289,무직,23
USER_1085,정나영,010-7645-7670,자영업,66
USER_1086,신하은,010-9878-1943,프리랜서,61
USER_1087,최도현,010-6445-4757,프리랜서,32
USER_1089,신서윤,010-7036-1030,자영업,57
USER_1091,정하은,010-4675-2015,전문직,66
USER_1092,오준호,010-8588-9933,직장인,68
USER_1093,김서윤,010-2701-8173,직장인,55
USER_1096,조예진,010-7347-9871,엔지니어,55
USER_1099,박지우,010-5868-7174,대학생,20
USER_1100,김윤호,010-9143-9911,직장인,21
USER_1102,오서윤,010-5343-8900,전문직,47
USER_1103,서하은,010-5686-7579,무직,64
USER_1104,윤서윤,010-6562-7972,직장인,34
USER_1106,임준호,010-3466-1127,전문직,32
USER_1107,박지혜,010-1647-6741,직장인,65
USER_1108,임윤호,010-9742-2131,전문직,32
USER_1109,이하은,010-5368-7158,주부,57
USER_1110,김채원,010-2022-8867,전문직,29
USER_1111,오예진,010-6144-5385,대학생,59
USER_1112,한건우,010-2301-3725,자영업,52
USER_1114,임지우,010-7376-3026,공무원,27
USER_1115,서우진,010-9455-6406,프리랜서,45
USER_1117,박예진,010-9692-6402,프리랜서,50
USER_1118,박예진,010-2917-5089,자영업,39
USER_1122,최현우,010-3432-7197,엔지니어,43
USER_1123,서현우,010-8480-9732,프리랜서,63
USER_1126,한도현,010-5391-4323,직장인,46
USER_1127,신하은,010-5004-5018,대학생,20
USER_1128,박예진,010-1929-6612,전문직,53
USER_1129,최나영,010-7364-1671,공무원,52
USER_1130,정민수,010-1123-9417,대학생,22
USER_1131,한우진,010-5407-7237,엔지니어,32
USER_1132,정현우,010-9152-6327,주부,62
USER_1133,한민수,010-8199-5133,주부,54
USER_1134,한하은,010-7089-6495,자영업,63
USER_1137,신채원,010-8570-5343,엔지니어,57
USER_1138,김서윤,010-4652-3628,대학생,21
USER_1141,박윤호,010-8037-9636,자영업,38
USER_1143,조예진,010-5195-8632,직장인,62
USER_1144,최서윤,010-3135-7454,엔지니어,32
USER_1147,정준호,010-2740-6115,직장인,62
USER_1148,윤지우,010-1926-3194,직장인,45
USER_1151,조윤호,010-8813-2017,공무원,46
USER_1152,강나영,010-1590-2665,주부,66
USER_1153,정윤호,010-8604-2934,자영업,29
USER_1154,오하은,010-4151-4283,프리랜서,38
USER_1155,임예진,010-7782-5253,전문직,63
USER_1156,최현우,010-1025-8034,엔지니어,36
USER_1157,임우진,010-3672-2583,직장인,54
USER_1161,김채원,010-9323-6941,전문직,42
USER_1162,최예진,010-2488-7922,프리랜서,59
USER_1163,신채원,010-6918-5404,무직,68
USER_1164,박채원,010-8048-7243,대학생,59
USER_1165,오예진,010-6694-7161,주부,59
USER_1167,이윤호,010-2589-9908,대학생,27
USER_1168,조예진,010-9646-2264,엔지니어,31
USER_1171,윤준호,010-2750-1049,엔지니어,42
USER_1172,김우진,010-7917-9308,엔지니어,56
USER_1173,신민수,010-3772-8642,대학생,54
USER_1174,한지혜,010-4285-2444,주부,59
USER_1175,오하은,010-7138-6591,프리랜서,52
USER_1177,최지우,010-3346-8965,무직,52
USER_1178,김하은,010-3745-7708,전문직,37
USER_1180,임하은,010-8561-4320,대학생,40
USER_1181,오지혜,010-1315-4521,대학생,22
USER_1182,강나영,010-5570-5063,대학생,28
USER_1185,장건우,010-9947-5428,엔지니어,33
USER_1187,임하은,010-3985-1870,공무원,44
USER_1188,김예진,010-3903-2722,전문직,51
USER_1189,임현우,010-7188-9568,대학생,22
USER_1190,장도현,010-6626-1246,주부,60
USER_1192,임윤호,010-2182-5098,자영업,52
USER_1193,정지혜,010-9879-7324,전문직,56
USER_1195,한윤호,010-1220-5326,엔지니어,56
USER_1196,이지우,010-3485-7895,무직,40
USER_1197,조도현,010-6220-8433,직장인,21
USER_1198,한지혜,010-7793-6531,주부,30
USER_1200,박지혜,010-2682-2543,주부,52
USER_1201,오민수,010-4850-9605,전문직,34
USER_1202,조민수,010-2914-5850,자영업,68
USER_1203,강민수,010-2538-5560,프리랜서,26
USER_1204,이서윤,010-8834-6208,직장인,22
USER_1205,강현우,010-4784-1561,자영업,65
USER_1206,박건우,010-2530-1625,직장인,57
USER_1208,조건우,010-6240-1292,프리랜서,62
USER_1209,이채원,010-2958-4469,프리랜서,59
USER_1212,김건우,010-6878-9865,엔지니어,29
USER_1213,장예진,010-5585-2389,자영업,33
USER_1214,최나영,010-7565-8045,전문직,39
USER_1216,김서윤,010-5610-5552,직장인,56
USER_1217,한지우,010-3573-6922,무직,65
USER_1218,정예진,010-8743-9621,공무원,51
USER_1219,박준호,010-1397-4503,무직,41
USER_1220,김나영,010-3792-8282,전문직,33
USER_1221,이하은,010-8623-9625,공무원,66
USER_1222,강서윤,010-3486-3871,전문직,37
USER_1223,서하은,010-6260-3243,전문직,33
USER_1224,최지우,010-8721-6622,자영업,57
USER_1227,정하은,010-5641-9101,직장인,22
USER_1228,박예진,010-7533-5751,대학생,21
USER_1230,정도현,010-7236-5484,직장인,51
USER_1231,조지혜,010-1035-7188,대학생,22
USER_1232,서채원,010-7456-8414,주부,67
USER_1234,임도현,010-6412-3212,프리랜서,38
USER_1235,서서윤,010-7794-8591,대학생,61
USER_1236,한지우,010-6732-4566,엔지니어,32
USER_1238,김서윤,010-5058-2518,엔지니어,34
USER_1240,오하은,010-8091-3241,전문직,66
USER_1242,윤윤호,010-2598-1459,주부,43
USER_1243,임예진,010-5184-8014,자영업,57
USER_1244,신우진,010-4828-8540,직장인,30
USER_1245,신도현,010-7899-4027,자영업,63
USER_1246,서지혜,010-8510-8468,자영업,30
USER_1248,장예진,010-2542-9457,대학생,27
USER_1249,정채원,010-1892-4463,프리랜서,28
USER_1250,박현우,010-8807-3957,대학생,64
USER_1251,김현우,010-3583-9815,엔지니어,50
USER_1253,임지혜,010-7452-5836,전문직,45
USER_1254,김나영,010-1441-7048,자영업,34
USER_1255,강도현,010-8261-2321,공무원,68
USER_1256,오하은,010-2868-4251,엔지니어,49
USER_1257,서예진,010-3322-4726,공무원,32
USER_1261,장도현,010-8078-8527,자영업,55
USER_1263,강지혜,010-7457-7333,전문직,58
USER_1264,이민수,010-6542-3828,엔지니어,30
USER_1266,한현우,010-9213-7130,전문직,47
USER_1267,서도현,010-8471-3628,주부,50
USER_1269,김나영,010-9457-9640,전문직,66
USER_1270,서나영,010-3552-9935,대학생,26
USER_1274,정지혜,010-1337-4022,공무원,42
USER_1275,장나영,010-3173-4988,무직,38
USER_1276,조민수,010-1327-6661,직장인,25
USER_1280,박나영,010-5480-5134,전문직,45
USER_1281,장지혜,010-4658-8776,엔지니어,40
USER_1283,서준호,010-9807-3894,자영업,38
USER_1285,오준호,010-5666-1551,공무원,52
USER_1286,박윤호,010-7593-3217,프리랜서,50
USER_1287,윤하은,010-7292-4666,프리랜서,44
USER_1288,최지우,010-2279-7800,프리랜서,42
USER_1289,김현우,010-2790-3060,자영업,42
USER_1294,한채원,010-5807-7261,자영업,54
USER_1297,최하은,010-4786-2713,프리랜서,31
USER_1298,정윤호,010-8914-3904,직장인,39
USER_1300,박지혜,010-8233-1548,대학생,21
USER_1301,서하은,010-5746-6630,대학생,51
USER_1302,임현우,010-1139-7040,무직,55
USER_1303,이민수,010-3504-2131,직장인,36
USER_1305,김채원,010-5282-1769,전문직,60
USER_1306,박나영,010-5144-5708,전문직,46
USER_1307,조지혜,010-7212-3062,전문직,56
USER_1309,박준호,010-1771-7494,직장인,33
USER_1311,조지혜,010-6416-2519,주부,40
USER_1312,조채원,010-2582-5034,프리랜서,42
USER_1313,신지우,010-3567-1163,대학생,67
USER_1314,정채원,010-2454-6943,엔지니어,35
USER_1317,최준호,010-4572-5996,대학생,40
USER_1320,김윤호,010-2424-9671,엔지니어,43
USER_1321,임민수,010-7872-7241,무직,55
USER_1323,장하은,010-8835-5509,엔지니어,56
USER_1324,한건우,010-6730-4760,직장인,50
USER_1325,윤우진,010-8722-7326,주부,59
USER_1327,이하은,010-3806-3719,프리랜서,53
USER_1328,한지우,010-5043-8115,자영업,63
USER_1330,최민수,010-7536-6556,자영업,65
USER_1331,오우진,010-7133-9657,대학생,51
USER_1332,이도현,010-5148-4055,주부,60
USER_1336,박서윤,010-6740-6326,직장인,54
USER_1337,정민수,010-4908-4475,대학생,25
USER_1339,윤나영,010-1438-7389,자영업,39
USER_1340,오하은,010-3320-2841,프리랜서,41
USER_1341,박윤호,010-1624-9880,자영업,36
USER_1343,정건우,010-8796-1958,공무원,55
USER_1344,김지우,010-9449-4483,자영업,40
USER_1346,신민수,010-5116-4389,공무원,41
USER_1347,최준호,010-7895-7615,주부,65
USER_1348,서우진,010-1408-5420,대학생,22
USER_1349,이우진,010-8329-9929,프리랜서,57
USER_1351,강나영,010-7101-4162,무직,62
USER_1352,한서윤,010-1137-3150,자영업,68
USER_1354,강우진,010-9672-9301,엔지니어,61
USER_1355,최민수,010-8504-1967,직장인,20
USER_1357,임지우,010-9116-9131,엔지니어,28
USER_1358,박민수,010-6302-9278,무직,50
USER_1359,오윤호,010-4788-5807,무직,28
USER_1361,임하은,010-6336-6078,자영업,47
USER_1363,오건우,010-1806-2354,프리랜서,57
USER_1365,김나영,010-8808-7848,전문직,52
USER_1366,최윤호,010-4216-4904,프리랜서,37
USER_1367,임지우,010-4075-1110,직장인,23
USER_1368,장하은,010-5514-3798,공무원,59
USER_1369,오하은,010-8850-7109,무직,23
USER_1370,윤민수,010-1858-6325,직장인,56
USER_1371,조우진,010-7438-9440,공무원,55
USER_1372,정채원,010-8234-8707,엔지니어,63
USER_1373,이하은,010-4641-1307,대학생,65
USER_1374,임준호,010-2134-7420,대학생,38
USER_1376,최서윤,010-7207-5523,자영업,61
USER_1377,임나영,010-6374-7299,대학생,50
USER_1382,최건우,010-3523-1810,공무원,57
USER_1384,한우진,010-6677-5488,공무원,37
USER_1387,강채원,010-3365-7110,직장인,45
USER_1389,오윤호,010-1916-4740,자영업,58
USER_1391,임서윤,010-4181-5228,주부,55
USER_1392,박나영,010-7147-3633,주부,50
USER_1397,조서윤,010-2676-7054,대학생,23
USER_1398,임서윤,010-6153-6848,직장인,63
USER_1400,강윤호,010-2937-6704,대학생,25
USER_1402,장윤호,010-7064-5384,무직,35
USER_1403,신민수,010-2468-7612,주부,51
USER_1404,최민수,010-9471-7121,공무원,35
USER_1405,박윤호,010-5497-3504,프리랜서,43
USER_1406,한채원,010-8421-8485,자영업,49
USER_1408,서예진,010-7760-2178,주부,63
USER_1409,한예진,010-5566-5949,프리랜서,59
USER_1410,장하은,010-1375-2044,공무원,50
USER_1411,장지우,010-5158-9752,주부,40
USER_1412,서하은,010-8236-4110,대학생,21
USER_1413,장준호,010-6413-6366,무직,56
USER_1414,조나영,010-9642-4956,프리랜서,50
USER_1415,최지우,010-5844-8330,전문직,63
USER_1416,정나영,010-6356-6501,공무원,33
USER_1417,오건우,010-5099-8066,공무원,32
USER_1418,신지혜,010-4053-8333,엔지니어,67
USER_1421,한나영,010-1417-8583,전문직,34
USER_1423,정서윤,010-4432-1783,자영업,58
USER_1425,이나영,010-8542-2506,엔지니어,50
USER_1426,이나영,010-9978-3374,직장인,39
USER_1427,박도현,010-2141-7204,직장인,43
USER_1428,장지혜,010-4278-5806,공무원,30
USER_1430,윤우진,010-2520-8894,직장인,53
USER_1431,장건우,010-5918-6664,엔지니어,49
USER_1434,조채원,010-5211-9203,자영업,62
USER_1435,정지우,010-8671-8899,대학생,20
USER_1436,서지우,010-6831-4092,전문직,48
USER_1437,이예진,010-1067-4700,직장인,20
USER_1438,최윤호,010-4291-1765,무직,61
USER_1440,정지우,010-9525-6873,프리랜서,52
USER_1443,정채원,010-6279-4440,프리랜서,59
USER_1447,서준호,010-5662-8003,자영업,48
USER_1448,김현우,010-2654-8755,엔지니어,52
USER_1449,한건우,010-9863-9851,자영업,57
USER_1451,윤건우,010-6973-1091,직장인,62
USER_1452,박준호,010-1607-4623,자영업,67
USER_1453,강현우,010-5708-9105,대학생,41
USER_1455,신민수,010-3897-2144,프리랜서,61
USER_1456,윤건우,010-5471-7357,대학생,22
USER_1458,윤건우,010-4645-4224,대학생,24
USER_1461,윤채원,010-1390-4927,무직,54
USER_1462,장채원,010-9239-7020,대학생,67
USER_1463,장현우,010-4775-6554,대학생,26
USER_1464,조건우,010-9370-1537,대학생,50
USER_1465,서준호,010-5389-1116,주부,35
USER_1466,박건우,010-3123-3494,무직,50
USER_1467,최하은,010-5099-3785,주부,46
USER_1469,신서윤,010-2427-2612,프리랜서,48
USER_1470,오윤호,010-6245-6960,직장인,33
USER_1472,강채원,010-3060-5364,직장인,27
USER_1473,윤민수,010-6845-2450,엔지니어,30
USER_1475,조서윤,010-1965-5131,주부,59
USER_1476,장우진,010-1279-6204,무직,63
USER_1479,박윤호,010-2412-3593,직장인,55
USER_1480,임현우,010-5100-8506,대학생,22
USER_1483,장나영,010-7467-7491,공무원,54
USER_1484,김현우,010-9852-3144,공무원,50
USER_1486,정채원,010-4903-2876,무직,35
USER_1487,이현우,010-7450-8310,프리랜서,39
USER_1488,강하은,010-2727-4936,전문직,35
USER_1489,강민수,010-2891-1215,대학생,36
USER_1490,윤지혜,010-5627-7856,주부,32
USER_1493,최하은,010-1417-6594,전문직,59
USER_1494,서하은,010-8652-7695,무직,50
USER_1495,최지혜,010-7002-3406,전문직,63
USER_1496,이도현,010-4943-1982,프리랜서,55
USER_1497,최건우,010-3256-4091,공무원,37
USER_1499,이하은,010-5714-9176,직장인,67
USER_1500,이도현,010-8582-7547,엔지니어,49
USER_1501,조지혜,010-6661-7194,자영업,57
USER_1502,서현우,010-6131-7944,프리랜서,26
USER_1503,최지혜,010-6333-9737,자영업,29
USER_1504,서민수,010-4605-5591,공무원,66
USER_1505,최준호,010-4693-2174,프리랜서,40
USER_1506,오현우,010-1085-7632,주부,43
USER_1507,장나영,010-4305-5034,프리랜서,64
USER_1508,신하은,010-5361-5136,공무원,41
USER_1509,김건우,010-8703-2393,공무원,27
USER_1511,윤현우,010-3170-6024,직장인,32
USER_1512,강우진,010-6690-2276,대학생,33
USER_1513,임건우,010-7910-6169,전문직,43
USER_1514,이나영,010-6965-8823,대학생,49
USER_1517,신지혜,010-9767-3753,직장인,30
USER_1518,윤하은,010-2319-9886,주부,45
USER_1519,신현우,010-6852-9480,주부,58
USER_1520,이윤호,010-3995-8908,엔지니어,48
USER_1522,오채원,010-9654-8760,자영업,54
USER_1526,신현우,010-3449-5680,공무원,35
USER_1527,한채원,010-5382-3138,자영업,38
USER_1528,오채원,010-6787-8295,대학생,58
USER_1529,조지혜,010-6185-8644,공무원,32
USER_1531,신예진,010-3212-8824,무직,32
USER_1533,강하은,010-9859-5444,자영업,52
USER_1534,오우진,010-3976-2531,자영업,55
USER_1536,강지혜,010-5894-4095,자영업,56
USER_1538,김민수,010-2620-9608,프리랜서,53
USER_1539,한서윤,010-6098-2321,직장인,30
USER_1540,서우진,010-7335-6292,무직,30
USER_1544,조서윤,010-6812-5473,프리랜서,54
USER_1545,윤준호,010-2402-7812,엔지니어,44
USER_1546,최지혜,010-9716-1215,공무원,59
USER_1548,신채원,010-7032-2093,엔지니어,61
USER_1549,신건우,010-6958-9656,프리랜서,40
USER_1551,한채원,010-9937-9722,전문직,55
USER_1552,정서윤,010-9743-6383,주부,41
USER_1553,최우진,010-2290-6544,프리랜서,35
USER_1554,김준호,010-5455-8546,대학생,34
USER_1556,윤예진,010-7122-4558,전문직,57
USER_1559,이지혜,010-7232-4857,대학생,25
USER_1560,이우진,010-6562-6047,무직,55
USER_1562,오서윤,010-1446-4353,엔지니어,64
USER_1564,박채원,010-4381-8065,무직,49
USER_1565,이서윤,010-3072-5322,공무원,42
USER_1566,윤하은,010-4858-1904,프리랜서,67
USER_1568,박하은,010-4248-9033,무직,46
USER_1569,윤나영,010-4008-4690,대학생,54
USER_1570,이민수,010-7896-1123,프리랜서,36
USER_1571,강우진,010-8363-1551,주부,39
USER_1574,오예진,010-7113-8566,주부,27
USER_1576,강우진,010-5922-3614,자영업,37
USER_1578,강채원,010-3649-8348,자영업,66
USER_1579,장우진,010-5993-7870,무직,28
USER_1583,강지혜,010-2801-4706,프리랜서,48
USER_1584,정민수,010-4223-9769,주부,59
USER_1585,장지우,010-3330-8957,자영업,38
USER_1588,김서윤,010-6037-6911,엔지니어,47
USER_1589,강윤호,010-4896-4754,자영업,45
USER_1590,임서윤,010-7799-8551,엔지니어,58
USER_1591,오예진,010-7398-9125,프리랜서,63
USER_1592,최준호,010-3423-6407,대학생,65
USER_1593,최지혜,010-7589-6793,엔지니어,44
USER_1594,최준호,010-9632-3584,주부,67
USER_1595,한나영,010-8370-4224,프리랜서,30
USER_1596,최예진,010-5205-6886,주부,40
USER_1597,한현우,010-7847-5712,공무원,37
USER_1598,김나영,010-9888-7061,무직,52
USER_1600,한현우,010-2735-6088,전문직,36
USER_1602,이지우,010-2480-3353,대학생,55
USER_1603,정우진,010-4314-1231,자영업,36
USER_1604,신하은,010-3115-4700,무직,41
USER_1605,서도현,010-3174-5929,주부,39
USER_1609,임서윤,010-1590-6864,전문직,50
USER_1613,정우진,010-6387-2011,대학생,21
USER_1615,임윤호,010-4701-1823,공무원,58
USER_1616,한건우,010-1542-1059,주부,26
USER_1617,이예진,010-3195-8656,대학생,21
USER_1618,이민수,010-4390-5198,대학생,62
USER_1620,장지혜,010-3537-1131,전문직,38
USER_1621,서윤호,010-5208-4996,엔지니어,38
USER_1622,신도현,010-9765-6697,공무원,66
USER_1627,최서윤,010-3532-1459,주부,26
USER_1630,오윤호,010-2570-6898,무직,36
USER_1631,이도현,010-1391-3323,직장인,56
USER_1632,한준호,010-5521-5869,대학생,34
USER_1635,김현우,010-4326-2141,직장인,35
USER_1636,박나영,010-9263-4397,엔지니어,28
USER_1637,임예진,010-1642-9099,직장인,62
USER_1638,박지혜,010-7116-1811,전문직,63
USER_1639,정우진,010-7953-8174,공무원,39
USER_1640,임현우,010-1206-7014,자영업,27
USER_1642,정윤호,010-3632-6190,엔지니어,27
USER_1645,장지우,010-6308-8256,무직,51
USER_1646,정채원,010-6875-9014,엔지니어,68
USER_1647,한지우,010-1540-8225,전문직,26
USER_1649,김채원,010-6822-3483,대학생,29
USER_1650,정하은,010-1953-2734,전문직,66
USER_1651,조채원,010-2447-3056,주부,28
USER_1653,김지우,010-3833-7959,공무원,47
USER_1654,정하은,010-9818-2468,대학생,24
USER_1656,오지우,010-6009-8284,대학생,42
USER_1657,한민수,010-7221-6847,무직,26
USER_1659,신현우,010-1201-8806,엔지니어,68
USER_1660,강준호,010-9743-2335,프리랜서,52
USER_1661,박예진,010-2169-9037,자영업,51
USER_1665,임도현,010-8211-2983,자영업,44
USER_1666,김민수,010-9035-1290,자영업,64
USER_1668,장민수,010-5319-9203,자영업,51
USER_1669,신나영,010-1148-7331,직장인,63
USER_1672,임지혜,010-4642-7492,전문직,61
USER_1673,임지우,010-5707-7353,전문직,66
USER_1676,신예진,010-4392-7492,대학생,24
USER_1677,김우진,010-7144-5451,무직,54
USER_1679,윤우진,010-7100-9894,직장인,36
USER_1680,임우진,010-3983-8325,엔지니어,61
USER_1681,박서윤,010-5346-5366,자영업,29
USER_1683,신채원,010-4967-7473,프리랜서,48
USER_1684,서건우,010-9951-1285,공무원,33
USER_1685,조예진,010-4264-6305,주부,61
USER_1686,이예진,010-5579-1690,전문직,50
USER_1687,임지혜,010-6012-2073,무직,22
USER_1688,오지우,010-5246-5825,공무원,32
USER_1689,박예진,010-5790-7567,엔지니어,35
USER_1691,김건우,010-6227-4678,프리랜서,67
USER_1692,오현우,010-1292-8652,대학생,38
USER_1694,박지우,010-2794-3736,프리랜서,50
USER_1695,윤우진,010-1054-7627,대학생,52
USER_1698,이우진,010-6430-1990,프리랜서,51
USER_1702,최하은,010-9583-5999,대학생,24
USER_1703,서예진,010-5752-3463,주부,68
USER_1704,한준호,010-4486-1306,대학생,55
USER_1706,장예진,010-6560-8051,직장인,26
USER_1709,서채원,010-1169-2480,엔지니어,34
USER_1710,박민수,010-4745-8792,엔지니어,35
USER_1711,정나영,010-4956-1517,주부,48
USER_1712,한서윤,010-1053-2702,주부,52
USER_1714,조나영,010-7019-3716,대학생,20
USER_1718,윤우진,010-8257-1746,대학생,54
USER_1719,신서윤,010-7291-1895,무직,52
USER_1720,이현우,010-9243-5267,대학생,61
USER_1721,서채원,010-7524-9172,주부,45
USER_1724,조준호,010-9844-1289,프리랜서,63
USER_1725,장준호,010-7628-5614,주부,54
USER_1727,이우진,010-9452-8489,무직,44
USER_1731,한건우,010-9831-1377,엔지니어,52
USER_1733,장현우,010-3994-9556,프리랜서,61
USER_1735,장현우,010-7934-5993,주부,37
USER_1736,윤현우,010-4904-7315,전문직,44
USER_1738,오채원,010-3334-3511,프리랜서,68
USER_1739,김하은,010-5905-4193,엔지니어,66
USER_1740,최윤호,010-6185-2650,전문직,36
USER_1741,박우진,010-2686-1790,공무원,28
USER_1742,이민수,010-4983-6497,엔지니어,48
USER_1743,오하은,010-9102-3334,직장인,34
USER_1745,신예진,010-7214-7053,직장인,26
USER_1746,윤하은,010-2638-4587,자영업,49
USER_1748,오하은,010-9192-3612,프리랜서,45
USER_1749,정민수,010-5617-8453,대학생,29
USER_1751,한건우,010-3495-3795,대학생,24
USER_1753,한우진,010-8149-6452,주부,48
USER_1754,조민수,010-7760-1231,대학생,20
USER_1761,윤민수,010-7594-5801,전문직,51
USER_1762,윤현우,010-2835-1878,무직,56
USER_1763,임서윤,010-3231-5233,프리랜서,34
USER_1764,박건우,010-6264-9628,주부,48
USER_1765,조채원,010-3726-2746,엔지니어,30
USER_1766,윤현우,010-9895-1289,직장인,63
USER_1767,이민수,010-9829-3539,직장인,23
USER_1768,장도현,010-8525-7714,대학생,21
USER_1769,이민수,010-2954-5184,직장인,57
USER_1771,한나영,010-5727-1457,전문직,56
USER_1772,오지우,010-3499-2886,대학생,31
USER_1773,장도현,010-1032-9504,공무원,62
USER_1774,조현우,010-9902-5413,무직,60
USER_1775,최윤호,010-4708-9753,엔지니어,38
USER_1776,한지혜,010-8443-3646,전문직,29
USER_1777,장지혜,010-5527-4443,대학생,22
USER_1778,조하은,010-5281-3763,무직,20
USER_1779,임건우,010-6988-9874,자영업,46
USER_1780,조도현,010-6383-2452,대학생,20
USER_1782,정하은,010-8850-6823,직장인,45
USER_1783,김현우,010-4034-6403,공무원,64
USER_1787,임우진,010-7245-7926,직장인,52
USER_1788,한지우,010-1523-7941,공무원,46
USER_1790,최도현,010-4010-7377,주부,45
USER_1791,강예진,010-2208-7258,직장인,64
USER_1792,신우진,010-9600-1897,엔지니어,34
USER_1794,정현우,010-1455-3677,무직,54
USER_1795,이나영,010-6606-9145,자영업,32
USER_1797,신윤호,010-8940-7157,엔지니어,39
USER_1798,임윤호,010-9439-4452,엔지니어,42
USER_1800,오민수,010-2624-6597,공무원,27
USER_1806,오채원,010-5915-1146,프리랜서,34
USER_1809,최서윤,010-6754-6389,공무원,58
USER_1810,김지우,010-1681-1772,주부,46
USER_1811,이나영,010-4048-2869,자영업,58
USER_1814,최현우,010-7260-2452,주부,51
USER_1815,정하은,010-9535-6636,대학생,30
USER_1817,박윤호,010-3106-5130,자영업,35
USER_1819,최현우,010-9218-8956,주부,27
USER_1820,이서윤,010-7289-3318,주부,40
USER_1822,조나영,010-8667-1502,전문직,38
USER_1823,김현우,010-1689-6445,직장인,54
USER_1824,임예진,010-5960-5393,전문직,67
USER_1825,장준호,010-1972-8468,공무원,45
USER_1826,한건우,010-3757-2578,전문직,43
USER_1827,신우진,010-3016-6861,공무원,38
USER_1830,김현우,010-2652-7427,대학생,20
USER_1831,박준호,010-7588-2915,프리랜서,38
USER_1832,서서윤,010-8742-6913,전문직,64
USER_1833,한지혜,010-8308-6307,엔지니어,42
USER_1834,정윤호,010-7767-5357,프리랜서,40
USER_1835,박예진,010-2720-3769,엔지니어,53
USER_1837,서예진,010-9227-1464,주부,29
USER_1839,오우진,010-5464-2791,대학생,48
USER_1841,이현우,010-4429-8988,대학생,37
USER_1842,임건우,010-2636-9851,주부,55
USER_1843,강서윤,010-2017-7297,엔지니어,41
USER_1845,오윤호,010-8254-1756,직장인,22
USER_1846,윤건우,010-9223-3023,직장인,50
USER_1847,윤민수,010-7503-6940,직장인,28
USER_1849,오나영,010-6165-9029,무직,28
USER_1852,신준호,010-9025-4547,직장인,47
USER_1853,한채원,010-4329-6808,직장인,49
USER_1854,한지우,010-8908-8029,직장인,33
USER_1855,이윤호,010-6693-6107,자영업,38
USER_1856,장민수,010-1260-5098,직장인,64
USER_1857,강나영,010-4170-8316,대학생,20
USER_1858,최채원,010-5878-4517,엔지니어,65
USER_1860,조예진,010-9719-2654,대학생,50
USER_1862,최윤호,010-3599-2431,대학생,60
USER_1863,최하은,010-3168-9158,대학생,39
USER_1865,최도현,010-3519-5161,프리랜서,35
USER_1867,장우진,010-3857-5344,직장인,20
USER_1868,김지우,010-2825-6525,공무원,34
USER_1869,임도현,010-7399-8989,무직,48
USER_1870,서현우,010-3138-9249,직장인,33
USER_1871,강채원,010-2425-6270,주부,65
USER_1875,강지우,010-6025-9717,주부,31
USER_1878,조우진,010-2910-4420,직장인,21
USER_1879,오지우,010-9216-2197,전문직,33
USER_1880,김준호,010-7294-7131,대학생,26
USER_1881,임윤호,010-5563-7548,전문직,43
USER_1882,장나영,010-6351-3113,주부,53
USER_1883,장건우,010-3408-4783,공무원,45
USER_1884,박윤호,010-9953-9486,직장인,63
USER_1885,최지우,010-6144-3441,직장인,50
USER_1888,강민수,010-7194-4503,전문직,67
USER_1891,조예진,010-6699-5090,대학생,39
USER_1893,임민수,010-9953-3913,대학생,46
USER_1895,오현우,010-6704-1685,프리랜서,47
USER_1896,박도현,010-5712-6141,대학생,63
USER_1897,한채원,010-5799-2878,직장인,28
USER_1898,이지혜,010-5302-8510,엔지니어,26
USER_1899,장현우,010-1551-1134,자영업,40
USER_1902,조도현,010-8889-5406,프리랜서,35
USER_1903,신우진,010-7605-3307,무직,47
USER_1904,임예진,010-2078-2100,엔지니어,40
USER_1905,김나영,010-6833-8943,전문직,41
USER_1906,서하은,010-5109-1970,대학생,23
USER_1909,신민수,010-6448-4440,무직,27
USER_1911,정윤호,010-5601-1459,자영업,51
USER_1912,조예진,010-1437-3205,프리랜서,40
USER_1913,정나영,010-3202-8878,전문직,47
USER_1914,오지우,010-5260-8360,엔지니어,32
USER_1915,최현우,010-5320-3115,엔지니어,60
USER_1917,강서윤,010-7952-7903,전문직,57
USER_1918,윤지우,010-2258-7019,프리랜서,46
USER_1920,조나영,010-6463-9520,주부,51
USER_1921,한채원,010-1597-9232,대학생,23
USER_1923,신지혜,010-7321-7706,엔지니어,61
USER_1924,신지혜,010-9249-2628,주부,59
USER_1926,이도현,010-7281-6910,전문직,52
USER_1928,정나영,010-6533-9692,자영업,48
USER_1930,신서윤,010-3419-6224,직장인,22
USER_1931,한지우,010-8457-3434,대학생,21
USER_1933,한나영,010-4800-5480,무직,21
USER_1934,김지우,010-3333-2624,직장인,30
USER_1936,신도현,010-8411-2902,무직,64
USER_1937,최서윤,010-2385-2689,자영업,49
USER_1939,한지혜,010-8676-4706,직장인,47
USER_1941,이예진,010-9461-1848,직장인,61
USER_1942,조채원,010-1325-5440,무직,38
USER_1944,정나영,010-1063-7563,직장인,59
USER_1945,신현우,010-7850-7653,주부,44
USER_1947,장현우,010-4227-1190,전문직,54
USER_1948,한나영,010-7683-5094,대학생,22
USER_1951,조지우,010-8628-1840,공무원,43
USER_1952,서준호,010-5079-2840,대학생,54
USER_1953,이지혜,010-2585-5721,자영업,34
USER_1954,이도현,010-1593-4570,자영업,43
USER_1955,조지혜,010-6680-7750,공무원,49
USER_1956,장지우,010-5460-8125,무직,53
USER_1957,윤예진,010-5155-4328,대학생,48
USER_1958,한현우,010-4295-8270,전문직,56
USER_1959,조예진,010-9967-4576,대학생,53
USER_1960,장건우,010-6117-6764,전문직,44
USER_1963,이채원,010-7473-1225,대학생,21
USER_1964,서나영,010-2269-8587,프리랜서,65
USER_1966,최하은,010-2544-2949,대학생,62
USER_1967,조예진,010-2270-7648,대학생,23
USER_1968,강지혜,010-6815-3420,엔지니어,34
USER_1969,임도현,010-3025-7648,직장인,20
USER_1970,신지우,010-4536-8317,대학생,20
USER_1975,조우진,010-2183-9031,대학생,60
USER_1978,최나영,010-5535-9370,프리랜서,36
USER_1980,정하은,010-5845-3218,직장인,39
USER_1981,장건우,010-5862-3560,직장인,51
USER_1982,장나영,010-4007-6191,직장인,43
USER_1983,강지우,010-8637-6305,공무원,46
USER_1984,최나영,010-4802-8026,주부,30
USER_1986,한현우,010-1065-8323,무직,23
USER_1987,오지우,010-5461-8622,주부,33
USER_1988,박우진,010-9875-8821,주부,27
USER_1989,최윤호,010-9483-2167,엔지니어,50
USER_1990,조준호,010-4363-3594,대학생,37
USER_1992,윤우진,010-7673-2505,직장인,23
USER_1993,조하은,010-3474-5611,대학생,36
USER_1995,윤예진,010-7925-3958,주부,34
USER_1996,김하은,010-4377-4738,엔지니어,63
USER_1999,정우진,010-5133-4487,무직,60
USER_2000,강채원,010-6456-3898,직장인,29
USER_2001,한서윤,010-7111-7924,직장인,24
USER_2002,최건우,010-1723-9187,대학생,56
USER_2005,임윤호,010-5199-6725,무직,61
USER_2006,한지혜,010-3798-6671,프리랜서,60
USER_2008,박민수,010-7338-3949,주부,54
USER_2009,이우진,010-1250-4866,주부,49
USER_2010,김채원,010-6287-7918,주부,26
USER_2011,한건우,010-7021-4319,주부,66
USER_2012,임윤호,010-1959-3581,공무원,26
USER_2014,이민수,010-9260-7689,직장인,25
USER_2015,강우진,010-9905-7901,엔지니어,58
USER_2016,윤지혜,010-8486-3623,대학생,29
USER_2017,강윤호,010-8964-8473,무직,47
USER_2018,장채원,010-7343-7717,공무원,35
USER_2019,한준호,010-9646-9327,대학생,32
USER_2020,강건우,010-3082-5286,대학생,61
USER_2021,서예진,010-5572-6263,프리랜서,58
USER_2023,조서윤,010-3402-4763,무직,50
USER_2024,임채원,010-4233-8901,엔지니어,59
USER_2025,이준호,010-8047-7441,자영업,26
USER_2026,이채원,010-8341-1446,무직,63
USER_2027,조서윤,010-6763-7124,프리랜서,63
USER_2028,최지혜,010-6856-8905,주부,46
USER_2029,신현우,010-9986-2122,전문직,27
USER_2030,강윤호,010-3041-5050,프리랜서,36
USER_2031,김서윤,010-6621-8770,대학생,25
USER_2032,김건우,010-6665-6183,주부,68
USER_2033,한지우,010-4332-5713,자영업,33
USER_2036,조도현,010-6728-7409,자영업,64
USER_2037,조나영,010-2639-4067,대학생,65
USER_2038,이채원,010-3127-3813,공무원,67
USER_2039,이윤호,010-6457-7683,주부,41
USER_2040,김민수,010-2254-8202,대학생,24
USER_2041,정하은,010-3978-6943,프리랜서,62
USER_2043,장나영,010-2113-8347,직장인,25
USER_2044,임민수,010-5011-2153,직장인,34
USER_2045,김윤호,010-2888-7877,엔지니어,56
USER_2046,정서윤,010-5331-7840,무직,63
USER_2047,서우진,010-5737-4940,엔지니어,65
USER_2049,서윤호,010-1553-7247,무직,20
USER_2051,이예진,010-1498-4271,전문직,47
USER_2054,조예진,010-6238-3697,공무원,45
USER_2055,장채원,010-6888-6905,자영업,32
USER_2057,임지우,010-9994-2046,무직,38
USER_2058,최건우,010-8681-3499,직장인,33
USER_2059,한채원,010-7823-8711,직장인,67
USER_2060,김도현,010-2514-2241,무직,31
USER_2062,강서윤,010-2762-9504,대학생,61
USER_2064,조우진,010-3465-5208,직장인,38
USER_2065,오현우,010-7079-8606,대학생,61
USER_2066,최채원,010-2383-9341,자영업,67
USER_2068,최채원,010-3910-5789,전문직,34
USER_2069,오도현,010-9674-7576,대학생,60
USER_2071,강서윤,010-9586-4358,자영업,29
USER_2072,정예진,010-8507-7801,프리랜서,52
USER_2073,오지우,010-8357-2214,프리랜서,28
USER_2074,임지우,010-3244-4483,대학생,29
USER_2075,서현우,010-7573-8473,대학생,39
USER_2076,박나영,010-8203-4241,무직,55
USER_2077,정채원,010-6322-8789,자영업,55
USER_2078,조우진,010-8010-3631,대학생,53
USER_2079,정지혜,010-4934-4724,엔지니어,59
USER_2080,조서윤,010-2259-3727,전문직,60
USER_2082,윤건우,010-5352-6179,자영업,43
USER_2084,정윤호,010-1341-5497,직장인,34
USER_2085,김예진,010-2933-8943,무직,48
USER_2086,오현우,010-5326-3423,프리랜서,63
USER_2087,한나영,010-9975-7633,자영업,51
USER_2088,박지혜,010-8969-8392,직장인,64
USER_2090,한예진,010-5030-8043,자영업,67
USER_2093,오지혜,010-2131-8864,엔지니어,28
USER_2094,김도현,010-8259-9651,자영업,50
USER_2095,임현우,010-8954-8071,자영업,37
USER_2096,신민수,010-7689-2107,대학생,20
USER_2097,임민수,010-6848-6819,자영업,58
USER_2098,한하은,010-3431-7422,주부,58
USER_2100,오준호,010-5008-9803,엔지니어,48
USER_2102,한우진,010-8737-1476,엔지니어,62
USER_2103,정예진,010-1250-7960,대학생,24
USER_2104,강도현,010-8278-5221,프리랜서,35
USER_2105,한하은,010-4806-2269,프리랜서,66
USER_2108,오준호,010-8197-5987,주부,36
USER_2111,서예진,010-1882-8311,대학생,48
USER_2112,한채원,010-4910-1593,엔지니어,57
USER_2113,윤윤호,010-6773-8322,무직,31
USER_2115,한건우,010-6159-4344,직장인,26
USER_2116,조우진,010-5355-6340,직장인,62
USER_2117,서지혜,010-9791-4470,자영업,55
USER_2118,강건우,010-7831-5746,엔지니어,35
USER_2120,이도현,010-8072-5030,주부,62
USER_2121,최지혜,010-4761-5760,주부,47
USER_2124,정하은,010-8608-2495,자영업,32
USER_2125,신민수,010-6636-8439,무직,60
USER_2127,조준호,010-8247-9762,프리랜서,59
USER_2128,이하은,010-3232-1761,주부,56
USER_2129,이윤호,010-5870-5798,자영업,55
USER_2130,한우진,010-5737-9283,무직,36
USER_2132,강우진,010-3103-2026,무직,28
USER_2135,윤준호,010-4694-8755,엔지니어,66
USER_2136,임지혜,010-2849-8484,무직,20
USER_2137,조민수,010-8902-2409,자영업,38
USER_2139,장지혜,010-4301-1052,대학생,21
USER_2140,이채원,010-5417-6920,대학생,35
USER_2141,윤도현,010-2948-4536,프리랜서,36
USER_2142,강채원,010-7260-4021,무직,51
USER_2143,임현우,010-9842-1012,주부,39
USER_2144,한지혜,010-7915-3264,무직,20
USER_2145,조우진,010-3664-9864,엔지니어,31
USER_2148,박예진,010-1562-6167,주부,32
USER_2152,최나영,010-3371-3423,자영업,66
USER_2153,서현우,010-8852-7286,주부,68
USER_2155,한서윤,010-8988-8619,직장인,22
USER_2157,박예진,010-2160-2788,직장인,20
USER_2159,윤윤호,010-7891-6020,프리랜서,41
USER_2160,윤도현,010-6165-5576,주부,36
USER_2161,윤윤호,010-9341-8820,자영업,64
USER_2162,정민수,010-6140-8111,공무원,53
USER_2164,한민수,010-4481-6522,무직,48
USER_2165,서나영,010-3943-8087,자영업,48
USER_2166,정지우,010-2162-4281,직장인,59
USER_2167,서나영,010-1294-9324,전문직,57
USER_2169,서현우,010-3167-6611,자영업,63
USER_2173,최현우,010-5719-7239,직장인,42
USER_2174,장지혜,010-2480-4416,무직,40
USER_2176,정윤호,010-3020-2862,대학생,27
USER_2177,조채원,010-6310-8708,엔지니어,44
USER_2178,오지혜,010-9150-8454,대학생,40
USER_2180,임예진,010-1593-8501,직장인,60
USER_2183,서지우,010-3342-9206,무직,53
USER_2184,박도현,010-5697-4318,직장인,25
USER_2186,김채원,010-5018-9854,자영업,34
USER_2187,강지혜,010-6156-5107,직장인,44
USER_2189,박윤호,010-7205-1043,프리랜서,47
USER_2190,이예진,010-6669-4926,프리랜서,37
USER_2192,오지혜,010-4759-6087,자영업,60
USER_2193,조건우,010-8390-1240,대학생,44
USER_2195,최서윤,010-3593-2006,엔지니어,50
USER_2197,신하은,010-6980-8505,대학생,47
USER_2200,최하은,010-9211-9261,대학생,23
USER_2201,서하은,010-4481-6182,전문직,53
USER_2202,강하은,010-6425-6297,대학생,25
USER_2203,서지우,010-2885-6851,전문직,67
USER_2208,서현우,010-8416-9968,전문직,64
USER_2209,이민수,010-2652-3787,엔지니어,32
USER_2212,오지우,010-4295-7741,전문직,39
USER_2213,윤지혜,010-9939-2635,프리랜서,56
USER_2214,임민수,010-8951-4307,전문직,63
USER_2218,최하은,010-3230-5253,대학생,23
USER_2219,조하은,010-3309-3186,자영업,35
USER_2221,장서윤,010-9067-8602,직장인,43
USER_2223,조윤호,010-3499-2587,대학생,30
USER_2225,윤나영,010-9685-4299,무직,66
USER_2226,신윤호,010-9134-8556,공무원,50
USER_2228,정윤호,010-7742-2845,대학생,20
USER_2232,최지우,010-8447-8964,전문직,43
USER_2233,신나영,010-7088-5885,프리랜서,27
USER_2234,한우진,010-8722-6990,대학생,24
USER_2235,오예진,010-3596-4730,공무원,45
USER_2236,윤우진,010-2662-3540,무직,55
USER_2238,이나영,010-2676-6831,프리랜서,53
USER_2239,한민수,010-4612-1501,주부,38
USER_2241,임민수,010-1290-7594,전문직,37
USER_2243,서하은,010-4622-9316,공무원,46
USER_2245,조현우,010-7261-2818,대학생,25
USER_2246,신민수,010-9309-6161,프리랜서,47
USER_2247,신민수,010-9521-4185,자영업,37
USER_2249,최지우,010-7199-6538,엔지니어,52
USER_2250,신민수,010-4806-1043,주부,46
USER_2251,서지우,010-9201-4677,직장인,31
USER_2252,이서윤,010-2954-1997,공무원,44
USER_2253,강우진,010-3799-3112,무직,46
USER_2254,최민수,010-4853-2470,직장인,33
USER_2255,윤지혜,010-8660-6786,무직,23
USER_2258,장나영,010-9088-9612,공무원,35
USER_2259,오지혜,010-6670-3863,주부,44
USER_2260,신하은,010-9866-9988,공무원,36
USER_2262,조윤호,010-3461-5323,프리랜서,55
USER_2263,이윤호,010-5291-2027,대학생,31
USER_2264,정나영,010-9951-2735,대학생,64
USER_2265,신우진,010-5041-3393,무직,60
USER_2267,임지우,010-5932-4261,엔지니어,65
USER_2269,윤현우,010-2359-2667,대학생,52
USER_2270,박민수,010-2983-5125,무직,22
USER_2271,박하은,010-6241-8245,주부,67
USER_2272,강민수,010-7011-2392,대학생,28
USER_2273,오예진,010-4659-2941,자영업,61
USER_2274,한민수,010-4559-7259,직장인,39
USER_2276,강도현,010-1976-2444,주부,33
USER_2280,장서윤,010-7105-1972,대학생,51
USER_2281,김도현,010-9420-7884,대학생,25
USER_2282,신도현,010-3536-4435,대학생,38
USER_2283,윤현우,010-5989-2174,엔지니어,40
USER_2286,김건우,010-6165-9901,직장인,64
USER_2287,장윤호,010-1589-8118,프리랜서,63
USER_2288,박민수,010-6387-5314,직장인,64
USER_2289,오민수,010-1933-2367,자영업,49
USER_2290,조현우,010-9020-3612,엔지니어,54
USER_2291,오도현,010-3411-4521,프리랜서,51
USER_2294,장현우,010-5018-2294,주부,51
USER_2295,조준호,010-2073-9325,직장인,65
USER_2296,임예진,010-1549-7258,자영업,44
USER_2297,윤하은,010-4642-8342,직장인,68
USER_2298,서서윤,010-8465-4712,공무원,40
USER_2299,윤건우,010-4435-7247,대학생,21
USER_2300,장우진,010-3233-1296,무직,29
USER_2301,김도현,010-4221-1704,대학생,22
USER_2302,박예진,010-7771-4804,무직,51
USER_2303,정도현,010-9987-3121,직장인,21
USER_2304,최민수,010-8430-8732,자영업,52
USER_2306,강하은,010-2232-1731,전문직,58
USER_2308,한나영,010-3421-3488,대학생,20
USER_2310,최나영,010-3686-3662,전문직,50
USER_2311,이지혜,010-2859-8819,대학생,25
USER_2312,임도현,010-1328-7901,자영업,31
USER_2313,박건우,010-5996-1925,직장인,55
USER_2314,임민수,010-5517-1947,대학생,25
USER_2320,이지우,010-8136-4206,무직,48
USER_2321,윤윤호,010-3559-7688,직장인,57
USER_2323,윤준호,010-3976-4665,공무원,26
USER_2324,정채원,010-3141-3974,자영업,39
USER_2325,신민수,010-5233-5716,전문직,61
USER_2326,최채원,010-2017-9590,대학생,34
USER_2327,이윤호,010-2194-5010,주부,64
USER_2328,장윤호,010-7819-7899,무직,40
USER_2329,윤지우,010-9040-2791,대학생,31
USER_2331,박현우,010-6380-7270,직장인,32
USER_2332,최지우,010-8934-9310,자영업,42
USER_2334,이윤호,010-6740-9106,전문직,34
USER_2335,조우진,010-4648-4688,대학생,48
USER_2336,김현우,010-6822-8699,주부,65
USER_2338,장윤호,010-3874-5122,공무원,46
USER_2339,정예진,010-8484-6942,대학생,20
USER_2340,김지혜,010-6344-7669,전문직,66
USER_2341,강현우,010-4136-2059,전문직,33
USER_2342,장현우,010-9683-9436,무직,52
USER_2343,최지우,010-8526-1243,무직,31
USER_2344,오서윤,010-8803-5975,프리랜서,64
USER_2346,한윤호,010-7177-9936,대학생,27
USER_2347,정나영,010-2271-2152,자영업,35
USER_2349,강채원,010-1707-7860,공무원,51
USER_2352,신건우,010-3788-8971,직장인,42
USER_2353,윤현우,010-8071-9521,전문직,40
USER_2354,강지우,010-4023-2171,주부,65
USER_2355,정건우,010-1612-2289,자영업,44
USER_2356,윤현우,010-8052-6447,대학생,55
USER_2357,정건우,010-7103-5101,대학생,24
USER_2358,박건우,010-4398-9457,직장인,30
USER_2359,김민수,010-9163-9812,주부,49
USER_2360,정채원,010-8192-7159,공무원,59
USER_2362,한건우,010-2529-1449,직장인,26
USER_2363,김채원,010-3432-6988,주부,59
USER_2364,서지혜,010-6186-6421,프리랜서,67
USER_2366,김하은,010-3883-3378,공무원,60
USER_2367,이도현,010-6174-4908,엔지니어,67
USER_2370,정지혜,010-7602-7056,직장인,33
USER_2372,한지우,010-8372-3918,주부,58
USER_2373,최지우,010-5322-5648,전문직,46
USER_2374,조서윤,010-7438-6541,전문직,42
USER_2375,최현우,010-9900-9166,무직,59
USER_2376,서우진,010-5987-1393,직장인,45
USER_2377,신건우,010-9783-4589,자영업,68
USER_2380,강서윤,010-2017-4623,대학생,65
USER_2381,이우진,010-1690-1301,전문직,59
USER_2383,신도현,010-5238-4628,직장인,42
USER_2384,박지혜,010-5686-5320,대학생,64
USER_2385,임나영,010-1952-3913,공무원,55
USER_2386,장우진,010-4034-5971,자영업,58
USER_2389,서서윤,010-9837-4787,공무원,61
USER_2390,서서윤,010-8618-8012,무직,46
USER_2391,최나영,010-1153-2476,무직,24
USER_2392,이서윤,010-2083-6813,직장인,20
USER_2393,조현우,010-8869-7388,공무원,62
USER_2395,강하은,010-2937-3729,대학생,23
USER_2397,한서윤,010-7382-7155,자영업,47
USER_2398,정우진,010-8800-1895,대학생,22
USER_2401,오도현,010-9211-5591,공무원,41
USER_2402,이지우,010-7297-3415,전문직,65
USER_2405,김도현,010-5061-6538,자영업,48
USER_2407,윤윤호,010-3293-5706,주부,35
USER_2408,임준호,010-8824-6983,주부,52
USER_2409,서서윤,010-1141-4184,주부,28
USER_2410,장우진,010-1756-6402,자영업,50
USER_2411,박서윤,010-6696-4833,공무원,58
USER_2413,오지혜,010-3994-9791,무직,53
USER_2415,김현우,010-1999-9362,주부,62
USER_2416,김윤호,010-9205-2954,대학생,51
USER_2418,이도현,010-7812-6950,무직,34
USER_2419,장우진,010-6723-6742,대학생,39
USER_2420,오준호,010-5113-1525,대학생,52
USER_2421,서도현,010-2987-6694,주부,48
USER_2422,한윤호,010-9370-7226,전문직,59
USER_2423,박채원,010-7676-5914,프리랜서,27
USER_2424,이우진,010-4665-6573,직장인,51
USER_2425,한지혜,010-3934-4048,엔지니어,47
USER_2426,장지우,010-2843-4435,주부,34
USER_2427,강도현,010-4907-4688,직장인,38
USER_2428,한지혜,010-3921-2493,대학생,63
USER_2430,임민수,010-1854-7986,대학생,50
USER_2431,김나영,010-3507-8951,직장인,64
USER_2432,한지우,010-1388-3456,무직,53
USER_2436,정민수,010-8515-9968,대학생,24
USER_2438,서우진,010-2880-1787,무직,39
USER_2439,서채원,010-2682-9526,엔지니어,46
USER_2440,윤지혜,010-7101-9736,엔지니어,54
USER_2441,강우진,010-7864-2240,프리랜서,52
USER_2442,신준호,010-7484-9096,대학생,23
USER_2444,장나영,010-2397-1629,대학생,46
USER_2445,오예진,010-2460-5870,직장인,24
USER_2449,최도현,010-8592-6298,공무원,52
USER_2451,강준호,010-4943-3725,직장인,61
USER_2452,윤민수,010-7249-3296,주부,44
USER_2453,최건우,010-8114-5942,주부,60
USER_2454,박채원,010-6405-7006,주부,48
USER_2455,정서윤,010-2823-4377,대학생,20
USER_2456,윤지혜,010-9982-8678,프리랜서,58
USER_2458,최윤호,010-9656-5655,엔지니어,52
USER_2459,서도현,010-8869-9835,프리랜서,48
USER_2461,장준호,010-8389-2761,엔지니어,57
USER_2462,장하은,010-2332-3025,무직,62
USER_2463,장우진,010-2471-6123,엔지니어,34
USER_2464,윤현우,010-7129-4372,무직,42
USER_2465,임나영,010-2644-6933,전문직,34
USER_2466,오채원,010-8533-7378,무직,60
USER_2468,오건우,010-5453-8122,프리랜서,29
USER_2469,한민수,010-5844-1841,공무원,51
USER_2470,김지혜,010-9524-9443,주부,45
USER_2472,박민수,010-4006-9401,대학생,61
USER_2475,장지혜,010-8394-1812,엔지니어,27
USER_2476,장윤호,010-3100-2948,엔지니어,66
USER_2479,최예진,010-2667-7745,공무원,65
USER_2480,이민수,010-9764-9875,주부,26
USER_2481,한건우,010-2215-8211,자영업,47
USER_2484,신윤호,010-7786-9318,무직,34
USER_2485,서민수,010-7235-9480,자영업,37
USER_2486,한우진,010-1005-5293,엔지니어,59
USER_2488,서도현,010-8365-3923,주부,31
USER_2490,오서윤,010-5131-2016,자영업,34
USER_2492,한지혜,010-1522-3263,직장인,59
USER_2493,조건우,010-9635-8369,직장인,60
USER_2494,신도현,010-6490-1042,직장인,23
USER_2495,신우진,010-2864-3397,공무원,35
USER_2496,김하은,010-3194-1610,무직,33
USER_2497,정우진,010-5262-1976,직장인,25
USER_2498,정윤호,010-1375-7535,대학생,31
USER_2499,정윤호,010-3532-9561,전문직,42
USER_2501,윤도현,010-2629-3422,전문직,30
USER_2503,신하은,010-5611-1158,전문직,47
USER_2504,박도현,010-9517-7454,무직,43
USER_2505,서우진,010-4160-7594,대학생,30
USER_2506,조도현,010-7846-6812,대학생,20
USER_2507,윤도현,010-6370-2194,엔지니어,55
USER_2508,윤지우,010-5341-1038,주부,50
USER_2511,박지우,010-6688-9063,자영업,39
USER_2514,한민수,010-7053-4430,대학생,31
USER_2518,오하은,010-8520-7037,직장인,39
USER_2520,정지우,010-8171-6854,엔지니어,67
USER_2521,박우진,010-9259-5676,대학생,49
USER_2523,정현우,010-6584-4334,프리랜서,41
USER_2527,최나영,010-5562-2192,주부,27
USER_2528,박지우,010-3921-4952,엔지니어,42
USER_2529,강준호,010-1820-8573,프리랜서,26
USER_2530,정윤호,010-8792-7121,자영업,49
USER_2531,이준호,010-5096-9879,프리랜서,35
USER_2532,장서윤,010-4918-5350,무직,22
USER_2533,장나영,010-5584-9303,공무원,30
USER_2539,오현우,010-6354-2071,주부,36
USER_2540,정건우,010-5155-6238,무직,30
USER_2542,조준호,010-1449-5784,엔지니어,58
USER_2543,최나영,010-8952-5585,자영업,63
USER_2544,강지혜,010-4100-2790,자영업,53
USER_2546,장지우,010-6329-7190,주부,49
USER_2547,오지우,010-2270-2394,엔지니어,47
USER_2548,오나영,010-7597-4624,무직,23
USER_2549,김준호,010-2948-7787,주부,54
USER_2550,윤윤호,010-5433-5321,직장인,43
USER_2552,강현우,010-5566-8437,자영업,46
USER_2553,조채원,010-9618-1111,프리랜서,26
USER_2555,임예진,010-9473-5928,대학생,21
USER_2556,박준호,010-4646-2952,대학생,24
USER_2558,임하은,010-2861-1069,주부,51
USER_2559,조나영,010-4013-3794,프리랜서,47
USER_2560,임나영,010-8493-2615,주부,50
USER_2561,오현우,010-3754-9636,주부,38
USER_2564,서나영,010-1544-3964,대학생,37
USER_2565,오민수,010-1374-3679,공무원,41
USER_2566,장윤호,010-9099-4710,공무원,59
USER_2567,이나영,010-1813-1559,무직,24
USER_2568,서현우,010-8461-1784,직장인,57
USER_2570,조현우,010-2050-9490,주부,46
USER_2572,강도현,010-5777-5829,프리랜서,56
USER_2573,김서윤,010-2814-4179,직장인,51
USER_2574,김나영,010-8248-2344,주부,37
USER_2575,이건우,010-2843-5711,공무원,58
USER_2576,최도현,010-8507-7446,직장인,53
USER_2579,신채원,010-1573-4129,엔지니어,65
USER_2581,오서윤,010-8285-9878,주부,30
USER_2582,강윤호,010-3629-3869,무직,24
USER_2583,오나영,010-5983-3814,대학생,45
USER_2584,조예진,010-4121-7095,무직,22
USER_2588,박민수,010-9625-3502,대학생,20
USER_2590,한채원,010-3025-3331,전문직,36
USER_2591,서민수,010-5493-6310,무직,28
USER_2592,한현우,010-4673-8045,엔지니어,47
USER_2594,임채원,010-8417-1090,직장인,55
USER_2595,조지우,010-7090-7138,주부,67
USER_2597,윤하은,010-2064-2364,대학생,52
USER_2598,최윤호,010-2575-9720,무직,43
USER_2599,임지우,010-5109-5700,무직,46
USER_2600,김지우,010-7248-1437,프리랜서,47
USER_2601,박건우,010-6817-6368,주부,52
USER_2603,오지우,010-6604-4259,주부,55
USER_2604,임준호,010-3522-5018,무직,44
USER_2605,최채원,010-2836-3718,주부,31
USER_2606,정예진,010-8318-6913,주부,54
USER_2607,최지혜,010-8668-4709,무직,55
USER_2609,이현우,010-8433-6272,대학생,30
USER_2610,임건우,010-5941-1641,대학생,25
USER_2611,신민수,010-8270-7697,전문직,30
USER_2613,김지우,010-2451-9265,프리랜서,31
USER_2615,오준호,010-1865-1052,엔지니어,48
USER_2617,최현우,010-5587-4563,직장인,52
USER_2618,조서윤,010-5559-2059,공무원,58
USER_2619,임나영,010-4187-5093,무직,49
USER_2621,오우진,010-1255-1523,전문직,60
USER_2622,서지혜,010-2548-2811,프리랜서,44
USER_2624,이윤호,010-9437-9400,대학생,53
USER_2625,윤우진,010-5325-9565,대학생,46
USER_2626,박건우,010-1072-9142,직장인,49
USER_2629,강서윤,010-3077-9172,무직,42
USER_2633,오하은,010-7748-8013,공무원,26
USER_2634,윤민수,010-9464-4272,자영업,36
USER_2635,임하은,010-2245-7883,무직,38
USER_2637,한윤호,010-6716-5917,자영업,62
USER_2638,정준호,010-5364-4411,주부,46
USER_2639,정준호,010-6252-2312,전문직,55
USER_2640,장건우,010-9723-8801,공무원,32
USER_2641,박채원,010-6873-8554,대학생,23
USER_2642,정도현,010-7780-8696,공무원,44
USER_2643,서준호,010-6380-4960,대학생,57
USER_2648,장건우,010-4944-7909,자영업,35
USER_2650,오하은,010-2717-6379,주부,28
USER_2652,강윤호,010-6092-4012,자영업,59
USER_2653,조민수,010-5928-5402,엔지니어,27
USER_2654,조민수,010-6932-7242,직장인,47
USER_2656,한나영,010-6057-7618,프리랜서,64
USER_2659,임채원,010-6940-4865,전문직,67
USER_2661,서예진,010-6395-9172,무직,22
USER_2667,최준호,010-1852-7715,전문직,41
USER_2668,박우진,010-3008-2158,무직,21
USER_2669,임민수,010-9821-9129,공무원,43
USER_2670,조준호,010-4757-6421,대학생,24
USER_2671,이예진,010-5709-1634,주부,40
USER_2672,이준호,010-2651-3395,전문직,32
USER_2673,이채원,010-7640-6004,직장인,26
USER_2674,조예진,010-9519-2868,무직,22
USER_2675,오우진,010-1881-2945,공무원,30
USER_2676,오채원,010-8827-9694,대학생,22
USER_2677,서준호,010-8251-4799,대학생,43
USER_2678,윤도현,010-6434-8032,엔지니어,34
USER_2679,정건우,010-9322-9799,자영업,46
USER_2683,조나영,010-7742-7886,직장인,57
USER_2685,김지혜,010-7066-9355,전문직,66
USER_2687,조지우,010-6974-9921,공무원,41
USER_2690,박나영,010-3322-3607,엔지니어,51
USER_2692,오서윤,010-1663-3438,대학생,57
USER_2695,한지우,010-9521-2948,직장인,64
USER_2696,박민수,010-9405-5687,자영업,61
USER_2699,신채원,010-8501-9976,자영업,67
USER_2700,김민수,010-1470-9379,공무원,68
USER_2701,서도현,010-5145-9177,전문직,47
USER_2702,김나영,010-5321-1859,대학생,66
USER_2703,김윤호,010-4982-6412,자영업,59
USER_2705,임윤호,010-4342-6949,자영업,28
USER_2709,박도현,010-1223-5242,대학생,67
USER_2710,한하은,010-9408-5693,엔지니어,34
USER_2711,박지혜,010-3821-9519,직장인,29
USER_2712,윤나영,010-2319-1908,프리랜서,65
USER_2715,정채원,010-8968-7160,무직,60
USER_2717,이서윤,010-7555-6819,주부,64
USER_2720,오현우,010-8233-9508,프리랜서,37
USER_2721,이서윤,010-5176-9049,대학생,55
USER_2724,조윤호,010-6422-8910,공무원,36
USER_2725,한예진,010-3504-7015,대학생,65
USER_2728,윤민수,010-8488-2790,프리랜서,55
USER_2729,조윤호,010-4555-4552,대학생,23
USER_2730,임예진,010-6947-1152,전문직,38
USER_2732,한지우,010-1991-9051,프리랜서,43
USER_2733,이예진,010-3207-2235,대학생,23
USER_2734,강도현,010-1236-6789,프리랜서,57
USER_2736,박준호,010-1639-2090,주부,62
USER_2737,정서윤,010-8971-8286,자영업,39
USER_2738,박지혜,010-4640-1322,전문직,60
USER_2743,김예진,010-8737-7194,직장인,25
USER_2745,윤민수,010-7718-4770,전문직,47
USER_2747,신우진,010-9951-9196,직장인,32
USER_2748,오나영,010-7401-5778,직장인,66
USER_2749,오예진,010-6428-5973,엔지니어,35
USER_2750,이채원,010-2228-9362,무직,24
USER_2753,신도현,010-4109-3090,무직,55
USER_2754,임윤호,010-9848-5102,프리랜서,65
USER_2755,김도현,010-1329-3479,대학생,36
USER_2756,윤채원,010-9652-4772,공무원,57
USER_2757,신민수,010-1273-2687,직장인,37
USER_2759,최하은,010-8380-5199,직장인,63
USER_2760,최준호,010-3907-1939,프리랜서,28
USER_2762,서지혜,010-5364-2988,프리랜서,48
USER_2763,오하은,010-1201-9520,대학생,24
USER_2764,박건우,010-3437-1646,직장인,55
USER_2765,서서윤,010-3096-6938,주부,37
USER_2766,한예진,010-1281-2312,엔지니어,30
USER_2768,이지우,010-4672-7067,주부,37
USER_2769,조우진,010-9114-1729,전문직,58
USER_2770,장서윤,010-1441-1495,주부,63
USER_2773,조윤호,010-2593-4486,공무원,58
USER_2774,서윤호,010-1490-2968,주부,30
USER_2776,박서윤,010-2580-9744,주부,62
USER_2777,윤윤호,010-2448-2155,주부,42
USER_2778,최도현,010-1444-7612,전문직,31
USER_2780,임우진,010-4431-4149,주부,53
USER_2782,윤나영,010-8420-8611,프리랜서,30
USER_2783,한서윤,010-6677-8904,엔지니어,33
USER_2784,김서윤,010-7615-5019,자영업,43
USER_2786,장민수,010-2546-9620,대학생,27
USER_2788,오윤호,010-8542-8017,대학생,20
USER_2789,서지혜,010-3625-2120,공무원,34
USER_2791,장지우,010-2608-3364,대학생,54
USER_2792,박건우,010-9299-7671,무직,43
USER_2795,최지혜,010-7230-5048,엔지니어,62
USER_2797,강윤호,010-9464-5337,자영업,39
USER_2800,임지혜,010-3315-6190,주부,31
USER_2801,박윤호,010-6715-7673,직장인,34
USER_2802,김지혜,010-5463-2441,무직,56
USER_2803,조건우,010-8043-5896,대학생,24
USER_2806,오예진,010-8475-6443,엔지니어,52
USER_2807,오건우,010-6662-9323,프리랜서,51
USER_2808,강우진,010-3005-8088,대학생,23
USER_2809,오지혜,010-8652-8225,무직,22
USER_2811,오서윤,010-1537-5483,대학생,56
USER_2812,이우진,010-7387-9361,무직,25
USER_2814,최현우,010-5721-1436,대학생,34
USER_2820,강나영,010-4295-1221,엔지니어,40
USER_2821,조하은,010-6780-7147,자영업,54
USER_2823,서준호,010-7269-8180,대학생,42
USER_2824,강예진,010-9242-1007,전문직,31
USER_2825,정채원,010-9788-7089,주부,61
USER_2826,오하은,010-6852-3455,직장인,57
USER_2827,정현우,010-7151-2000,자영업,49
USER_2828,김준호,010-9199-8801,주부,39
USER_2831,김지혜,010-7065-3768,주부,34
USER_2835,박민수,010-5495-2558,프리랜서,47
USER_2836,윤준호,010-7447-4336,전문직,37
USER_2837,강건우,010-6609-2912,대학생,56
USER_2838,이하은,010-9668-4150,엔지니어,48
USER_2839,임채원,010-8115-2328,무직,40
USER_2840,장서윤,010-5910-5329,주부,50
USER_2841,조도현,010-2488-9584,전문직,33
USER_2842,이우진,010-6040-2443,직장인,53
USER_2843,신건우,010-3467-5711,자영업,47
USER_2844,한건우,010-3855-6509,주부,66
USER_2845,서나영,010-8727-6204,대학생,23
USER_2846,오서윤,010-3259-1920,주부,66
USER_2849,조하은,010-3881-7964,주부,41
USER_2851,윤지우,010-9457-9240,무직,53
USER_2852,정서윤,010-8403-4892,엔지니어,30
USER_2854,장지우,010-5949-9155,공무원,68
USER_2855,조도현,010-4233-7026,직장인,27
USER_2857,서윤호,010-2672-4698,대학생,39
USER_2860,한지혜,010-8330-7998,대학생,23
USER_2861,한예진,010-5516-9660,전문직,57
USER_2862,이우진,010-3166-2125,대학생,31
USER_2864,조나영,010-7268-2466,주부,58
USER_2865,한민수,010-2093-6210,프리랜서,41
USER_2866,임하은,010-4658-3902,전문직,32
USER_2867,박지혜,010-2258-1428,공무원,31
USER_2868,장준호,010-1294-8983,엔지니어,44
USER_2870,이서윤,010-6514-6138,무직,37
USER_2871,정도현,010-1467-1150,자영업,51
USER_2872,오지우,010-2090-9368,엔지니어,64
USER_2875,최예진,010-7187-3194,대학생,55
USER_2876,강지우,010-7902-6889,무직,64
USER_2878,서지혜,010-9416-3099,프리랜서,44
USER_2879,조예진,010-4879-4576,자영업,27
USER_2881,정예진,010-2798-1631,대학생,24
USER_2882,김지우,010-2524-6140,자영업,35
USER_2884,서나영,010-8425-1081,무직,26
USER_2885,윤민수,010-9538-6730,공무원,56
USER_2886,김서윤,010-7379-7895,공무원,67
USER_2888,한나영,010-2146-3903,공무원,35
USER_2890,강채원,010-5636-1790,공무원,43
USER_2892,임민수,010-4198-5164,프리랜서,65
USER_2893,박건우,010-8943-4983,직장인,65
USER_2895,최예진,010-3169-7676,자영업,26
USER_2896,장도현,010-3668-1930,직장인,32
USER_2897,이준호,010-8650-9535,직장인,58
USER_2898,윤현우,010-4698-1671,프리랜서,42
USER_2899,신윤호,010-4191-6783,공무원,50
USER_2900,조현우,010-3824-3854,무직,61
USER_2901,한예진,010-7017-3921,직장인,23
USER_2903,박도현,010-1898-5857,무직,24
USER_2904,오채원,010-1227-9044,프리랜서,63
USER_2906,윤민수,010-9253-9292,공무원,47
USER_2909,조도현,010-8005-4116,엔지니어,47
USER_2911,조나영,010-2565-2943,대학생,57
USER_2912,박현우,010-5726-4063,자영업,62
USER_2914,강건우,010-2373-7734,자영업,30
USER_2916,정지우,010-8209-9624,대학생,47
USER_2918,정서윤,010-9095-2141,전문직,55
USER_2920,김예진,010-7880-8419,전문직,53
USER_2921,조우진,010-7921-1163,주부,62
USER_2923,윤예진,010-3238-9984,엔지니어,67
USER_2924,윤지우,010-4145-5110,엔지니어,61
USER_2926,김예진,010-1035-4729,전문직,57
USER_2928,서나영,010-9534-7897,공무원,40
USER_2929,김서윤,010-6441-6431,엔지니어,59
USER_2930,이나영,010-2162-7866,직장인,64
USER_2932,서도현,010-3674-1313,엔지니어,52
USER_2933,한예진,010-7344-3810,공무원,67
USER_2934,신예진,010-8786-6401,공무원,59
USER_2935,이하은,010-7898-8092,대학생,40
USER_2936,이지혜,010-9181-4930,무직,39
USER_2937,오나영,010-4145-9844,자영업,60
USER_2939,한현우,010-1462-1967,대학생,22
USER_2942,오채원,010-2681-2470,전문직,38
USER_2943,오지우,010-8394-4548,주부,37
USER_2944,장예진,010-1433-3084,공무원,30
USER_2945,이도현,010-3885-2203,전문직,41
USER_2947,조현우,010-9123-9502,전문직,42
USER_2948,김지혜,010-4898-1191,대학생,50
USER_2949,장준호,010-6511-1216,엔지니어,31
USER_2950,강준호,010-4498-2633,직장인,26
USER_2951,정지혜,010-5134-5437,전문직,55
USER_2952,조하은,010-2134-5274,주부,29
USER_2953,박채원,010-8706-6904,무직,68
USER_2954,한채원,010-6745-2785,공무원,38
USER_2955,조지혜,010-5128-6422,프리랜서,44
USER_2957,강건우,010-5727-6647,주부,38
USER_2959,서나영,010-7366-8344,전문직,41
USER_2960,최건우,010-9420-7749,무직,54
USER_2964,조현우,010-9662-3513,무직,23
USER_2965,조서윤,010-6943-1417,공무원,41
USER_2966,이도현,010-4537-4436,엔지니어,64
USER_2967,정건우,010-6340-5282,공무원,52
USER_2968,장준호,010-5607-3335,공무원,57
USER_2970,장건우,010-2955-2197,직장인,47
USER_2973,윤준호,010-2243-8499,프리랜서,52
USER_2975,서우진,010-1282-6511,주부,47
USER_2976,김윤호,010-6240-9161,직장인,63
USER_2977,오채원,010-7958-2344,자영업,43
USER_2979,정하은,010-1477-4386,전문직,29
USER_2980,김윤호,010-4903-9199,주부,57
USER_2982,강현우,010-8788-7504,자영업,63
USER_2983,오윤호,010-5712-1014,무직,35
USER_2984,정지혜,010-8321-8538,직장인,20
USER_2985,강예진,010-2139-4573,주부,46
USER_2987,신준호,010-5621-4111,전문직,28
USER_2988,정나영,010-6521-7265,무직,32
USER_2989,강윤호,010-2975-6913,주부,59
USER_2991,오지혜,010-5274-4545,직장인,38
USER_2992,윤윤호,010-2402-9721,전문직,47
USER_2993,장민수,010-4473-2147,무직,41
USER_2994,최나영,010-6264-7426,공무원,32
USER_2995,김지혜,010-2756-9769,대학생,67
USER_2996,윤우진,010-5059-2236,자영업,36
USER_2997,장하은,010-1467-6316,자영업,40
USER_3000,임나영,010-3476-5680,프리랜서,42
USER_3001,신지혜,010-2973-2975,프리랜서,43
USER_3003,오건우,010-3036-6650,엔지니어,28
USER_3004,서나영,010-8787-4741,엔지니어,48
USER_3005,박현우,010-5159-8291,프리랜서,34
USER_3007,장나영,010-9198-5383,무직,49
USER_3008,강서윤,010-2496-8204,대학생,43
USER_3009,윤지혜,010-7507-8371,공무원,53
USER_3010,임지혜,010-7233-3028,프리랜서,35
USER_3011,임나영,010-3511-8578,대학생,20
USER_3012,이도현,010-5085-9429,프리랜서,62
USER_3013,조예진,010-1218-4740,직장인,60
USER_3014,한지혜,010-8848-4759,전문직,60
USER_3016,서채원,010-9202-2750,자영업,58
USER_3017,장예진,010-1558-8075,전문직,29
USER_3018,윤우진,010-4932-6317,공무원,42
USER_3019,정윤호,010-3558-6052,전문직,51
USER_3027,조우진,010-3312-9874,직장인,48
USER_3028,김현우,010-7761-9042,무직,32
USER_3029,윤지우,010-6065-8525,대학생,45
USER_3031,윤윤호,010-3077-2499,자영업,53
USER_3033,한민수,010-8511-1922,무직,62
USER_3034,오지우,010-3815-9661,주부,64
USER_3036,장현우,010-6226-1956,대학생,63
USER_3037,박우진,010-7557-8511,프리랜서,46
USER_3038,장지우,010-6960-3169,전문직,66
USER_3039,한윤호,010-3551-9106,주부,54
USER_3040,김지혜,010-8596-3004,무직,61
USER_3041,조나영,010-7893-9331,직장인,64
USER_3043,윤하은,010-9307-7928,프리랜서,62
USER_3044,장민수,010-2007-8515,무직,39
USER_3046,임건우,010-8712-4974,주부,53
USER_3047,김우진,010-8145-1403,무직,60
USER_3050,강예진,010-8183-9961,전문직,41
USER_3052,김현우,010-8039-7485,프리랜서,47
USER_3053,조나영,010-3694-1673,대학생,44
USER_3054,한서윤,010-3305-1228,대학생,41
USER_3055,임지혜,010-7947-3130,엔지니어,51
USER_3056,최지혜,010-1158-1935,무직,44
USER_3057,신건우,010-2290-3091,무직,23
USER_3058,정우진,010-2844-7355,전문직,26
USER_3060,강하은,010-7599-2417,무직,58
USER_3061,김지우,010-6026-4496,무직,55
USER_3063,강지혜,010-8474-2137,전문직,65
USER_3064,임지우,010-4010-9280,직장인,29
USER_3065,장지혜,010-8251-9323,프리랜서,39
USER_3066,조예진,010-5492-6389,직장인,21
USER_3067,최건우,010-9485-8248,자영업,42
USER_3068,서예진,010-7722-1057,주부,64
USER_3069,조윤호,010-4347-9143,직장인,35
USER_3070,박지혜,010-7003-9202,직장인,25
USER_3072,최나영,010-9542-2635,자영업,67
USER_3073,박도현,010-3000-4311,전문직,67
USER_3075,박서윤,010-5856-2161,전문직,38
USER_3076,신지혜,010-9388-3185,무직,29
USER_3077,신지우,010-2288-8905,대학생,66
USER_3078,김하은,010-7256-7270,프리랜서,60
USER_3081,서예진,010-7729-9406,자영업,36
USER_3082,강채원,010-9515-4357,공무원,48
USER_3084,정건우,010-9682-4375,엔지니어,49
USER_3087,신윤호,010-4369-6307,자영업,30
USER_3088,서민수,010-3499-3102,엔지니어,36
USER_3089,김하은,010-1978-9010,프리랜서,35
USER_3090,오도현,010-4531-6409,무직,49
USER_3092,박건우,010-3539-5151,자영업,49
USER_3093,윤나영,010-5843-9318,프리랜서,34
USER_3094,한우진,010-8354-3078,주부,34
USER_3095,이준호,010-9312-2127,엔지니어,28
USER_3096,박예진,010-7403-9466,대학생,48
USER_3098,강서윤,010-5024-3084,전문직,32
USER_3099,오우진,010-6272-7733,무직,66
USER_3100,오지우,010-5530-3673,자영업,67
USER_3103,한예진,010-4284-1215,무직,23
USER_3105,강우진,010-2214-4407,전문직,68
USER_3106,조도현,010-6871-1655,전문직,38
USER_3107,오하은,010-3601-1036,무직,45
USER_3108,이하은,010-8082-1500,직장인,25
USER_3109,오예진,010-9312-7751,직장인,39
USER_3110,정지혜,010-2345-5789,무직,28
USER_3111,조나영,010-5161-7896,공무원,47
USER_3112,강서윤,010-8251-3075,자영업,47
USER_3113,한예진,010-3579-8146,직장인,29
USER_3114,정민수,010-5531-3037,대학생,24
USER_3116,한윤호,010-8805-9281,공무원,58
USER_3118,임지혜,010-3293-3818,대학생,25
USER_3119,윤지우,010-8731-6966,대학생,25
USER_3121,윤준호,010-1979-1135,엔지니어,56
USER_3122,임채원,010-4602-2404,자영업,31
USER_3123,장준호,010-8811-4086,전문직,66
USER_3126,오지혜,010-6848-6170,공무원,56
USER_3128,조나영,010-1639-9981,무직,32
USER_3129,조민수,010-4430-8451,대학생,64
USER_3130,강도현,010-9883-4994,공무원,62
USER_3134,오서윤,010-4020-5999,전문직,58
USER_3136,박준호,010-7656-5322,프리랜서,26
USER_3137,강민수,010-2965-2343,엔지니어,44
USER_3140,신도현,010-1796-7484,공무원,68
USER_3141,이도현,010-8422-1285,직장인,21
USER_3142,서도현,010-7764-1030,주부,63
USER_3143,장윤호,010-4168-8118,주부,42
USER_3145,박예진,010-2403-7146,프리랜서,42
USER_3146,한건우,010-2449-6032,프리랜서,56
USER_3147,오현우,010-8888-7490,전문직,49
USER_3148,신윤호,010-1943-5642,프리랜서,30
USER_3150,이지우,010-1911-3716,자영업,37
USER_3151,한건우,010-6984-8872,공무원,39
USER_3154,강하은,010-8635-2841,자영업,38
USER_3156,장준호,010-5680-6732,직장인,22
USER_3157,임나영,010-1418-4310,전문직,32
USER_3159,김지혜,010-9506-4112,전문직,42
USER_3160,박윤호,010-8609-3100,무직,26
USER_3162,서윤호,010-8644-1082,전문직,50
USER_3164,최도현,010-3314-9228,주부,34
USER_3166,서서윤,010-7692-5279,주부,35
USER_3167,김건우,010-3471-2198,주부,44
USER_3169,박우진,010-4111-8854,공무원,29
USER_3170,임지우,010-6400-5094,공무원,30
USER_3171,장민수,010-7430-6021,공무원,36
USER_3172,한도현,010-8185-8383,무직,40
USER_3173,서건우,010-2523-7515,공무원,61
USER_3176,최예진,010-6307-4198,전문직,32
USER_3177,박준호,010-9873-3698,공무원,33
USER_3180,신하은,010-8618-2515,전문직,38
USER_3181,윤우진,010-7505-5926,프리랜서,29
USER_3182,김윤호,010-9830-3139,직장인,65
USER_3184,한채원,010-7956-8466,전문직,66
USER_3185,조나영,010-1963-3401,무직,20
USER_3186,조하은,010-1423-7434,무직,20
USER_3187,임윤호,010-3911-5003,주부,47
USER_3190,정하은,010-4238-2804,대학생,44
USER_3191,윤나영,010-7631-4796,자영업,66
USER_3192,서지혜,010-9319-3469,대학생,21
USER_3193,장채원,010-4375-8773,주부,59
USER_3194,강지우,010-2700-5495,대학생,61
USER_3195,신예진,010-1101-6834,대학생,52
USER_3196,윤현우,010-7238-5606,주부,51
USER_3197,윤지우,010-6765-8515,직장인,24
USER_3198,정나영,010-7299-9704,주부,26
USER_3199,한건우,010-8359-3442,프리랜서,60
USER_3200,이도현,010-3078-9506,엔지니어,56
USER_3202,정서윤,010-9731-4511,무직,21
USER_3203,정건우,010-4046-5124,주부,31
USER_3204,최도현,010-2954-9584,엔지니어,54
USER_3205,최윤호,010-5917-4959,프리랜서,29
USER_3206,김건우,010-5590-1827,자영업,62
USER_3207,강지우,010-8118-9647,프리랜서,44
USER_3209,윤건우,010-9317-7167,엔지니어,61
USER_3210,김도현,010-2249-9100,공무원,60
USER_3211,서지우,010-7006-5855,자영업,39
USER_3212,신지혜,010-2365-7326,대학생,21
USER_3213,정도현,010-4612-3392,자영업,35
USER_3215,이하은,010-8537-3920,무직,61
USER_3216,오도현,010-3832-7475,대학생,24
USER_3217,박민수,010-7904-1034,전문직,41
USER_3218,오도현,010-8697-5189,프리랜서,63
USER_3219,최예진,010-4376-9422,대학생,50
USER_3220,한도현,010-2201-8853,공무원,30
USER_3221,윤서윤,010-4842-9049,엔지니어,58
USER_3222,박도현,010-1545-6398,대학생,22
USER_3223,신서윤,010-8280-7799,주부,43
USER_3225,임채원,010-8393-3925,자영업,33
USER_3226,김지혜,010-2432-6101,자영업,44
USER_3227,이현우,010-7462-5994,전문직,54
USER_3228,오하은,010-9440-6376,자영업,26
USER_3229,임민수,010-2343-2547,대학생,23
USER_3231,이도현,010-4885-8979,직장인,46
USER_3232,이예진,010-1419-8490,전문직,63
USER_3233,박윤호,010-2229-5608,대학생,24
USER_3235,임서윤,010-7247-7484,주부,58
USER_3236,최건우,010-4159-6197,대학생,45
USER_3237,임지혜,010-6958-5200,프리랜서,54
USER_3239,서지혜,010-8770-9605,엔지니어,67
USER_3240,강우진,010-5917-6250,대학생,68
USER_3241,김채원,010-5387-7152,공무원,47
USER_3242,강현우,010-1656-7344,자영업,39
USER_3243,오도현,010-1218-6426,전문직,49
USER_3246,박지우,010-1531-2967,직장인,31
USER_3248,임채원,010-4465-7537,대학생,25
USER_3249,박민수,010-9903-5177,대학생,44
USER_3250,박건우,010-6613-7811,전문직,61
USER_3251,임준호,010-9225-8741,전문직,65
USER_3252,김우진,010-9987-3147,무직,67
USER_3253,임도현,010-3095-5787,주부,36
USER_3254,김채원,010-9323-7706,무직,68
USER_3255,정나영,010-5734-8477,대학생,27
USER_3258,오우진,010-8796-2867,무직,57
USER_3259,이도현,010-2935-8830,프리랜서,27
USER_3261,신서윤,010-8418-8158,주부,51
USER_3262,박준호,010-4137-7613,엔지니어,68
USER_3263,오도현,010-3652-3762,자영업,31
USER_3264,임나영,010-4717-4990,주부,37
USER_3265,임도현,010-9751-5528,무직,60
USER_3266,이나영,010-9692-7112,무직,23
USER_3267,정지혜,010-9691-2939,무직,33
USER_3268,정채원,010-3411-1561,대학생,21
USER_3270,한예진,010-8893-2992,엔지니어,37
USER_3272,이민수,010-9578-4325,무직,43
USER_3273,서지우,010-8351-2017,공무원,47
USER_3274,조서윤,010-5152-9006,무직,66
USER_3275,서지혜,010-7826-2343,자영업,51
USER_3276,강서윤,010-1322-8652,프리랜서,34
USER_3278,이도현,010-8196-8776,무직,27
USER_3281,최채원,010-9905-1279,자영업,33
USER_3282,이건우,010-6598-6200,주부,52
USER_3283,김지혜,010-2785-7748,공무원,32
USER_3284,신민수,010-9937-3188,대학생,62
USER_3286,강나영,010-7168-1875,주부,45
USER_3287,장하은,010-4415-4206,직장인,25
USER_3289,강윤호,010-9738-3242,무직,31
USER_3290,서윤호,010-9760-7726,자영업,59
USER_3292,임윤호,010-5670-7480,대학생,66
USER_3293,한지우,010-3496-8810,무직,32
USER_3294,신나영,010-4623-9717,엔지니어,55
USER_3295,장채원,010-2394-3131,전문직,47
USER_3296,이우진,010-8857-5087,주부,30
USER_3299,김준호,010-9883-6319,무직,24
USER_3300,장준호,010-4511-8284,무직,46
USER_3304,임준호,010-3770-9192,전문직,31
USER_3306,윤서윤,010-2047-2092,주부,32
USER_3308,최하은,010-3110-9862,직장인,21
USER_3309,강건우,010-8788-8489,직장인,22
USER_3312,신채원,010-9923-6273,전문직,35
USER_3313,조우진,010-5715-3097,주부,67
USER_3315,이하은,010-6884-3883,대학생,26
USER_3317,김윤호,010-5078-1368,자영업,60
USER_3319,한나영,010-4473-9824,직장인,25
USER_3321,김윤호,010-1897-8265,전문직,54
USER_3322,정현우,010-1773-5879,무직,20
USER_3325,강우진,010-4411-8711,대학생,40
USER_3326,장준호,010-4680-6435,엔지니어,55
USER_3327,조지혜,010-4924-7389,대학생,46
USER_3328,최채원,010-5507-5854,대학생,64
USER_3329,박우진,010-5599-5399,무직,22
USER_3330,김준호,010-5287-7505,자영업,51
USER_3332,한하은,010-3085-9952,직장인,24
USER_3334,정채원,010-1320-2520,엔지니어,29
USER_3335,정서윤,010-5320-1144,공무원,35
USER_3336,조서윤,010-1943-6912,직장인,55
USER_3337,정하은,010-2434-3577,주부,59
USER_3339,박건우,010-3517-4785,대학생,20
USER_3340,윤건우,010-4692-5595,공무원,43
USER_3341,신채원,010-5609-6595,프리랜서,54
USER_3342,신도현,010-6191-3858,무직,37
USER_3343,정서윤,010-8653-9323,공무원,48
USER_3345,임윤호,010-9534-3832,무직,23
USER_3347,한하은,010-8944-2676,주부,32
USER_3350,박도현,010-2999-3296,자영업,55
USER_3351,오민수,010-1740-1133,주부,55
USER_3352,장우진,010-1118-4003,직장인,43
USER_3354,윤우진,010-8260-5445,대학생,40
USER_3355,조준호,010-6033-9092,대학생,21
USER_3356,오서윤,010-4855-2891,주부,67
USER_3358,임지혜,010-7807-3518,직장인,54
USER_3361,윤예진,010-8318-1221,프리랜서,49
USER_3363,이건우,010-1351-6734,무직,59
USER_3366,강나영,010-1002-6536,주부,47
USER_3370,김우진,010-1026-9648,대학생,20
USER_3371,서하은,010-7189-9089,엔지니어,48
USER_3372,최건우,010-4457-9323,프리랜서,46
USER_3373,윤예진,010-8806-4811,자영업,28
USER_3375,김윤호,010-8445-9952,전문직,41
USER_3376,장민수,010-6186-8649,자영업,50
USER_3377,오나영,010-3724-6588,대학생,20
USER_3378,장현우,010-9992-4259,프리랜서,60
USER_3379,김서윤,010-3553-6073,엔지니어,45
USER_3380,조하은,010-3553-6856,대학생,24
USER_3382,오건우,010-2557-5450,전문직,39
USER_3384,한현우,010-5662-4947,무직,34
USER_3385,오우진,010-5544-6502,엔지니어,36
USER_3386,이나영,010-2126-3265,전문직,37
USER_3390,이준호,010-3365-1533,공무원,32
USER_3391,윤도현,010-5107-5749,전문직,47
USER_3392,이건우,010-6841-8002,주부,38
USER_3394,서나영,010-5846-3475,직장인,24
USER_3395,임지혜,010-1039-4304,대학생,35
USER_3397,서지혜,010-1051-6237,직장인,32
USER_3399,이건우,010-8505-2765,전문직,40
USER_3400,윤서윤,010-4445-1482,대학생,23
USER_3401,임지혜,010-1449-9920,직장인,30
USER_3402,김윤호,010-1875-2718,대학생,21
USER_3403,강예진,010-2259-3959,프리랜서,36
USER_3404,서민수,010-6460-6657,프리랜서,61
USER_3405,이현우,010-5813-1651,직장인,21
USER_3407,임건우,010-9852-8582,엔지니어,31
USER_3408,정준호,010-9673-1687,대학생,25
USER_3409,오현우,010-6984-3345,자영업,44
USER_3410,임나영,010-5194-8502,자영업,62
USER_3411,조민수,010-1287-6554,프리랜서,60
USER_3412,임나영,010-9278-2455,주부,59
USER_3413,신준호,010-9133-8739,주부,57
USER_3415,신민수,010-8279-1228,대학생,61
USER_3416,최예진,010-4490-7082,공무원,52
USER_3417,이도현,010-9607-9171,대학생,20
USER_3418,서도현,010-9348-8359,대학생,51
USER_3419,오예진,010-8609-7064,자영업,63
USER_3420,신하은,010-4665-5406,무직,36
USER_3422,정지혜,010-6534-2160,공무원,53
USER_3425,윤건우,010-5761-2691,대학생,46
USER_3426,조윤호,010-8911-9444,프리랜서,53
USER_3427,장건우,010-5412-5159,대학생,48
USER_3429,최지우,010-1251-9853,주부,36
USER_3431,김예진,010-6103-8201,대학생,50
USER_3433,윤채원,010-4739-4649,엔지니어,43
USER_3434,정서윤,010-9782-7401,자영업,34
USER_3435,한우진,010-3469-4420,공무원,41
USER_3436,장나영,010-4953-2281,자영업,53
USER_3437,임하은,010-2126-4208,전문직,67
USER_3439,오서윤,010-2207-2430,자영업,28
USER_3440,조윤호,010-3961-4897,직장인,68
USER_3441,이예진,010-2300-8032,프리랜서,35
USER_3442,오도현,010-5269-8533,자영업,37
USER_3444,김지혜,010-5360-6377,대학생,68
USER_3445,임채원,010-6855-2544,공무원,38
USER_3446,신윤호,010-6115-6853,직장인,61
USER_3447,한윤호,010-4985-1350,무직,50
USER_3449,최민수,010-3659-3920,직장인,21
USER_3453,강우진,010-7669-3921,자영업,38
USER_3454,신지혜,010-5701-5237,직장인,44
USER_3458,강윤호,010-3133-2896,무직,40
USER_3459,조건우,010-8698-5556,프리랜서,39
USER_3462,강지혜,010-3720-8349,대학생,25
USER_3463,김채원,010-2309-1268,대학생,36
USER_3464,임채원,010-7643-7124,프리랜서,68
USER_3466,임하은,010-9824-9748,프리랜서,49
USER_3467,윤채원,010-4407-5817,공무원,62
USER_3468,임하은,010-8916-4060,직장인,58
USER_3469,신지혜,010-4977-1819,자영업,35
USER_3470,김나영,010-2319-5398,직장인,52
USER_3471,조채원,010-2125-8995,공무원,36
USER_3472,조건우,010-9569-2497,대학생,33
USER_3473,장나영,010-3386-8576,무직,46
USER_3474,서나영,010-9769-2360,직장인,57
USER_3475,서준호,010-6048-6164,직장인,30
USER_3476,김준호,010-4516-1735,자영업,50
USER_3477,조현우,010-1516-4487,대학생,21
USER_3478,정윤호,010-1631-3745,프리랜서,49
USER_3479,윤우진,010-9192-6756,직장인,56
USER_3480,윤민수,010-9448-1215,무직,66
USER_3481,임지혜,010-1897-6813,대학생,27
USER_3483,조준호,010-6358-2582,공무원,30
USER_3486,이나영,010-7977-2807,대학생,25
USER_3488,조윤호,010-6427-8144,프리랜서,54
USER_3490,이지우,010-7278-4413,대학생,59
USER_3491,이채원,010-2396-4605,주부,51
USER_3492,조지혜,010-2299-7020,직장인,49
USER_3493,신나영,010-2194-2334,직장인,43
USER_3494,이현우,010-2080-3812,엔지니어,39
USER_3495,최예진,010-2772-3888,무직,34
USER_3496,조지우,010-2444-7312,무직,68
USER_3497,임채원,010-5109-1264,무직,41
USER_3499,조준호,010-6446-9783,공무원,61
USER_3500,임현우,010-7443-5349,엔지니어,51
USER_3502,최지혜,010-5082-2146,대학생,62
USER_3504,정지혜,010-3042-9652,직장인,55
USER_3505,강윤호,010-4562-2089,자영업,57
USER_3507,정예진,010-4742-2556,엔지니어,47
USER_3509,윤지우,010-3321-4154,무직,24
USER_3510,임지혜,010-2405-3758,직장인,36
USER_3511,서민수,010-1946-4577,대학생,25
USER_3515,강민수,010-8639-9649,엔지니어,46
USER_3516,윤민수,010-9759-4597,대학생,20
USER_3518,서민수,010-7752-1888,전문직,55
USER_3520,한하은,010-8186-9700,대학생,32
USER_3522,한도현,010-7002-3495,직장인,60
USER_3523,이서윤,010-6061-7086,프리랜서,27
USER_3524,조우진,010-7358-8085,대학생,21
USER_3527,김나영,010-2518-2845,전문직,62
USER_3528,최준호,010-2527-2983,무직,60
USER_3529,강지혜,010-9641-1100,주부,46
USER_3530,임예진,010-2207-3180,직장인,21
USER_3531,조나영,010-6437-3748,공무원,60
USER_3532,장민수,010-7203-1593,대학생,25
USER_3533,강나영,010-7651-2957,자영업,51
USER_3534,김지혜,010-3024-9146,대학생,34
USER_3537,최나영,010-8199-6555,무직,32
USER_3538,정나영,010-2145-9935,무직,32
USER_3541,정서윤,010-2561-5586,직장인,36
USER_3542,임건우,010-8679-5576,주부,39
USER_3545,박지우,010-6972-9163,프리랜서,44
USER_3546,김예진,010-5235-7770,무직,31
USER_3548,신현우,010-7756-3751,자영업,38
USER_3549,박윤호,010-5168-4358,주부,46
USER_3550,신서윤,010-9954-3286,엔지니어,48
USER_3551,최하은,010-7548-8821,대학생,25
USER_3554,이준호,010-7182-6139,프리랜서,31
USER_3555,한윤호,010-8032-1941,공무원,29
USER_3556,오건우,010-9406-5222,무직,24
USER_3557,신서윤,010-4576-6895,전문직,37
USER_3558,임도현,010-6760-3265,프리랜서,49
USER_3559,정지혜,010-3540-9714,공무원,34
USER_3560,강민수,010-8257-1867,직장인,38
USER_3561,조민수,010-8245-3285,주부,58
USER_3562,최현우,010-4416-4198,직장인,20
USER_3563,임현우,010-2144-8541,주부,27
USER_3564,임하은,010-9458-7136,직장인,55
USER_3565,임윤호,010-8511-5543,직장인,23
USER_3567,박지우,010-7304-3587,무직,31
USER_3568,서서윤,010-1177-1122,공무원,44
USER_3569,이지혜,010-7418-2201,자영업,67
USER_3570,조준호,010-5111-4351,대학생,40
USER_3572,김우진,010-3702-4231,전문직,43
USER_3575,서서윤,010-6928-4856,공무원,55
USER_3580,정건우,010-6824-4122,엔지니어,31
USER_3581,한현우,010-1423-8469,직장인,44
USER_3582,오하은,010-8959-9047,자영업,28
USER_3583,김예진,010-8647-8921,전문직,26
USER_3584,조우진,010-9125-3800,직장인,47
USER_3585,오예진,010-8345-4639,엔지니어,36
USER_3587,김건우,010-4952-8850,대학생,36
USER_3588,한나영,010-6318-7851,프리랜서,64
USER_3591,조준호,010-1365-2509,대학생,68
USER_3594,오지우,010-1684-9623,엔지니어,63
USER_3595,이현우,010-3475-2328,대학생,22
USER_3596,오지우,010-7850-7353,직장인,58
USER_3599,박채원,010-7291-3378,대학생,60
USER_3600,김하은,010-5282-7173,전문직,65
USER_3601,최하은,010-4088-4079,자영업,31
USER_3604,장나영,010-6378-4910,무직,24
USER_3608,이예진,010-6239-1991,대학생,23
USER_3609,장민수,010-8875-3084,무직,65
USER_3610,정현우,010-5721-1701,직장인,24
USER_3611,조하은,010-1306-5673,자영업,54
USER_3612,강지혜,010-9667-6460,주부,49
USER_3614,장건우,010-2649-8007,공무원,27
USER_3615,박준호,010-1008-9638,전문직,47
USER_3618,서서윤,010-7609-6849,주부,33
USER_3619,장도현,010-2950-3422,주부,41
USER_3620,오지혜,010-4051-3405,자영업,47
USER_3622,정윤호,010-2960-7587,공무원,44
USER_3623,정서윤,010-7872-3824,주부,27
USER_3626,조채원,010-1409-7749,엔지니어,48
USER_3627,김우진,010-2127-4553,프리랜서,42
USER_3628,조예진,010-3803-7594,프리랜서,35
USER_3629,최나영,010-3029-4287,대학생,47
USER_3630,박현우,010-6695-6063,공무원,29
USER_3631,신나영,010-5126-7512,주부,64
USER_3633,최현우,010-6214-1021,직장인,39
USER_3634,신윤호,010-1690-5546,대학생,34
USER_3635,장민수,010-8921-9324,전문직,57
USER_3636,박우진,010-3880-4622,공무원,46
USER_3637,강나영,010-2650-6646,대학생,42
USER_3640,신우진,010-1069-3076,자영업,41
USER_3641,임지혜,010-1917-4161,무직,67
USER_3642,오우진,010-8945-3239,대학생,33
USER_3643,한윤호,010-1430-4421,전문직,67
USER_3645,김채원,010-3195-6065,대학생,21
USER_3646,신건우,010-3850-6896,자영업,30
USER_3650,서채원,010-7047-1941,직장인,53
USER_3651,신윤호,010-6755-8100,무직,44
USER_3652,강지혜,010-4728-9433,무직,25
USER_3653,신우진,010-9033-1864,무직,24
USER_3654,윤지혜,010-8368-4451,직장인,63
USER_3655,이서윤,010-1507-7192,엔지니어,65
USER_3658,이건우,010-3167-7039,대학생,65
USER_3660,신하은,010-9941-5802,전문직,60
USER_3663,이하은,010-7612-6896,공무원,27
USER_3665,정서윤,010-5077-6117,주부,46
USER_3666,임나영,010-4609-8856,프리랜서,38
USER_3668,오지우,010-7484-2108,엔지니어,45
USER_3669,장윤호,010-3753-5001,직장인,44
USER_3670,박나영,010-4682-8111,프리랜서,51
USER_3671,서윤호,010-7908-9844,자영업,60
USER_3672,강우진,010-1146-9836,무직,33
USER_3673,최건우,010-4487-9949,프리랜서,48
USER_3674,신채원,010-4060-5116,공무원,53
USER_3676,박우진,010-9625-6578,전문직,42
USER_3678,정민수,010-4464-4303,주부,45
USER_3681,김지혜,010-4345-1711,전문직,57
USER_3683,한채원,010-9631-2826,직장인,56
USER_3685,김채원,010-5493-6499,무직,47
USER_3686,박준호,010-8471-2200,엔지니어,39
USER_3687,이채원,010-5159-5260,무직,53
USER_3688,한서윤,010-9870-9949,대학생,39
USER_3690,신민수,010-1997-6759,대학생,26
USER_3691,장윤호,010-4332-9806,대학생,20
USER_3692,정도현,010-1521-6347,프리랜서,67
USER_3694,신지우,010-3780-9580,무직,61
USER_3695,임준호,010-2898-7488,직장인,22
USER_3696,정준호,010-7807-4325,직장인,49
USER_3697,최채원,010-3851-4385,무직,61
USER_3699,조나영,010-9363-5790,공무원,50
USER_3702,정준호,010-6799-1552,직장인,40
USER_3703,박지혜,010-4445-6115,엔지니어,35
USER_3708,강나영,010-5156-6969,주부,61
USER_3709,박준호,010-1290-6164,프리랜서,52
USER_3712,강나영,010-9720-6441,직장인,28
USER_3713,오지혜,010-3075-7170,프리랜서,33
USER_3716,김예진,010-3735-5107,직장인,24
USER_3717,서도현,010-8216-1712,전문직,27
USER_3718,정예진,010-6354-4494,주부,58
USER_3719,최지우,010-2410-1618,공무원,30
USER_3720,임우진,010-1698-1725,직장인,50
USER_3721,정준호,010-8575-4276,전문직,29
USER_3722,윤채원,010-8602-8869,주부,55
USER_3723,한예진,010-5613-8939,전문직,27
USER_3724,윤윤호,010-4292-3816,무직,22
USER_3726,오우진,010-3964-2777,엔지니어,30
USER_3728,윤윤호,010-7625-3134,엔지니어,65
USER_3729,강건우,010-4944-4797,프리랜서,68
USER_3730,강예진,010-4670-6248,프리랜서,43
USER_3731,장건우,010-5431-7869,전문직,65
USER_3732,정지혜,010-7923-3401,자영업,45
USER_3734,조채원,010-4448-9205,대학생,49
USER_3736,서우진,010-5218-2513,주부,34
USER_3738,정도현,010-8386-4014,프리랜서,50
USER_3739,윤현우,010-7785-8559,직장인,42
USER_3743,한도현,010-4086-8447,무직,20
USER_3744,정나영,010-3495-4366,공무원,48
USER_3745,서하은,010-5040-3700,공무원,47
USER_3746,강지우,010-8374-6257,공무원,26
USER_3748,강나영,010-3797-3800,무직,20
USER_3749,윤채원,010-5008-3011,엔지니어,52
USER_3750,한도현,010-9336-2510,공무원,66
USER_3751,김준호,010-9865-1596,무직,65
USER_3752,한도현,010-3776-5669,공무원,45
USER_3753,한서윤,010-5386-2234,직장인,55
USER_3754,정채원,010-2085-4140,무직,20
USER_3755,임민수,010-2724-6428,프리랜서,41
USER_3756,윤도현,010-8580-9222,프리랜서,38
USER_3758,김건우,010-6618-3616,무직,24
USER_3761,박지혜,010-5952-7190,엔지니어,48
USER_3762,서예진,010-1476-6908,자영업,59
USER_3763,박서윤,010-7757-8349,대학생,30
USER_3765,신우진,010-9206-9488,프리랜서,63
USER_3766,한채원,010-6526-2623,직장인,30
USER_3767,한채원,010-7620-4161,대학생,56
USER_3768,한지혜,010-4040-8811,공무원,32
USER_3770,신서윤,010-2331-1624,공무원,54
USER_3771,장서윤,010-5274-9482,주부,51
USER_3773,한건우,010-3611-8605,직장인,29
USER_3774,최지우,010-3832-8898,공무원,68
USER_3775,이나영,010-4879-1861,무직,60
USER_3777,신민수,010-3416-1218,엔지니어,68
USER_3778,정우진,010-1254-4239,프리랜서,38
USER_3779,박서윤,010-6585-6688,무직,67
USER_3780,신도현,010-8179-2461,대학생,22
USER_3784,최우진,010-3669-1397,직장인,24
USER_3785,조서윤,010-1392-8775,전문직,28
USER_3786,김우진,010-8688-8437,대학생,22
USER_3787,장지혜,010-3969-6261,무직,41
USER_3788,최서윤,010-9038-9028,무직,65
USER_3791,이도현,010-4826-7622,전문직,47
USER_3793,정나영,010-4364-2340,대학생,20
USER_3794,김지혜,010-5417-1031,대학생,23
USER_3795,한지우,010-6043-4286,무직,63
USER_3799,오채원,010-1304-7833,대학생,24
USER_3800,김우진,010-8569-5363,전문직,65
USER_3801,임건우,010-2178-5625,자영업,67
USER_3804,최도현,010-9100-5513,직장인,46
USER_3806,이하은,010-4884-6706,대학생,20
USER_3810,서지우,010-9354-6960,대학생,45
USER_3811,오도현,010-2060-3320,직장인,27
USER_3812,박예진,010-2638-3440,대학생,33
USER_3813,서예진,010-4257-8738,대학생,31
USER_3817,임지혜,010-8780-6056,직장인,65
USER_3818,정윤호,010-7146-5398,대학생,20
USER_3819,강도현,010-7931-4828,직장인,25
USER_3820,이도현,010-3779-6428,대학생,20
USER_3822,오윤호,010-6762-4052,주부,28
USER_3823,한윤호,010-2981-9761,프리랜서,56
USER_3824,서준호,010-1878-5341,전문직,52
USER_3825,한윤호,010-3271-8487,직장인,64
USER_3826,한건우,010-5434-4328,공무원,30
USER_3829,서지혜,010-5912-5019,무직,52
USER_3830,최예진,010-3435-5326,프리랜서,54
USER_3831,김채원,010-4476-3352,엔지니어,44
USER_3833,윤서윤,010-7988-1689,전문직,40
USER_3834,정준호,010-5303-5563,무직,68
USER_3836,정우진,010-4386-2491,자영업,30
USER_3837,강우진,010-5600-9092,프리랜서,60
USER_3838,서지우,010-3386-6838,주부,29
USER_3841,오현우,010-3163-9880,프리랜서,28
USER_3842,한민수,010-5923-9955,대학생,24
USER_3843,조하은,010-7671-8798,대학생,27
USER_3845,오지우,010-5064-3480,대학생,53
USER_3846,정건우,010-5470-1397,직장인,20
USER_3848,오지우,010-2754-6943,엔지니어,41
USER_3849,한우진,010-6004-9039,직장인,46
USER_3850,최서윤,010-4913-1708,공무원,38
USER_3851,강서윤,010-6992-3564,대학생,49
USER_3852,신건우,010-8925-2827,자영업,54
USER_3853,조지우,010-1032-8763,대학생,26
USER_3854,신서윤,010-5848-2070,전문직,60
USER_3855,이민수,010-3929-9486,전문직,57
USER_3856,한지혜,010-7535-9229,프리랜서,65
USER_3857,최채원,010-6595-8609,대학생,21
USER_3858,임윤호,010-3355-2812,공무원,39
USER_3860,박나영,010-6661-8365,프리랜서,43
USER_3861,한건우,010-1354-7656,프리랜서,57
USER_3862,김도현,010-8036-2330,엔지니어,39
USER_3863,장지혜,010-6450-6646,프리랜서,28
USER_3864,박현우,010-9332-7504,무직,35
USER_3865,임민수,010-4047-9548,대학생,46
USER_3866,박지우,010-4966-2194,직장인,47
USER_3867,임우진,010-2592-8969,무직,63
USER_3868,장도현,010-6605-4533,엔지니어,50
USER_3871,신우진,010-1202-6194,전문직,59
USER_3872,김나영,010-9881-6971,직장인,54
USER_3876,박예진,010-8094-9223,주부,54
USER_3877,오서윤,010-8434-9021,대학생,42
USER_3878,한우진,010-2496-2024,전문직,39
USER_3879,박나영,010-4177-2003,대학생,51
USER_3880,서지우,010-5368-7119,직장인,51
USER_3881,정준호,010-3961-6532,공무원,28
USER_3882,한민수,010-6837-3715,무직,20
USER_3883,신채원,010-4861-1657,대학생,44
USER_3884,윤채원,010-3122-3825,엔지니어,32
USER_3886,한건우,010-1746-8209,직장인,35
USER_3887,최예진,010-9950-8861,자영업,42
USER_3889,김예진,010-6406-5478,주부,35
USER_3890,최하은,010-2319-9151,전문직,26
USER_3893,장도현,010-5866-8115,주부,51
USER_3894,신준호,010-2499-5018,직장인,24
USER_3896,한지우,010-1655-2117,직장인,64
USER_3898,강나영,010-3158-1527,대학생,22
USER_3899,최우진,010-3533-5189,전문직,31
USER_3901,정예진,010-9494-4618,직장인,39
USER_3902,강우진,010-5455-5546,대학생,24
USER_3903,이현우,010-8136-6389,프리랜서,66
USER_3905,한채원,010-5118-1057,주부,47
USER_3906,서도현,010-2495-2793,전문직,54
USER_3907,한도현,010-2057-4289,공무원,26
USER_3910,신지혜,010-3699-5585,대학생,38
USER_3913,임서윤,010-9829-1844,대학생,58
USER_3914,조하은,010-7239-5936,전문직,64
USER_3915,이나영,010-7129-5000,자영업,42
USER_3917,조건우,010-7392-5506,공무원,57
USER_3918,임준호,010-9412-2666,직장인,46
USER_3920,서현우,010-9455-3327,대학생,20
USER_3923,정건우,010-5928-5028,대학생,31
USER_3926,정건우,010-2935-8771,무직,40
USER_3927,정하은,010-4200-1740,대학생,39
USER_3928,강윤호,010-2624-1223,엔지니어,38
USER_3930,조준호,010-9948-9241,무직,33
USER_3933,김지혜,010-6152-9590,대학생,33
USER_3935,정건우,010-7221-2993,주부,45
USER_3937,정도현,010-8433-2755,공무원,41
USER_3938,조채원,010-9321-9871,전문직,38
USER_3939,신하은,010-5728-2405,직장인,29
USER_3940,최현우,010-5889-7515,무직,24
USER_3941,이건우,010-1211-8808,무직,57
USER_3944,임지우,010-2474-8351,주부,57
USER_3946,한건우,010-5464-6413,무직,22
USER_3948,임하은,010-6746-4291,공무원,57
USER_3950,장서윤,010-2904-6197,프리랜서,38
USER_3951,정예진,010-1452-1146,대학생,21
USER_3952,임건우,010-9912-5730,전문직,42
USER_3953,박나영,010-5756-5167,엔지니어,32
USER_3956,김예진,010-5387-4154,무직,27
USER_3958,최우진,010-1754-9579,자영업,43
USER_3959,윤예진,010-7654-9112,전문직,40
USER_3960,강준호,010-2927-4722,전문직,39
USER_3961,박민수,010-4673-5722,전문직,48
USER_3962,윤서윤,010-9129-6195,무직,23
USER_3963,서도현,010-2757-3205,엔지니어,50
USER_3965,오우진,010-8703-2848,대학생,56
USER_3966,강하은,010-6459-4792,프리랜서,60
USER_3967,윤나영,010-5817-5048,전문직,26
USER_3968,한민수,010-4045-3332,대학생,21
USER_3970,윤윤호,010-4303-9337,전문직,42
USER_3972,최하은,010-1147-6404,직장인,47
USER_3974,임현우,010-4650-1833,전문직,46
USER_3975,정준호,010-2727-9626,대학생,25
USER_3977,최채원,010-1533-4761,자영업,28
USER_3978,정도현,010-9885-6557,프리랜서,27
USER_3979,강민수,010-6504-2592,전문직,60
USER_3981,장채원,010-9569-6424,자영업,66
USER_3982,임민수,010-5042-7402,공무원,55
USER_3983,임건우,010-6860-3605,공무원,60
USER_3984,한현우,010-7940-9278,직장인,40
USER_3987,김건우,010-5823-2219,직장인,22
USER_3988,최나영,010-2438-1913,프리랜서,56
USER_3989,박민수,010-4325-7972,대학생,62
USER_3991,김우진,010-8315-6989,엔지니어,27
USER_3992,서우진,010-3433-8139,직장인,49
USER_3993,오우진,010-6826-3975,자영업,58
USER_3994,윤채원,010-7509-9092,주부,44
USER_3995,윤나영,010-1662-8697,대학생,41
USER_3996,정채원,010-7698-9787,프리랜서,33
USER_3997,오우진,010-4733-1911,프리랜서,67
USER_3999,오나영,010-4329-3323,공무원,46
USER_4002,임준호,010-1404-3773,주부,68
USER_4003,강예진,010-1148-4745,직장인,27
USER_4004,서현우,010-7837-3873,주부,58
USER_4006,장나영,010-8721-5113,엔지니어,61
USER_4007,오지혜,010-1975-1587,무직,59
USER_4008,윤서윤,010-2021-6285,대학생,66
USER_4010,조지우,010-2969-6839,전문직,43
USER_4014,김예진,010-8408-3963,엔지니어,57
USER_4017,최우진,010-4480-9635,대학생,24
USER_4019,신도현,010-5965-7966,자영업,39
USER_4020,윤우진,010-6226-6373,전문직,27
USER_4024,임예진,010-5961-9863,엔지니어,52
USER_4025,강지우,010-9992-9147,전문직,64
USER_4027,김지혜,010-7452-2421,자영업,54
USER_4028,한지혜,010-5512-8375,무직,34
USER_4031,강건우,010-3465-8127,주부,49
USER_4032,오채원,010-9271-5164,무직,56
USER_4033,김우진,010-1477-9755,주부,44
USER_4034,임우진,010-5590-9628,무직,21
USER_4035,김민수,010-4811-6066,자영업,36
USER_4039,박현우,010-1197-5091,전문직,28
USER_4040,임현우,010-2482-5216,무직,46
USER_4043,한채원,010-1828-3672,주부,41
USER_4044,이우진,010-4431-9560,자영업,32
USER_4047,정건우,010-3583-8559,공무원,55
USER_4048,최건우,010-9193-4755,대학생,63
USER_4049,김지혜,010-8913-1571,전문직,36
USER_4050,강현우,010-8003-9260,전문직,56
USER_4052,윤도현,010-2562-9352,자영업,49
USER_4054,정도현,010-2253-5575,대학생,45
USER_4055,이나영,010-8426-8607,전문직,36
USER_4056,한지우,010-6740-3911,무직,67
USER_4058,오민수,010-5189-1595,직장인,23
USER_4059,신서윤,010-1492-5633,자영업,40
USER_4060,윤지우,010-3233-1779,공무원,65
USER_4061,이채원,010-3717-8181,프리랜서,53
USER_4063,정지혜,010-5527-9493,무직,44
USER_4064,서현우,010-5972-7723,엔지니어,50
USER_4065,강나영,010-9172-2180,프리랜서,31
USER_4066,최예진,010-3094-7471,대학생,25
USER_4067,조준호,010-9531-8522,엔지니어,47
USER_4068,장하은,010-6864-8303,자영업,31
USER_4069,오건우,010-4356-3447,무직,62
USER_4070,최현우,010-3871-9681,주부,65
USER_4072,최지혜,010-5664-7791,직장인,21
USER_4075,박준호,010-6484-4638,무직,30
USER_4077,강나영,010-8952-7506,무직,32
USER_4080,윤서윤,010-8886-3771,직장인,36
USER_4081,김우진,010-5042-7983,엔지니어,37
USER_4084,박준호,010-7027-7577,주부,40
USER_4086,강예진,010-1966-3812,무직,30
USER_4089,정지우,010-8415-5474,자영업,39
USER_4090,윤건우,010-7196-6251,무직,49
USER_4092,박예진,010-1473-1358,대학생,25
USER_4093,신도현,010-4117-1824,자영업,48
USER_4094,신윤호,010-4338-1934,무직,42
USER_4095,최지우,010-7462-7454,공무원,66
USER_4098,강도현,010-4287-9231,공무원,42
USER_4100,임민수,010-2525-6270,대학생,28
USER_4103,장지혜,010-9188-2386,엔지니어,37
USER_4104,이우진,010-4324-6384,대학생,24
USER_4105,정우진,010-3262-3349,프리랜서,62
USER_4106,장서윤,010-4221-7077,주부,34
USER_4109,정건우,010-3890-4349,무직,58
USER_4110,장나영,010-2650-6281,주부,64
USER_4111,서예진,010-6335-4823,전문직,30
USER_4112,장현우,010-3210-9799,무직,56
USER_4113,강준호,010-2628-2159,무직,62
USER_4114,윤나영,010-8178-4685,공무원,26
USER_4115,윤지혜,010-3825-2781,전문직,64
USER_4119,한민수,010-7475-9368,주부,33
USER_4120,오현우,010-6942-1710,엔지니어,53
USER_4123,최도현,010-2745-3379,대학생,45
USER_4126,윤서윤,010-7248-4419,직장인,60
USER_4127,신민수,010-3593-8740,무직,61
USER_4128,김건우,010-3553-4763,전문직,30
USER_4129,한준호,010-1202-8148,무직,22
USER_4130,윤하은,010-3227-9673,직장인,25
USER_4132,강하은,010-5644-3071,직장인,65
USER_4133,김준호,010-8010-7839,자영업,43
USER_4134,윤우진,010-5253-9023,공무원,50
USER_4135,서우진,010-8556-7469,자영업,62
USER_4136,정서윤,010-7705-1680,무직,38
USER_4138,김하은,010-5009-2391,대학생,45
USER_4139,신하은,010-8831-9998,주부,63
USER_4140,서하은,010-9835-4254,무직,60
USER_4142,오우진,010-9492-2427,엔지니어,40
USER_4143,오현우,010-5776-3197,대학생,22
USER_4144,정현우,010-9311-5912,자영업,35
USER_4145,오서윤,010-4036-2575,자영업,38
USER_4146,임도현,010-7889-1044,대학생,49
USER_4147,신도현,010-6831-7230,공무원,39
USER_4149,최지혜,010-3775-7365,공무원,68
USER_4150,김도현,010-5025-3459,무직,25
USER_4152,조예진,010-5177-7763,무직,48
USER_4153,강서윤,010-8176-7230,전문직,56
USER_4154,이채원,010-1682-5252,대학생,25
USER_4156,신채원,010-5958-6282,대학생,29
USER_4157,조예진,010-6251-2268,무직,25
USER_4159,오예진,010-3449-8441,프리랜서,46
USER_4160,임지혜,010-7829-9292,대학생,52
USER_4162,신하은,010-8006-2822,전문직,42
USER_4164,박예진,010-5252-6850,주부,43
USER_4165,조우진,010-6004-2173,직장인,61
USER_4166,이준호,010-4382-8934,공무원,26
USER_4167,오도현,010-5723-3511,대학생,45
USER_4168,윤현우,010-9471-6775,자영업,28
USER_4169,박도현,010-3293-3335,프리랜서,26
USER_4170,박윤호,010-4790-6171,주부,58
USER_4173,한지우,010-5080-2140,자영업,48
USER_4174,윤지혜,010-5798-7551,대학생,68
USER_4176,임우진,010-1439-4677,프리랜서,33
USER_4178,강현우,010-6344-3527,대학생,68
USER_4180,박하은,010-5260-2347,대학생,50
USER_4181,김서윤,010-1233-9787,대학생,47
USER_4184,임윤호,010-2399-1547,엔지니어,51
USER_4185,김윤호,010-7250-9593,무직,23
USER_4187,장도현,010-9405-2938,자영업,40
USER_4188,서지혜,010-4666-9681,주부,43
USER_4191,한서윤,010-7854-9804,대학생,20
USER_4192,김우진,010-8458-8376,대학생,51
USER_4193,박서윤,010-2499-5455,전문직,68
USER_4199,강채원,010-7936-1268,주부,35
USER_4200,임예진,010-7818-3923,자영업,67
USER_4203,서윤호,010-1310-3154,대학생,32
USER_4204,박민수,010-7776-6606,공무원,62
USER_4205,정예진,010-2843-2934,엔지니어,61
USER_4206,이우진,010-5322-2562,공무원,57
USER_4208,최지우,010-1293-1323,무직,53
USER_4209,장지우,010-8505-5114,대학생,55
USER_4210,임채원,010-1816-3159,프리랜서,61
USER_4211,윤윤호,010-7759-3601,엔지니어,68
USER_4212,조지우,010-6323-5782,무직,50
USER_4213,임예진,010-9949-9720,프리랜서,42
USER_4214,임지혜,010-1904-1002,공무원,66
USER_4215,이하은,010-2197-3906,대학생,21
USER_4217,윤하은,010-3603-4959,자영업,37
USER_4221,한지혜,010-8350-4635,프리랜서,29
USER_4222,김도현,010-4247-6941,엔지니어,45
USER_4223,정우진,010-6418-1076,공무원,68
USER_4227,서현우,010-5262-4017,자영업,30
USER_4229,장채원,010-8755-2341,무직,53
USER_4230,한하은,010-6668-4042,대학생,64
USER_4231,오건우,010-8045-7918,자영업,49
USER_4232,조우진,010-5951-9279,직장인,33
USER_4233,최민수,010-2205-9540,주부,60
USER_4234,최채원,010-4130-4921,엔지니어,37
USER_4235,서지혜,010-1149-8789,프리랜서,45
USER_4237,신현우,010-7451-8637,직장인,59
USER_4238,임지혜,010-8529-7502,대학생,50
USER_4240,조나영,010-3692-6354,직장인,57
USER_4241,오준호,010-1588-1923,대학생,21
USER_4243,장윤호,010-6159-4226,대학생,53
USER_4244,최채원,010-3237-1190,프리랜서,38
USER_4245,최우진,010-5698-3732,무직,59
USER_4246,한준호,010-8753-5609,프리랜서,47
USER_4247,최우진,010-5239-7427,엔지니어,38
USER_4248,강지혜,010-7700-8702,대학생,20
USER_4249,강도현,010-1103-3002,전문직,65
USER_4250,김지우,010-4831-2865,대학생,43
USER_4256,장우진,010-4654-3141,직장인,67
USER_4257,강도현,010-6640-4302,무직,45
USER_4258,한지우,010-6005-6339,전문직,64
USER_4260,한건우,010-6039-6083,공무원,34
USER_4261,오채원,010-4570-8786,대학생,21
USER_4264,윤예진,010-9723-7815,프리랜서,33
USER_4265,박나영,010-6192-9712,대학생,29
USER_4267,김나영,010-3780-7520,직장인,66
USER_4270,신우진,010-6243-5532,무직,63
USER_4271,강지우,010-3380-9912,직장인,21
USER_4272,박현우,010-8286-2102,공무원,35
USER_4273,한윤호,010-4603-1812,전문직,44
USER_4274,정현우,010-5264-7804,직장인,37
USER_4275,박지우,010-9274-1672,전문직,60
USER_4276,오현우,010-9327-3052,전문직,35
USER_4277,서윤호,010-2336-9482,무직,28
USER_4279,신나영,010-6679-5555,엔지니어,46
USER_4280,신건우,010-4581-4916,프리랜서,44
USER_4281,임도현,010-9271-8272,주부,66
USER_4282,박도현,010-2644-8865,엔지니어,43
USER_4284,서준호,010-3064-3307,프리랜서,30
USER_4286,정우진,010-2222-5724,무직,53
USER_4287,이나영,010-7231-8223,직장인,43
USER_4288,신윤호,010-8379-4498,전문직,53
USER_4290,장하은,010-1442-4878,대학생,21
USER_4291,한하은,010-5777-1079,무직,54
USER_4292,윤채원,010-9136-5008,대학생,27
USER_4294,신우진,010-2564-5898,공무원,63
USER_4295,장윤호,010-7429-6176,프리랜서,65
USER_4296,서준호,010-7343-2348,대학생,20
USER_4297,장채원,010-2264-6434,대학생,47
USER_4299,최건우,010-3432-2066,자영업,37
USER_4303,윤지혜,010-7494-1954,무직,64
USER_4304,윤준호,010-2873-9800,대학생,25
USER_4305,신하은,010-4904-9745,대학생,23
USER_4306,신건우,010-7218-6803,무직,38
USER_4307,장준호,010-4761-6357,주부,27
USER_4308,정하은,010-5188-4718,엔지니어,27
USER_4309,장우진,010-1090-8769,무직,65
USER_4311,조지혜,010-8165-5783,직장인,43
USER_4312,신하은,010-4050-9115,무직,21
USER_4313,박지우,010-5727-8978,대학생,38
USER_4314,윤현우,010-5728-7480,대학생,21
USER_4315,임우진,010-1910-7972,공무원,30
USER_4316,오서윤,010-8714-6177,자영업,27
USER_4318,신하은,010-2282-6669,주부,56
USER_4320,장준호,010-7580-5422,직장인,54
USER_4322,최건우,010-6335-5647,대학생,31
USER_4324,조건우,010-6663-4968,자영업,45
USER_4325,최지우,010-8805-7013,직장인,23
USER_4326,신지혜,010-3913-5931,무직,55
USER_4327,이하은,010-9349-3764,무직,47
USER_4328,임민수,010-2203-2796,대학생,54
USER_4330,정지혜,010-7850-8412,대학생,37
USER_4331,김하은,010-9169-9217,주부,52
USER_4335,조우진,010-9442-9947,주부,51
USER_4336,윤채원,010-1983-7743,엔지니어,67
USER_4338,강민수,010-7576-7919,대학생,40
USER_4339,신서윤,010-1006-1670,대학생,62
USER_4341,한서윤,010-4783-7646,엔지니어,58
USER_4343,서서윤,010-6173-1964,직장인,55
USER_4344,이우진,010-5145-7888,직장인,23
USER_4345,박예진,010-8912-3698,주부,47
USER_4347,임하은,010-7773-3738,프리랜서,32
USER_4348,최도현,010-2446-5091,대학생,23
USER_4349,윤민수,010-2883-7101,대학생,54
USER_4350,임도현,010-1909-3064,직장인,65
USER_4352,장도현,010-7015-8561,직장인,30
USER_4353,한준호,010-1375-8017,주부,30
USER_4354,신서윤,010-3719-1532,주부,67
USER_4355,이우진,010-8771-9738,전문직,32
USER_4357,윤현우,010-7867-2390,자영업,58
USER_4359,윤건우,010-6205-3240,자영업,59
USER_4360,조지우,010-1257-1710,무직,50
USER_4361,정나영,010-5468-7374,전문직,68
USER_4362,김서윤,010-8147-4578,자영업,52
USER_4363,임하은,010-1043-9468,엔지니어,57
USER_4364,장건우,010-2756-6586,대학생,42
USER_4367,강도현,010-4561-3951,프리랜서,29
USER_4368,한채원,010-9492-5911,대학생,45
USER_4369,윤우진,010-3740-3380,공무원,47
USER_4371,임지혜,010-7417-2356,대학생,25
USER_4373,신하은,010-9232-4557,대학생,22
USER_4375,윤윤호,010-8537-6522,공무원,67
USER_4376,오우진,010-4821-5583,엔지니어,66
USER_4377,김우진,010-3573-2301,엔지니어,39
USER_4378,윤윤호,010-1155-5306,엔지니어,53
USER_4380,신현우,010-6107-7064,직장인,49
USER_4385,장채원,010-8702-4982,자영업,35
USER_4386,이지우,010-1123-5954,직장인,33
USER_4387,최도현,010-6408-5111,전문직,60
USER_4388,서건우,010-5971-8576,공무원,39
USER_4389,윤윤호,010-5310-6708,엔지니어,51
USER_4390,장하은,010-8599-3892,무직,25
USER_4392,장채원,010-6436-6189,전문직,56
USER_4393,서나영,010-5942-4005,주부,66
USER_4394,정하은,010-2544-7445,공무원,27
USER_4397,정하은,010-6928-6574,대학생,53
USER_4398,이우진,010-6330-8068,자영업,30
USER_4399,조도현,010-2277-3968,대학생,54
USER_4400,신지우,010-1858-3508,엔지니어,29
USER_4401,신지우,010-3168-8472,공무원,34
USER_4402,오예진,010-9507-9017,엔지니어,62
USER_4406,윤윤호,010-8001-5978,전문직,46
USER_4407,이하은,010-8188-4347,무직,43
USER_4409,이채원,010-6237-4159,대학생,65
USER_4410,임건우,010-1121-6951,공무원,31
USER_4411,박도현,010-5435-5615,대학생,49
USER_4412,강준호,010-8820-4897,공무원,30
USER_4413,김윤호,010-5814-4957,주부,49
USER_4414,장예진,010-7341-5417,자영업,28
USER_4415,최지우,010-3101-4020,프리랜서,42
USER_4416,조민수,010-4541-8044,직장인,25
USER_4417,박도현,010-7236-9139,무직,42
USER_4418,서하은,010-9145-5814,엔지니어,35
USER_4419,강지혜,010-4185-4982,대학생,52
USER_4420,정현우,010-9951-1911,공무원,39
USER_4422,윤현우,010-5207-5885,직장인,60
USER_4424,최준호,010-6404-2464,전문직,35
USER_4425,김채원,010-3835-4821,전문직,32
USER_4426,윤우진,010-1725-5077,엔지니어,44
USER_4427,서나영,010-2385-7912,대학생,50
USER_4428,오서윤,010-5814-8775,프리랜서,35
USER_4429,정나영,010-4978-1202,공무원,58
USER_4430,최지우,010-6589-4146,공무원,62
USER_4431,최하은,010-5266-5440,직장인,53
USER_4432,장우진,010-8250-5214,엔지니어,55
USER_4433,신윤호,010-6481-6116,프리랜서,30
USER_4434,이서윤,010-5474-9183,전문직,33
USER_4437,최나영,010-4630-2310,자영업,28
USER_4438,박건우,010-3947-3349,자영업,35
USER_4439,박도현,010-5129-9493,주부,64
USER_4440,장지혜,010-7375-7592,엔지니어,58
USER_4441,장현우,010-9015-9604,전문직,37
USER_4442,장지우,010-3828-8707,직장인,35
USER_4443,서채원,010-5076-2731,프리랜서,43
USER_4446,신예진,010-1504-6525,프리랜서,47
USER_4448,오현우,010-5764-1535,공무원,38
USER_4449,김채원,010-5113-7699,공무원,45
USER_4450,신민수,010-9597-8947,공무원,59
USER_4451,임예진,010-2606-8444,무직,48
USER_4452,장서윤,010-6687-5419,대학생,24
USER_4453,이나영,010-7001-2836,무직,21
USER_4457,김나영,010-6358-6003,직장인,46
USER_4458,신서윤,010-2152-3007,대학생,51
USER_4460,임지우,010-3473-6674,전문직,60
USER_4461,조지우,010-5825-1405,자영업,36
USER_4463,한건우,010-6561-1155,무직,50
USER_4464,강준호,010-7238-2795,직장인,27
USER_4465,조민수,010-2552-4713,자영업,26
USER_4467,박도현,010-2176-6480,무직,55
USER_4469,강현우,010-9737-6408,직장인,43
USER_4471,김하은,010-1857-4772,전문직,52
USER_4472,오지우,010-4639-2289,프리랜서,38
USER_4473,최채원,010-3933-1521,프리랜서,57
USER_4474,신서윤,010-7473-3083,대학생,41
USER_4475,강준호,010-7320-1335,직장인,45
USER_4476,윤채원,010-5515-6282,자영업,36
USER_4477,최민수,010-9910-9583,프리랜서,28
USER_4478,신민수,010-5308-3758,프리랜서,45
USER_4480,이지우,010-7700-9989,무직,21
USER_4481,박서윤,010-5874-8506,공무원,64
USER_4482,윤채원,010-5225-6575,주부,31
USER_4483,박우진,010-4742-2870,공무원,38
USER_4485,오우진,010-9205-2584,자영업,65
USER_4488,신민수,010-9930-2954,엔지니어,50
USER_4490,장지혜,010-5499-4898,무직,39
USER_4492,박민수,010-4086-5130,주부,26
USER_4493,장하은,010-3193-6278,자영업,53
USER_4497,서예진,010-3666-3688,전문직,67
USER_4498,조하은,010-2760-2161,무직,29
USER_4501,강채원,010-8479-9878,공무원,48
USER_4502,강예진,010-5926-2769,무직,49
USER_4503,김서윤,010-1084-5376,대학생,23
USER_4504,오예진,010-4518-5396,직장인,30
USER_4507,정도현,010-7938-9115,자영업,54
USER_4508,임윤호,010-5676-3706,공무원,51
USER_4509,조하은,010-8920-7945,주부,31
USER_4512,윤민수,010-1196-1235,대학생,23
USER_4514,강지우,010-3462-4168,직장인,50
USER_4515,강도현,010-2102-5669,공무원,36
USER_4517,윤나영,010-4027-1891,주부,47
USER_4521,이채원,010-5320-3407,엔지니어,36
USER_4522,서현우,010-3430-1992,전문직,62
USER_4523,신우진,010-7868-9070,전문직,62
USER_4525,최현우,010-7869-9688,자영업,66
USER_4529,서서윤,010-2779-1466,직장인,56
USER_4530,장서윤,010-4992-7504,엔지니어,33
USER_4531,서예진,010-4653-1405,대학생,51
USER_4532,정도현,010-8479-5454,대학생,34
USER_4533,장지혜,010-9444-4401,주부,49
USER_4534,김민수,010-2186-8283,전문직,31
USER_4535,이민수,010-7517-9247,대학생,53
USER_4536,한채원,010-4425-2803,엔지니어,60
USER_4538,이현우,010-4490-5470,직장인,43
USER_4539,정하은,010-3779-9083,전문직,31
USER_4540,신나영,010-1431-2345,자영업,58
USER_4542,오우진,010-8844-5513,직장인,28
USER_4545,이예진,010-4995-9800,자영업,55
USER_4546,신준호,010-7190-5286,주부,39
USER_4547,김지우,010-3632-9690,엔지니어,55
USER_4549,정민수,010-5606-6191,자영업,45
USER_4552,박서윤,010-9971-1358,공무원,46
USER_4554,강예진,010-2654-8074,직장인,52
USER_4555,최우진,010-9560-6082,직장인,27
USER_4556,최현우,010-6617-8960,공무원,31
USER_4558,최윤호,010-4230-9815,엔지니어,52
USER_4559,이민수,010-6092-4112,직장인,39
USER_4560,강윤호,010-1367-7379,무직,47
USER_4561,한하은,010-3659-9291,무직,31
USER_4562,오민수,010-5426-5123,대학생,20
USER_4563,박준호,010-6265-2241,무직,60
USER_4565,강윤호,010-8464-1686,대학생,42
USER_4566,강지혜,010-8549-2820,주부,48
USER_4567,서현우,010-9997-3634,직장인,55
USER_4569,강현우,010-7864-3611,직장인,66
USER_4570,최건우,010-8997-5342,주부,48
USER_4572,김윤호,010-1949-9516,공무원,31
USER_4573,한예진,010-2735-8183,자영업,39
USER_4574,서지우,010-6610-9495,전문직,58
USER_4575,강우진,010-5607-9732,직장인,49
USER_4576,오건우,010-7177-4493,무직,25
USER_4577,정채원,010-2669-5763,자영업,41
USER_4580,윤나영,010-4892-3779,전문직,33
USER_4581,윤하은,010-7315-6739,직장인,30
USER_4583,장채원,010-6579-8998,무직,54
USER_4584,강우진,010-4679-7988,무직,27
USER_4588,윤민수,010-8360-8614,전문직,56
USER_4589,박서윤,010-8465-6659,주부,33
USER_4593,임민수,010-2890-3802,대학생,28
USER_4596,신우진,010-7151-3463,대학생,50
USER_4597,한지혜,010-4138-1908,직장인,24
USER_4599,조건우,010-3975-9529,엔지니어,58
USER_4600,김서윤,010-4934-2401,무직,45
USER_4601,박지혜,010-8643-9052,대학생,48
USER_4602,오도현,010-1092-7873,대학생,55
USER_4604,신준호,010-9504-6567,프리랜서,47
USER_4605,박나영,010-7500-6364,공무원,40
USER_4606,조준호,010-4143-8684,전문직,46
USER_4608,강지혜,010-2739-8952,공무원,33
USER_4609,장건우,010-4072-3096,무직,54
USER_4610,정예진,010-4002-9912,대학생,55
USER_4611,이현우,010-9717-1371,자영업,38
USER_4614,정서윤,010-1961-1256,무직,57
USER_4615,조도현,010-3235-9058,공무원,58
USER_4616,정하은,010-7285-7005,주부,52
USER_4617,임민수,010-1368-9081,직장인,42
USER_4618,조채원,010-3651-8533,프리랜서,48
USER_4619,강민수,010-9064-3438,직장인,55
USER_4620,서현우,010-3111-8829,프리랜서,43
USER_4621,임하은,010-9253-7112,대학생,24
USER_4622,오채원,010-3921-8261,무직,35
USER_4623,김채원,010-4592-9262,대학생,21
USER_4625,김건우,010-7348-6785,주부,30
USER_4627,윤예진,010-2713-6216,직장인,43
USER_4630,김지혜,010-3110-5066,전문직,63
USER_4631,신민수,010-6716-2220,무직,68
USER_4633,윤도현,010-9558-5326,프리랜서,37
USER_4637,임준호,010-2796-7386,대학생,20
USER_4639,박나영,010-2737-2373,무직,49
USER_4642,오하은,010-9444-1554,전문직,59
USER_4643,윤채원,010-2387-6342,직장인,27
USER_4647,정하은,010-7496-5088,직장인,47
USER_4651,신나영,010-9914-6171,주부,50
USER_4652,최지혜,010-6279-1229,프리랜서,57
USER_4653,신하은,010-8990-8720,대학생,47
USER_4656,강건우,010-6214-1973,전문직,26
USER_4657,김윤호,010-8214-1181,대학생,31
USER_4658,서서윤,010-7683-1901,엔지니어,26
USER_4659,김예진,010-4044-1755,주부,41
USER_4660,임현우,010-6411-8100,직장인,32
USER_4661,임도현,010-9475-7952,무직,40
USER_4663,이건우,010-7209-4091,대학생,24
USER_4664,서하은,010-1354-6927,주부,35
USER_4665,윤서윤,010-8248-1977,대학생,21
USER_4666,이나영,010-9189-1277,주부,64
USER_4668,이건우,010-6278-2855,엔지니어,28
USER_4670,최우진,010-6662-8082,자영업,37
USER_4671,한예진,010-1670-6235,무직,57
USER_4672,장서윤,010-8272-8039,대학생,57
USER_4673,서채원,010-7905-2258,무직,22
USER_4675,장건우,010-5844-8806,주부,43
USER_4676,최우진,010-6293-9139,무직,36
USER_4677,한현우,010-7030-6402,전문직,42
USER_4678,오지우,010-4843-8173,프리랜서,64
USER_4679,오준호,010-2485-8109,공무원,53
USER_4680,정나영,010-7723-5264,직장인,45
USER_4681,조채원,010-6170-9773,무직,21
USER_4682,장건우,010-7911-2352,무직,54
USER_4683,임준호,010-7821-2588,대학생,60
USER_4684,박예진,010-4423-7887,엔지니어,51
USER_4685,윤건우,010-8116-7736,엔지니어,68
USER_4686,오지우,010-8857-8469,대학생,52
USER_4687,신나영,010-5851-3727,직장인,21
USER_4688,한도현,010-8176-2453,프리랜서,58
USER_4690,강서윤,010-6630-1334,대학생,55
USER_4692,오예진,010-1280-3858,대학생,20
USER_4693,한채원,010-1844-7356,엔지니어,42
USER_4694,서채원,010-5683-4353,엔지니어,67
USER_4696,한현우,010-1222-6971,직장인,68
USER_4698,이서윤,010-2768-7419,무직,40
USER_4700,윤서윤,010-7949-9654,무직,45
USER_4701,박우진,010-8027-3964,엔지니어,52
USER_4704,신현우,010-6900-7672,대학생,62
USER_4705,장지혜,010-1520-7058,엔지니어,48
USER_4706,최하은,010-4997-3253,대학생,51
USER_4708,서민수,010-8271-1150,주부,41
USER_4709,오지우,010-4137-5453,대학생,24
USER_4710,윤지혜,010-3550-4377,자영업,57
USER_4711,임하은,010-4406-4830,자영업,66
USER_4714,임윤호,010-9074-7504,엔지니어,30
USER_4716,신서윤,010-5533-6524,프리랜서,44
USER_4717,서서윤,010-7346-9887,대학생,43
USER_4718,신예진,010-4241-7252,프리랜서,26
USER_4719,박나영,010-4572-2205,엔지니어,65
USER_4720,강현우,010-8056-3334,프리랜서,36
USER_4721,강도현,010-5083-1547,무직,43
USER_4722,한윤호,010-7205-6985,주부,55
USER_4724,장건우,010-5075-9901,프리랜서,43
USER_4725,임준호,010-9292-2171,전문직,26
USER_4726,김윤호,010-1572-8702,직장인,56
USER_4728,박하은,010-8980-3148,주부,60
USER_4730,이민수,010-3164-2462,무직,21
USER_4731,장나영,010-8873-9960,무직,49
USER_4733,서서윤,010-2495-7922,주부,63
USER_4734,강우진,010-6877-7109,무직,56
USER_4735,서건우,010-8763-5474,대학생,25
USER_4736,강나영,010-6697-6130,무직,58
USER_4737,한준호,010-4212-8058,직장인,43
USER_4738,조지우,010-1245-2709,직장인,43
USER_4739,서윤호,010-2282-9540,공무원,61
USER_4740,윤건우,010-5967-8087,엔지니어,31
USER_4741,최도현,010-6910-7349,대학생,44
USER_4742,정나영,010-1394-4652,직장인,27
USER_4744,강예진,010-4549-3580,직장인,42
USER_4745,정나영,010-5075-2598,엔지니어,60
USER_4747,조예진,010-5754-2359,공무원,67
USER_4748,조민수,010-7713-5493,엔지니어,37
USER_4751,오하은,010-8459-2193,공무원,48
USER_4752,강서윤,010-2572-4022,대학생,67
USER_4753,최도현,010-2892-3501,무직,42
USER_4754,정지혜,010-4511-2032,프리랜서,38
USER_4757,서도현,010-5333-7478,무직,42
USER_4758,신채원,010-4117-5326,자영업,52
USER_4760,오서윤,010-9643-2645,주부,36
USER_4764,김지혜,010-7353-7454,주부,67
USER_4765,한나영,010-3569-6166,무직,33
USER_4766,김우진,010-1244-3068,무직,21
USER_4767,임윤호,010-5853-5690,엔지니어,28
USER_4770,윤도현,010-7693-4218,프리랜서,63
USER_4772,조지우,010-2185-1706,공무원,34
USER_4773,박나영,010-5920-6978,직장인,52
USER_4774,김현우,010-9360-3490,주부,59
USER_4775,신우진,010-8714-5339,직장인,57
USER_4776,최우진,010-1513-1004,무직,26
USER_4777,박도현,010-2340-4062,자영업,46
USER_4778,윤채원,010-9892-4254,엔지니어,64
USER_4779,김지혜,010-5067-5234,직장인,24
USER_4780,윤채원,010-7063-8847,공무원,42
USER_4781,정지우,010-5222-7193,자영업,59
USER_4782,김민수,010-5873-6181,공무원,63
USER_4783,오윤호,010-1414-4247,자영업,34
USER_4785,한준호,010-5584-6539,전문직,51
USER_4786,임우진,010-3864-1003,대학생,60
USER_4788,이도현,010-9101-5618,대학생,62
USER_4789,조예진,010-3425-8234,전문직,35
USER_4790,오윤호,010-1524-7501,대학생,30
USER_4791,장지우,010-6198-3454,직장인,28
USER_4792,박준호,010-2160-6901,엔지니어,54
USER_4799,강지우,010-8877-4891,직장인,24
USER_4801,윤준호,010-4120-3776,프리랜서,45
USER_4802,서나영,010-4148-9708,엔지니어,44
USER_4803,김지혜,010-2067-6596,직장인,68
USER_4805,장현우,010-2108-9184,직장인,57
USER_4806,장준호,010-4916-9153,공무원,58
USER_4807,장채원,010-5685-8057,엔지니어,47
USER_4810,김윤호,010-3348-4146,프리랜서,48
USER_4811,최민수,010-9393-9624,자영업,29
USER_4812,한나영,010-1950-9718,프리랜서,42
USER_4814,오예진,010-4383-2468,직장인,47
USER_4815,김현우,010-8236-1213,무직,22
USER_4816,박윤호,010-6500-1293,대학생,23
USER_4817,서현우,010-6569-4041,프리랜서,46
USER_4818,장도현,010-2964-1511,주부,51
USER_4822,정현우,010-1053-4685,대학생,20
USER_4823,신도현,010-6181-9497,공무원,27
USER_4824,이현우,010-1604-5246,자영업,38
USER_4825,임예진,010-5293-6602,프리랜서,51
USER_4828,이현우,010-7717-2001,대학생,48
USER_4829,장지우,010-7853-8582,프리랜서,40
USER_4834,임하은,010-2550-7861,엔지니어,45
USER_4835,한채원,010-4165-5153,공무원,55
USER_4837,장준호,010-4520-9832,직장인,58
USER_4839,서민수,010-3631-1272,직장인,40
USER_4840,서예진,010-2092-3814,자영업,54
USER_4844,장민수,010-4459-8660,전문직,51
USER_4845,오준호,010-4761-3236,대학생,24
USER_4846,장예진,010-3578-7975,주부,46
USER_4847,오우진,010-5272-2214,전문직,54
USER_4850,오나영,010-3648-2557,무직,36
USER_4851,박예진,010-8309-1145,직장인,50
USER_4852,조하은,010-7075-5259,공무원,53
USER_4853,장민수,010-8788-5092,직장인,55
USER_4854,조준호,010-5485-9359,전문직,45
USER_4856,신지혜,010-6478-9138,대학생,58
USER_4857,이준호,010-7191-1413,프리랜서,32
USER_4860,조나영,010-5313-1051,자영업,68
USER_4861,장건우,010-3199-3926,프리랜서,56
USER_4862,한지혜,010-2071-1334,무직,40
USER_4865,임윤호,010-7942-9177,자영업,54
USER_4866,정채원,010-2653-1877,무직,52
USER_4869,조윤호,010-4690-5171,공무원,61
USER_4871,강예진,010-9100-6945,무직,66
USER_4873,한민수,010-3803-1068,주부,33
USER_4874,서지혜,010-1971-5725,공무원,37
USER_4875,오민수,010-3577-4893,무직,48
USER_4877,김하은,010-7971-2340,대학생,51
USER_4879,최도현,010-7186-2686,무직,22
USER_4880,오채원,010-3518-2711,엔지니어,27
USER_4883,정도현,010-8702-8435,엔지니어,38
USER_4886,정하은,010-5255-7013,대학생,21
USER_4888,윤나영,010-8302-4315,자영업,65
USER_4890,임하은,010-2639-8890,주부,38
USER_4893,신민수,010-4395-8116,자영업,67
USER_4894,정하은,010-9929-3957,대학생,29
USER_4895,장지혜,010-4496-2523,무직,21
USER_4896,강지혜,010-2170-9332,전문직,64
USER_4897,윤채원,010-6626-9161,프리랜서,54
USER_4898,정채원,010-3539-4602,프리랜서,53
USER_4899,정예진,010-6575-6870,공무원,67
USER_4900,이지우,010-1243-5171,자영업,45
USER_4902,장서윤,010-5454-2261,공무원,66
USER_4903,장현우,010-4649-5522,공무원,38
USER_4905,강민수,010-5137-1042,자영업,32
USER_4906,강민수,010-4382-6593,직장인,64
USER_4908,서나영,010-3537-5918,무직,39
USER_4909,윤하은,010-4344-8830,주부,59
USER_4911,정윤호,010-8587-3570,직장인,67
USER_4912,조준호,010-2935-6863,직장인,37
USER_4913,임채원,010-5680-2398,주부,41
USER_4914,윤예진,010-4039-7149,엔지니어,51
USER_4915,오준호,010-9781-3197,직장인,23
USER_4916,한서윤,010-7263-5082,대학생,24
USER_4917,조예진,010-3053-4641,자영업,60
USER_4918,한서윤,010-9561-7429,엔지니어,27
USER_4920,임예진,010-2154-9085,대학생,25
USER_4922,임서윤,010-5456-4872,직장인,52
USER_4925,박우진,010-1588-4094,직장인,38
USER_4926,박민수,010-4464-8380,직장인,30
USER_4928,신도현,010-2324-1099,대학생,61
USER_4932,서예진,010-6600-5861,프리랜서,65
USER_4934,장지우,010-6804-5227,엔지니어,28
USER_4935,이민수,010-6155-6257,공무원,59
USER_4936,이민수,010-5505-4389,주부,36
USER_4939,신현우,010-2776-7676,무직,67
USER_4941,서채원,010-8367-2130,전문직,35
USER_4942,서도현,010-4891-3767,엔지니어,68
USER_4943,김나영,010-4513-6535,프리랜서,42
USER_4944,최지혜,010-3341-8589,공무원,37
USER_4946,한서윤,010-8122-4552,자영업,38
USER_4947,김지우,010-3019-9105,직장인,60
USER_4948,오건우,010-4830-6421,대학생,58
USER_4953,조채원,010-7688-9674,전문직,26
USER_4954,최우진,010-8269-7448,대학생,59
USER_4956,조지혜,010-4779-1682,주부,26
USER_4957,장준호,010-2420-8700,대학생,30
USER_4958,한채원,010-2540-5991,대학생,30
USER_4959,신하은,010-4811-7028,주부,41
USER_4961,장지혜,010-6518-4540,공무원,35
USER_4963,서지혜,010-4118-2999,공무원,52
USER_4964,조지우,010-6381-9592,엔지니어,28
USER_4965,조채원,010-5642-1301,자영업,34
USER_4967,정준호,010-6961-8557,전문직,66
USER_4968,조현우,010-7030-3403,공무원,44
USER_4969,임나영,010-3929-9732,엔지니어,41
USER_4970,최지우,010-5314-9967,자영업,53
USER_4973,이하은,010-3689-8801,엔지니어,61
USER_4974,윤서윤,010-5926-2807,프리랜서,65
USER_4975,김채원,010-8891-2166,자영업,54
USER_4978,최서윤,010-3481-4294,대학생,42
USER_4983,한나영,010-1252-7748,무직,66
USER_4985,윤하은,010-8293-8774,엔지니어,31
USER_4986,임윤호,010-2934-2070,공무원,66
USER_4988,조윤호,010-8084-2937,주부,59
USER_4989,임건우,010-7452-1246,엔지니어,39
USER_4991,장하은,010-9877-4669,직장인,45
USER_4994,정나영,010-4679-4754,엔지니어,62
USER_4996,윤예진,010-4045-5696,엔지니어,37
USER_4997,정준호,010-1823-1712,엔지니어,41
USER_4998,김하은,010-9782-5939,프리랜서,27
USER_4999,최민수,010-9075-6355,프리랜서,28
USER_5000,신지혜,010-1118-4158,자영업,48
USER_5001,서우진,010-7038-2409,대학생,21
USER_5002,오서윤,010-8212-7440,자영업,42
USER_5003,박지혜,010-1115-9566,엔지니어,59
USER_5004,김예진,010-5678-9760,전문직,33
USER_5005,박우진,010-6206-8485,무직,23
USER_5006,오나영,010-8550-8320,대학생,62
USER_5008,최우진,010-8228-8068,전문직,47
USER_5009,최윤호,010-2144-9232,직장인,41
USER_5012,윤지혜,010-8776-3417,자영업,40
USER_5013,임건우,010-1237-6369,대학생,61
USER_5015,김예진,010-5060-3106,공무원,64
USER_5016,최민수,010-9705-7461,엔지니어,40
USER_5017,김서윤,010-2631-6435,전문직,35
USER_5018,박현우,010-5029-6162,프리랜서,39
USER_5019,신하은,010-6621-6248,대학생,20
USER_5020,신지혜,010-9211-6950,대학생,55
USER_5022,강우진,010-7982-1948,대학생,50
USER_5023,서우진,010-1404-8305,주부,46
USER_5025,신우진,010-8865-2087,무직,68
USER_5026,강서윤,010-3150-9921,엔지니어,51
USER_5027,신지혜,010-8167-5262,엔지니어,32
USER_5028,박윤호,010-1455-9173,자영업,32
USER_5029,윤채원,010-7171-7233,무직,50
USER_5030,윤현우,010-8929-6581,주부,53
USER_5031,조준호,010-8561-9007,공무원,32
USER_5033,이예진,010-2237-3838,자영업,40
USER_5035,임윤호,010-5397-5303,전문직,60
USER_5036,박도현,010-5390-5098,무직,41
USER_5039,강민수,010-3908-3738,자영업,39
USER_5041,김지혜,010-4945-3773,직장인,30
USER_5042,박민수,010-6623-2052,주부,33
USER_5043,한지우,010-5724-8485,대학생,68
USER_5044,한지우,010-7846-5385,직장인,21
USER_5045,강현우,010-1448-6287,무직,38
USER_5047,강지혜,010-2003-4505,무직,63
USER_5051,정서윤,010-3588-7928,전문직,35
USER_5052,오예진,010-3306-6515,무직,67
USER_5053,신채원,010-7639-4702,전문직,67
USER_5055,신건우,010-7510-2800,자영업,30
USER_5056,서윤호,010-7091-7941,대학생,25
USER_5057,임채원,010-7300-5146,대학생,23
USER_5059,김우진,010-5058-6082,전문직,31
USER_5061,김민수,010-2465-6157,공무원,54
USER_5062,임도현,010-4740-9339,대학생,65
USER_5063,김윤호,010-5367-6098,공무원,45
USER_5064,정지혜,010-3643-8370,엔지니어,51
USER_5066,장채원,010-4721-4620,엔지니어,60
USER_5067,한도현,010-7140-8001,전문직,67
USER_5068,강준호,010-6598-3501,엔지니어,55
USER_5069,장서윤,010-4727-1488,전문직,47
USER_5072,강민수,010-5097-8379,무직,33
USER_5076,장도현,010-2803-7247,직장인,23
USER_5078,최윤호,010-6376-5710,프리랜서,55
USER_5079,조현우,010-3599-5137,자영업,50
USER_5080,오나영,010-8620-1056,주부,60
USER_5081,정민수,010-4731-2031,주부,29
USER_5084,김서윤,010-6671-1012,공무원,32
USER_5085,이민수,010-1498-6081,직장인,32
USER_5086,서건우,010-6762-7327,엔지니어,58
USER_5087,이준호,010-3289-6754,주부,36
USER_5091,신도현,010-5441-2399,직장인,21
USER_5092,강서윤,010-4306-5914,프리랜서,30
USER_5096,오윤호,010-7921-1033,직장인,20
USER_5097,오예진,010-4697-4189,무직,28
USER_5099,이하은,010-7436-3012,주부,58
USER_5100,서나영,010-2285-9702,직장인,51
USER_5101,임민수,010-5645-1262,공무원,67
USER_5102,장지우,010-4382-6435,무직,44
USER_5104,이하은,010-7531-2824,직장인,49
USER_5106,정도현,010-8424-4703,무직,20
USER_5109,임서윤,010-4066-7115,직장인,66
USER_5110,윤민수,010-6780-2000,대학생,43
USER_5112,장지혜,010-7257-1944,자영업,61
USER_5113,신지우,010-7156-3895,전문직,62
USER_5115,조채원,010-6899-3449,프리랜서,45
USER_5117,장지우,010-8605-3375,무직,38
USER_5118,오하은,010-9954-4000,주부,50
USER_5119,이우진,010-3390-4430,무직,23
USER_5122,윤지혜,010-2046-3824,자영업,66
USER_5124,정예진,010-3574-4916,자영업,63
USER_5125,강현우,010-2426-6641,자영업,55
USER_5126,김우진,010-9485-7194,자영업,31
USER_5127,최나영,010-8490-6243,직장인,43
USER_5128,한현우,010-9958-3962,공무원,36
USER_5129,서민수,010-8462-2120,직장인,64
USER_5130,신우진,010-1297-9068,공무원,27
USER_5132,이서윤,010-2045-8831,공무원,45
USER_5133,윤건우,010-7592-2287,주부,39
USER_5134,정하은,010-9930-8241,주부,41
USER_5136,이나영,010-3977-7847,공무원,28
USER_5137,오현우,010-7615-3899,대학생,25
USER_5138,장윤호,010-6799-5821,직장인,66
USER_5140,신채원,010-6268-8106,프리랜서,53
USER_5143,최준호,010-3641-3045,자영업,53
USER_5144,정현우,010-7766-7369,프리랜서,56
USER_5146,신하은,010-8916-8114,주부,58
USER_5148,최민수,010-9946-7633,대학생,25
USER_5150,서나영,010-5109-8582,직장인,58
USER_5152,신예진,010-2056-5019,공무원,26
USER_5153,한건우,010-1351-7787,무직,60
USER_5155,강채원,010-8908-6503,직장인,68
USER_5156,서지우,010-1391-8910,주부,59
USER_5157,윤건우,010-4042-3965,공무원,43
USER_5163,신현우,010-9161-3093,공무원,26
USER_5164,장준호,010-9700-9440,대학생,44
USER_5166,정지우,010-5951-8159,대학생,26
USER_5167,오지우,010-4447-1298,직장인,45
USER_5168,최준호,010-8357-6795,대학생,26
USER_5171,최건우,010-3009-9223,직장인,22
USER_5172,이지우,010-8837-3838,직장인,25
USER_5175,한지우,010-4100-3707,공무원,56
USER_5176,장윤호,010-5766-7048,무직,42
USER_5178,정도현,010-2344-8589,자영업,50
USER_5179,서나영,010-4057-6003,대학생,49
USER_5181,박하은,010-4035-4267,무직,30
USER_5182,오윤호,010-2461-4040,엔지니어,38
USER_5183,조서윤,010-3517-2606,전문직,47
USER_5184,윤준호,010-2594-6487,직장인,60
USER_5187,윤서윤,010-3954-8700,직장인,51
USER_5188,윤준호,010-4230-1722,전문직,32
USER_5189,신민수,010-1223-8387,대학생,20
USER_5190,신서윤,010-4071-6629,전문직,41
USER_5191,박지우,010-4222-6333,주부,32
USER_5192,장준호,010-6631-7500,직장인,63
USER_5193,강나영,010-6132-2694,전문직,65
USER_5194,최나영,010-4990-9383,무직,46
USER_5196,박민수,010-6295-8143,주부,62
USER_5197,한윤호,010-6363-5134,엔지니어,67
USER_5200,윤현우,010-6201-4816,전문직,53
USER_5201,임우진,010-3760-1882,엔지니어,38
USER_5202,강도현,010-1011-2217,전문직,56
USER_5203,김건우,010-4710-6156,무직,58
USER_5204,최하은,010-1454-3435,무직,23
USER_5209,윤지우,010-3588-8614,주부,65
USER_5215,윤준호,010-2550-7911,전문직,30
USER_5216,강윤호,010-9171-3212,자영업,41
USER_5218,강현우,010-9573-8321,대학생,39
USER_5219,박민수,010-8078-5714,자영업,29
USER_5220,오서윤,010-9402-9156,직장인,50
USER_5221,서준호,010-2196-3221,엔지니어,28
USER_5222,임채원,010-8719-1573,주부,53
USER_5223,박하은,010-6346-1831,공무원,33
USER_5225,한채원,010-3879-5823,주부,67
USER_5226,오건우,010-7717-1516,주부,43
USER_5227,박나영,010-7619-3568,공무원,38
USER_5228,서준호,010-7214-5264,공무원,44
USER_5229,윤준호,010-6970-7677,직장인,60
USER_5230,임준호,010-6778-9424,엔지니어,37
USER_5231,장도현,010-9425-3971,무직,30
USER_5232,정하은,010-3382-7764,전문직,43
USER_5233,한민수,010-3889-7585,프리랜서,44
USER_5234,최윤호,010-8844-5707,직장인,32
USER_5236,이지혜,010-1991-4068,공무원,55
USER_5238,장준호,010-1614-5348,프리랜서,34
USER_5240,이예진,010-5442-7294,자영업,61
USER_5241,이민수,010-9582-9746,공무원,31
USER_5242,오나영,010-2585-4537,직장인,36
USER_5243,한민수,010-6262-4940,전문직,47
USER_5244,서채원,010-3439-8674,전문직,44
USER_5246,서준호,010-6129-9625,엔지니어,42
USER_5248,한준호,010-3344-9846,대학생,60
USER_5251,이지우,010-8611-2346,프리랜서,49
USER_5252,이나영,010-8326-9677,무직,43
USER_5257,신예진,010-1824-6377,무직,68
USER_5258,서하은,010-4823-3533,프리랜서,51
USER_5261,임나영,010-1600-9989,직장인,63
USER_5262,윤서윤,010-5597-6363,전문직,46
USER_5263,최건우,010-7229-9608,공무원,45
USER_5265,조지우,010-1307-6425,프리랜서,60
USER_5266,서예진,010-2058-1823,직장인,52
USER_5267,박하은,010-6632-1425,대학생,22
USER_5268,정현우,010-8220-6116,대학생,50
USER_5269,김하은,010-6844-2528,전문직,58
USER_5270,한지우,010-8171-5345,프리랜서,54
USER_5271,서나영,010-8456-9767,직장인,45
USER_5272,한건우,010-8382-1111,전문직,36
USER_5273,임지혜,010-1817-3271,무직,50
USER_5274,박하은,010-6437-6115,주부,46
USER_5275,박현우,010-9588-6477,프리랜서,53
USER_5276,박건우,010-3317-6675,주부,41
USER_5277,강준호,010-4961-8582,대학생,26
USER_5278,조지우,010-8586-1504,프리랜서,54
USER_5279,이예진,010-8892-5551,직장인,53
USER_5281,신도현,010-9459-6326,자영업,38
USER_5282,한윤호,010-9162-3954,전문직,48
USER_5283,강건우,010-7130-3454,무직,22
USER_5284,박준호,010-7139-1268,전문직,34
USER_5286,오예진,010-8219-5443,전문직,46
USER_5290,윤우진,010-2191-9923,무직,50
USER_5292,서하은,010-3112-3926,자영업,32
USER_5293,이우진,010-3296-3546,프리랜서,58
USER_5295,정준호,010-9645-5727,프리랜서,63
USER_5297,임현우,010-7725-2795,무직,30
USER_5298,정서윤,010-5065-9241,전문직,67
USER_5299,한우진,010-7287-2781,엔지니어,46
USER_5301,임예진,010-3358-9565,주부,46
USER_5303,신윤호,010-8113-3962,프리랜서,46
USER_5305,오예진,010-5905-1746,엔지니어,34
USER_5306,강윤호,010-8231-8106,전문직,37
USER_5307,이채원,010-4580-4431,대학생,33
USER_5308,한나영,010-7625-4526,자영업,58
USER_5311,박준호,010-5767-7856,자영업,65
USER_5312,조민수,010-9386-4957,엔지니어,59
USER_5314,임나영,010-5680-7130,대학생,21
USER_5315,김서윤,010-4639-9530,대학생,25
USER_5317,강현우,010-9011-7185,엔지니어,33
USER_5318,박준호,010-5741-2308,직장인,59
USER_5319,장예진,010-7006-5833,자영업,34
USER_5320,오서윤,010-1605-3381,공무원,40
USER_5322,최우진,010-4810-4978,엔지니어,49
USER_5323,장윤호,010-7670-3534,전문직,61
USER_5324,신채원,010-3257-2278,프리랜서,27
USER_5325,임건우,010-9345-3805,자영업,47
USER_5329,윤현우,010-7909-2107,주부,53
USER_5330,장현우,010-2539-9909,주부,39
USER_5331,정건우,010-2484-8100,직장인,34
USER_5332,오우진,010-2901-9443,프리랜서,61
USER_5333,윤윤호,010-6953-8339,자영업,26
USER_5334,최예진,010-2172-1913,엔지니어,47
USER_5336,강나영,010-3041-4492,대학생,56
USER_5337,윤채원,010-9213-6162,자영업,45
USER_5338,이윤호,010-1603-1695,직장인,53
USER_5344,서현우,010-8146-2114,무직,53
USER_5345,이민수,010-7132-6065,전문직,64
USER_5348,신지혜,010-4058-2091,주부,28
USER_5349,강윤호,010-1537-6854,프리랜서,64
USER_5350,임윤호,010-4299-7614,프리랜서,46
USER_5352,신지혜,010-7108-3593,직장인,30
USER_5353,강도현,010-1719-8369,프리랜서,48
USER_5355,장나영,010-8145-4261,직장인,49
USER_5357,김민수,010-3949-4541,자영업,59
USER_5358,한서윤,010-9623-1685,직장인,24
USER_5359,한건우,010-9341-7232,전문직,56
USER_5362,오준호,010-3387-9527,엔지니어,46
USER_5364,박우진,010-9771-1178,전문직,68
USER_5365,강우진,010-7476-9724,무직,25
USER_5366,박지우,010-7434-4050,무직,60
USER_5367,신윤호,010-4236-9300,프리랜서,46
USER_5368,정지혜,010-2701-3475,전문직,57
USER_5369,오건우,010-3821-4991,대학생,23
USER_5370,이민수,010-6505-7901,직장인,21
USER_5372,김도현,010-9799-3143,엔지니어,38
USER_5373,한준호,010-2465-1927,직장인,54
USER_5374,임지우,010-5221-7510,엔지니어,46
USER_5377,윤나영,010-7804-5669,엔지니어,32
USER_5378,이하은,010-1645-4254,자영업,44
USER_5379,임서윤,010-2569-2250,무직,48
USER_5380,강채원,010-4174-3029,자영업,63
USER_5381,장윤호,010-2070-9661,공무원,64
USER_5382,조하은,010-1304-3634,주부,60
USER_5384,임예진,010-1081-9153,전문직,47
USER_5385,정건우,010-1147-9082,대학생,21
USER_5386,최도현,010-8172-4880,대학생,35
USER_5387,한현우,010-1364-7967,전문직,37
USER_5389,조지우,010-4769-5708,직장인,57
USER_5391,이채원,010-9990-2065,공무원,66
USER_5392,조도현,010-9566-9792,주부,50
USER_5393,임지우,010-1515-5228,주부,40
USER_5394,장지우,010-8780-3445,프리랜서,46
USER_5395,최우진,010-9690-4166,자영업,63
USER_5396,조하은,010-2226-3156,주부,67
USER_5398,장예진,010-9776-4810,무직,67
USER_5399,서서윤,010-2372-4099,직장인,29
USER_5401,최현우,010-1759-8398,엔지니어,55
USER_5404,오도현,010-5525-5334,주부,44
USER_5405,최지우,010-4129-8152,대학생,23
USER_5406,윤민수,010-1788-4783,엔지니어,42
USER_5407,박도현,010-6743-5493,무직,24
USER_5408,서건우,010-5639-6870,무직,57
USER_5409,이하은,010-4333-3796,프리랜서,27
USER_5410,윤지혜,010-7077-7586,무직,24
USER_5411,김나영,010-8139-4477,전문직,61
USER_5412,정민수,010-3141-2450,주부,55
USER_5413,장도현,010-6860-2918,엔지니어,66
USER_5414,조하은,010-2941-7880,대학생,48
USER_5415,신나영,010-6853-7922,직장인,24
USER_5416,이지혜,010-2267-7141,대학생,53
USER_5417,오준호,010-5359-5001,전문직,54
USER_5419,오채원,010-4900-5935,프리랜서,38
USER_5420,이하은,010-7876-5036,공무원,41
USER_5421,서건우,010-1724-1286,자영업,62
USER_5422,조현우,010-4049-7872,대학생,58
USER_5424,임하은,010-4419-8791,자영업,60
USER_5425,서지우,010-2898-2074,프리랜서,50
USER_5427,임준호,010-9054-2948,전문직,42
USER_5428,한도현,010-9563-3695,대학생,24
USER_5429,임채원,010-3046-9989,무직,24
USER_5430,조채원,010-8382-5661,엔지니어,55
USER_5431,오나영,010-6881-4454,전문직,62
USER_5432,박지혜,010-2603-4457,대학생,21
USER_5433,신우진,010-5751-3306,공무원,46
USER_5435,최서윤,010-5265-4148,대학생,50
USER_5437,신지혜,010-4145-7730,대학생,52
USER_5438,이준호,010-9875-8737,엔지니어,53
USER_5439,오지우,010-4163-8396,직장인,25
USER_5441,서우진,010-5321-7596,대학생,26
USER_5442,정민수,010-4018-9726,자영업,29
USER_5445,서건우,010-5530-9628,전문직,57
USER_5446,강채원,010-9712-3431,직장인,25
USER_5447,한건우,010-2233-8408,무직,28
USER_5448,조채원,010-8414-9756,전문직,31
USER_5450,신예진,010-6896-8604,대학생,24
USER_5452,한도현,010-1641-3715,대학생,44
USER_5455,정채원,010-1998-1882,엔지니어,63
USER_5457,박도현,010-7556-1479,무직,23
USER_5458,서도현,010-6800-7700,자영업,65
USER_5460,정건우,010-1942-1708,직장인,35
USER_5461,이윤호,010-6083-3658,무직,34
USER_5462,정현우,010-4486-4108,전문직,54
USER_5463,오우진,010-6634-7315,전문직,47
USER_5464,윤지우,010-8318-8156,전문직,61
USER_5465,최하은,010-8314-7716,대학생,55
USER_5466,최하은,010-1245-6117,공무원,34
USER_5468,장예진,010-9500-2496,직장인,46
USER_5470,조준호,010-8955-5027,직장인,53
USER_5473,정현우,010-6455-7941,전문직,56
USER_5474,임민수,010-1627-9755,공무원,43
USER_5475,장나영,010-4416-4299,무직,59
USER_5476,한민수,010-1818-9285,대학생,42
USER_5477,박민수,010-7450-3567,엔지니어,30
USER_5479,최하은,010-3205-7904,공무원,67
USER_5480,김지혜,010-5738-3998,주부,56
USER_5481,장도현,010-3392-4740,공무원,48
USER_5482,최건우,010-6401-8530,엔지니어,66
USER_5483,장민수,010-5305-7022,엔지니어,39
USER_5486,이현우,010-8531-4984,공무원,34
USER_5488,정도현,010-8002-8708,공무원,34
USER_5490,이지우,010-6397-3707,직장인,58
USER_5493,신건우,010-9081-2127,직장인,35
USER_5494,한지우,010-5999-5584,자영업,29
USER_5495,박민수,010-8207-6773,프리랜서,50
USER_5496,윤윤호,010-6389-6457,주부,42
USER_5497,한지우,010-5304-1155,무직,38
USER_5498,장민수,010-2937-5742,공무원,64
USER_5499,강건우,010-5800-4787,대학생,41
USER_5500,오나영,010-5272-5277,직장인,61
USER_5503,이나영,010-1817-3634,무직,23
USER_5505,한윤호,010-6144-9869,공무원,29
USER_5507,장우진,010-6721-9233,대학생,52
USER_5508,오채원,010-2408-7627,대학생,23
USER_5509,최현우,010-9897-9759,대학생,22
USER_5510,임윤호,010-8428-9938,무직,25
USER_5512,윤예진,010-9768-5361,엔지니어,29
USER_5513,신채원,010-4601-5836,자영업,29
USER_5514,서지혜,010-6040-4735,무직,59
USER_5516,오채원,010-1707-5491,주부,27
USER_5517,김채원,010-7489-7936,엔지니어,33
USER_5518,윤민수,010-9362-2677,공무원,57
USER_5520,조하은,010-4711-1219,무직,63
USER_5521,정윤호,010-7755-6272,자영업,60
USER_5522,윤지혜,010-6161-1081,대학생,50
USER_5523,조우진,010-9534-8642,주부,29
USER_5524,이지혜,010-2235-4159,엔지니어,55
USER_5529,오건우,010-5961-3014,자영업,26
USER_5530,서도현,010-9229-9792,직장인,59
USER_5531,정지우,010-2766-8915,프리랜서,42
USER_5534,임채원,010-1093-2911,주부,29
USER_5535,오서윤,010-8518-7723,엔지니어,46
USER_5536,박민수,010-8925-7369,직장인,49
USER_5537,장하은,010-1331-9912,프리랜서,26
USER_5539,조예진,010-4682-9798,프리랜서,27
USER_5541,장민수,010-4985-6298,주부,55
USER_5542,강채원,010-4081-4815,공무원,56
USER_5543,오준호,010-1561-6253,공무원,53
USER_5544,정준호,010-3452-1443,무직,56
USER_5546,윤나영,010-9323-9817,무직,26
USER_5547,김지혜,010-3402-7832,무직,25
USER_5548,박건우,010-9966-3878,엔지니어,67
USER_5549,이지우,010-3202-6731,직장인,68
USER_5550,서예진,010-8103-6894,무직,58
USER_5551,박지우,010-2451-7515,주부,28
USER_5552,박준호,010-6071-2185,엔지니어,51
USER_5553,정예진,010-7287-4728,자영업,44
USER_5554,장윤호,010-8027-9009,대학생,63
USER_5556,오채원,010-2872-2534,직장인,22
USER_5557,한우진,010-4721-4288,대학생,24
USER_5558,임채원,010-2820-4176,주부,30
USER_5559,김나영,010-3669-4378,공무원,31
USER_5560,강하은,010-4299-6640,자영업,29
USER_5561,조민수,010-7168-8794,대학생,55
USER_5562,이현우,010-8904-4508,엔지니어,34
USER_5563,신민수,010-8296-3486,직장인,21
USER_5565,김채원,010-4248-1318,대학생,20
USER_5566,신지우,010-7120-8005,엔지니어,51
USER_5569,김하은,010-3647-5445,대학생,24
USER_5573,김지우,010-8954-5268,무직,36
USER_5574,오준호,010-9258-2177,무직,29
USER_5575,정윤호,010-7870-8237,공무원,63
USER_5576,오준호,010-2477-6533,자영업,43
USER_5577,한도현,010-1705-7701,대학생,37
USER_5578,신채원,010-9889-6115,자영업,38
USER_5579,신현우,010-6607-6018,대학생,65
USER_5581,임서윤,010-1416-1727,전문직,46
USER_5584,이하은,010-7792-9868,주부,60
USER_5586,최윤호,010-1295-6939,직장인,56
USER_5587,김지우,010-8624-2185,무직,20
USER_5588,이민수,010-1146-2639,대학생,31
USER_5589,이채원,010-4789-2129,직장인,56
USER_5592,한윤호,010-2522-5948,프리랜서,30
USER_5594,신서윤,010-9451-6202,엔지니어,26
USER_5596,조도현,010-3829-9633,무직,47
USER_5597,서준호,010-8539-1044,프리랜서,48
USER_5598,정지혜,010-7906-8332,전문직,64
USER_5599,신윤호,010-5508-1737,대학생,67
USER_5600,신건우,010-9856-4488,대학생,21
USER_5601,강나영,010-8688-9505,전문직,40
USER_5602,이윤호,010-9336-8458,직장인,23
USER_5605,오지우,010-4040-4476,공무원,47
USER_5606,서준호,010-3087-2030,대학생,20
USER_5608,최건우,010-9895-4505,대학생,60
USER_5609,오지우,010-9157-7929,프리랜서,34
USER_5611,오하은,010-6045-9193,공무원,50
USER_5613,강예진,010-2641-1772,프리랜서,28
USER_5614,김준호,010-8221-6460,프리랜서,29
USER_5617,최도현,010-7257-8918,프리랜서,47
USER_5618,오채원,010-1829-6989,전문직,53
USER_5620,한서윤,010-1665-5315,공무원,48
USER_5621,임나영,010-6181-5199,자영업,45
USER_5622,강하은,010-8986-5116,엔지니어,31
USER_5624,정채원,010-3846-2144,엔지니어,44
USER_5628,조서윤,010-1380-7353,주부,58
USER_5629,오지혜,010-3743-2162,프리랜서,66
USER_5630,조현우,010-2531-2095,엔지니어,53
USER_5632,임서윤,010-6421-1822,전문직,66
USER_5633,김채원,010-6503-2247,주부,64
USER_5634,최채원,010-2695-7541,공무원,50
USER_5635,박도현,010-7575-1168,프리랜서,26
USER_5636,임채원,010-3494-3336,공무원,53
USER_5637,서채원,010-6840-9730,주부,49
USER_5638,조서윤,010-5206-1121,프리랜서,49
USER_5640,임서윤,010-6087-1595,전문직,29
USER_5641,신도현,010-5480-9782,무직,51
USER_5643,장윤호,010-7116-1326,프리랜서,33
USER_5644,신준호,010-2674-9034,전문직,32
USER_5645,서현우,010-2405-5653,직장인,20
USER_5646,임도현,010-4325-9096,자영업,28
USER_5647,신하은,010-8068-9918,직장인,64
USER_5651,김우진,010-4950-2408,직장인,22
USER_5655,정지우,010-1012-6228,엔지니어,68
USER_5656,박도현,010-5438-3758,직장인,43
USER_5657,윤현우,010-4989-4033,프리랜서,53
USER_5658,한채원,010-1416-9429,전문직,62
USER_5660,신지우,010-5551-4633,직장인,52
USER_5661,오준호,010-9699-2791,공무원,53
USER_5664,박윤호,010-6623-4531,대학생,41
USER_5665,오예진,010-6971-4954,무직,26
USER_5667,장하은,010-3998-6963,프리랜서,61
USER_5668,한하은,010-3337-5519,대학생,23
USER_5671,한지혜,010-5221-9637,무직,26
USER_5673,이준호,010-5100-4753,전문직,35
USER_5675,조채원,010-4319-8250,무직,44
USER_5679,정지혜,010-7195-4581,공무원,60
USER_5681,신도현,010-2730-4101,자영업,28
USER_5682,오건우,010-7931-7456,대학생,20
USER_5683,정민수,010-9418-5861,직장인,24
USER_5686,강준호,010-9879-2900,전문직,64
USER_5687,박지우,010-9932-9894,공무원,58
USER_5688,서건우,010-7452-1659,공무원,54
USER_5689,서민수,010-1993-7920,공무원,37
USER_5690,한우진,010-2735-1295,공무원,57
USER_5691,오예진,010-8143-3401,프리랜서,51
USER_5695,오채원,010-9957-7387,직장인,33
USER_5696,장예진,010-8284-5869,직장인,24
USER_5697,오민수,010-2779-4129,공무원,49
USER_5698,김지우,010-2841-9327,공무원,36
USER_5699,오준호,010-5561-3989,프리랜서,60
USER_5700,서지우,010-4718-5572,대학생,53
USER_5702,정지혜,010-8100-2261,주부,47
USER_5704,강지우,010-8942-3437,대학생,57
USER_5705,장우진,010-7373-7335,엔지니어,36
USER_5708,서우진,010-1321-7614,무직,62
USER_5709,강준호,010-5635-7553,주부,55
USER_5710,한윤호,010-4396-1330,프리랜서,52
USER_5713,서서윤,010-5910-7415,공무원,34
USER_5714,최지우,010-7400-1333,무직,22
USER_5715,임현우,010-8061-3621,공무원,65
USER_5716,임윤호,010-4310-6186,자영업,42
USER_5717,강민수,010-9974-2329,프리랜서,29
USER_5718,조하은,010-1217-5669,무직,24
USER_5719,장나영,010-7586-2114,직장인,23
USER_5720,한지혜,010-8389-2536,엔지니어,39
USER_5722,한지우,010-7428-8112,엔지니어,51
USER_5723,박도현,010-6810-3226,대학생,36
USER_5724,임서윤,010-3994-1303,공무원,68
USER_5725,정도현,010-7684-1423,직장인,35
USER_5726,박현우,010-2263-2736,무직,30
USER_5727,박지혜,010-3978-1461,대학생,59
USER_5728,서서윤,010-9125-5184,주부,26
USER_5730,윤채원,010-9796-9885,대학생,25
USER_5731,강채원,010-9904-9429,공무원,62
USER_5733,김준호,010-8319-4399,직장인,52
USER_5734,서채원,010-6411-6585,직장인,54
USER_5735,김지혜,010-4343-5467,직장인,20
USER_5737,윤지혜,010-5686-4537,공무원,60
USER_5738,서지우,010-1922-8484,엔지니어,59
USER_5739,강현우,010-9732-4593,무직,21
USER_5740,이하은,010-5684-3678,직장인,24
USER_5741,임민수,010-7878-3374,대학생,21
USER_5744,정준호,010-3250-8158,직장인,47
USER_5745,윤윤호,010-2112-1848,엔지니어,55
USER_5746,조지혜,010-3658-4815,자영업,53
USER_5747,윤건우,010-6469-4827,전문직,49
USER_5748,강나영,010-8921-3960,공무원,35
USER_5749,이민수,010-4113-6400,무직,20
USER_5751,정지혜,010-7237-7117,프리랜서,53
USER_5752,오예진,010-3404-2125,프리랜서,67
USER_5753,서예진,010-6594-4124,프리랜서,52
USER_5754,신채원,010-7475-7098,대학생,20
USER_5756,신지혜,010-6119-3492,대학생,53
USER_5757,조예진,010-4808-1635,프리랜서,38
USER_5758,한채원,010-8529-6030,대학생,66
USER_5759,강나영,010-9426-5259,공무원,54
USER_5760,이민수,010-1832-1167,직장인,25
USER_5762,신윤호,010-6472-4400,직장인,68
USER_5763,윤지혜,010-4542-2956,직장인,23
USER_5764,장민수,010-8713-4529,공무원,37
USER_5765,오지혜,010-8204-6064,직장인,40
USER_5766,강도현,010-5493-6394,엔지니어,43
USER_5767,장윤호,010-2180-4404,주부,59
USER_5769,한우진,010-1002-3007,전문직,46
USER_5770,임예진,010-4862-8701,대학생,38
USER_5771,임예진,010-8996-6049,직장인,22
USER_5772,윤도현,010-1370-7493,전문직,47
USER_5773,서현우,010-1001-2857,무직,57
USER_5774,장지혜,010-7540-2783,엔지니어,60
USER_5775,최민수,010-4209-8772,자영업,36
USER_5777,정준호,010-3045-7759,프리랜서,34
USER_5779,신준호,010-5191-3286,직장인,32
USER_5781,한건우,010-7029-8626,프리랜서,48
USER_5782,이윤호,010-6040-4745,직장인,68
USER_5785,조나영,010-2695-2862,프리랜서,66
USER_5786,조채원,010-9154-5198,공무원,49
USER_5787,장나영,010-9394-7990,자영업,66
USER_5789,김건우,010-3117-6972,엔지니어,54
USER_5792,한나영,010-7350-7171,주부,50
USER_5793,임하은,010-1728-2535,자영업,65
USER_5794,서서윤,010-4139-4355,엔지니어,31
USER_5795,최채원,010-8912-9023,전문직,53
USER_5796,김하은,010-9010-2807,자영업,29
USER_5797,한도현,010-9796-3614,프리랜서,65
USER_5800,윤예진,010-2245-8857,무직,58
USER_5801,서하은,010-3843-7804,무직,24
USER_5803,조나영,010-7830-7977,주부,58
USER_5804,이우진,010-4176-1494,자영업,40
USER_5806,장지혜,010-5408-9879,주부,43
USER_5807,윤건우,010-3131-2656,자영업,29
USER_5808,강도현,010-5651-7616,공무원,49
USER_5809,박예진,010-1421-6534,주부,47
USER_5811,임도현,010-9070-1502,전문직,53
USER_5812,이민수,010-9474-5618,직장인,28
USER_5813,정건우,010-2655-8690,직장인,23
USER_5814,임건우,010-9903-3723,직장인,40
USER_5815,박채원,010-6146-6406,대학생,30
USER_5816,정지혜,010-8883-7392,자영업,27
USER_5820,장윤호,010-5309-2023,전문직,44
USER_5822,임채원,010-3326-7219,무직,59
USER_5826,신채원,010-4592-7706,공무원,50
USER_5827,조도현,010-3133-7392,엔지니어,57
USER_5828,이준호,010-1019-4669,전문직,43
USER_5830,장예진,010-7021-4596,대학생,22
USER_5832,최도현,010-7693-7851,대학생,54
USER_5833,서민수,010-9350-4906,엔지니어,27
USER_5835,정우진,010-1648-3239,자영업,63
USER_5842,이현우,010-9173-3375,무직,24
USER_5843,최하은,010-6800-3324,공무원,54
USER_5844,박현우,010-5113-4670,주부,58
USER_5845,이민수,010-4997-5986,대학생,30
USER_5847,박도현,010-2637-7756,프리랜서,28
USER_5850,이예진,010-3902-5813,주부,68
USER_5851,박지혜,010-2191-3855,공무원,36
USER_5852,정현우,010-8780-9061,엔지니어,53
USER_5853,신민수,010-3835-2113,프리랜서,42
USER_5854,장민수,010-6500-2705,엔지니어,28
USER_5856,장예진,010-7720-6471,무직,58
USER_5857,이준호,010-9197-4298,주부,50
USER_5858,정지우,010-2902-8399,대학생,49
USER_5861,오준호,010-2692-9305,프리랜서,44
USER_5862,오지우,010-3313-2760,전문직,53
USER_5865,최윤호,010-9469-6301,자영업,38
USER_5866,조준호,010-7113-2055,전문직,59
USER_5869,신지혜,010-1217-1961,주부,27
USER_5870,이우진,010-9451-8101,무직,40
USER_5871,신하은,010-6208-6989,무직,26
USER_5872,오건우,010-2479-3279,공무원,33
USER_5873,김도현,010-3124-3631,공무원,43
USER_5874,조윤호,010-2487-3189,직장인,20
USER_5875,서윤호,010-9765-8395,주부,68
USER_5876,박윤호,010-3936-4872,대학생,34
USER_5877,한건우,010-6893-9131,엔지니어,34
USER_5878,정건우,010-5801-2653,주부,35
USER_5881,정민수,010-3242-4208,대학생,21
USER_5882,임나영,010-1962-8549,엔지니어,43
USER_5883,이윤호,010-2676-6564,프리랜서,63
USER_5884,이윤호,010-9022-5578,엔지니어,47
USER_5886,김채원,010-1344-5238,대학생,20
USER_5888,서민수,010-5490-8121,전문직,61
USER_5889,이도현,010-5669-7697,프리랜서,59
USER_5891,한예진,010-8061-5227,공무원,59
USER_5892,오지혜,010-1740-8346,엔지니어,66
USER_5894,신도현,010-4298-3558,전문직,66
USER_5895,서지혜,010-7933-9268,자영업,57
USER_5896,장민수,010-3806-3370,자영업,32
USER_5897,이지우,010-4802-8248,공무원,63
USER_5899,신건우,010-7001-9871,프리랜서,36
USER_5900,김준호,010-8080-4734,대학생,44
USER_5902,이건우,010-3042-5998,대학생,32
USER_5903,김현우,010-4515-7713,직장인,67
USER_5904,박서윤,010-3844-9349,대학생,49
USER_5908,이채원,010-9830-1086,무직,26
USER_5910,이지우,010-3156-7658,엔지니어,45
USER_5911,오현우,010-4016-5037,공무원,67
USER_5914,이우진,010-5399-4038,직장인,38
USER_5916,이서윤,010-8481-3705,무직,33
USER_5917,이도현,010-9414-1305,주부,35
USER_5918,오채원,010-8792-9353,자영업,56
USER_5919,김민수,010-2761-8913,대학생,53
USER_5921,조도현,010-4640-9246,자영업,52
USER_5922,장우진,010-4796-7501,무직,59
USER_5924,한도현,010-2063-8856,주부,47
USER_5925,강예진,010-1634-3796,전문직,44
USER_5927,임지혜,010-7058-2139,공무원,52
USER_5928,최준호,010-1842-7298,프리랜서,47
USER_5931,신나영,010-1166-1846,직장인,61
USER_5933,조우진,010-4278-8895,대학생,30
USER_5934,박지혜,010-9991-2920,직장인,23
USER_5935,장현우,010-4750-6585,무직,21
USER_5936,박준호,010-9040-6317,프리랜서,32
USER_5937,한지혜,010-5068-2169,엔지니어,33
USER_5938,정민수,010-5956-8219,프리랜서,36
USER_5941,강윤호,010-4611-7518,프리랜서,59
USER_5942,이준호,010-9969-7186,자영업,32
USER_5943,김서윤,010-6514-1176,전문직,67
USER_5944,오나영,010-7738-1208,대학생,39
USER_5945,조예진,010-2094-1926,대학생,26
USER_5947,윤윤호,010-2482-5456,엔지니어,52
USER_5948,임예진,010-2482-7008,직장인,35
USER_5949,윤건우,010-2435-2696,공무원,34
USER_5951,신나영,010-6376-2616,공무원,49
USER_5952,서윤호,010-6162-4518,무직,67
USER_5956,윤지혜,010-5870-4885,엔지니어,50
USER_5957,박지우,010-1960-5775,공무원,53
USER_5958,오나영,010-5557-6814,무직,56
USER_5959,조나영,010-3478-8246,대학생,43
USER_5960,서지혜,010-5620-3081,직장인,45
USER_5961,정우진,010-8971-4344,무직,54
USER_5963,강나영,010-1303-2312,엔지니어,60
USER_5965,강서윤,010-2066-7014,전문직,52
USER_5973,윤지혜,010-3871-2588,공무원,54
USER_5974,윤하은,010-2869-2956,프리랜서,66
USER_5975,박현우,010-1857-4329,프리랜서,40
USER_5976,조윤호,010-1636-4922,무직,26
USER_5978,김현우,010-3752-7352,전문직,28
USER_5979,윤윤호,010-2145-3347,주부,31
USER_5980,서도현,010-1896-6784,대학생,25
USER_5981,이민수,010-3744-4550,무직,54
USER_5982,오도현,010-6623-4014,엔지니어,27
USER_5983,박서윤,010-2188-5583,주부,43
USER_5987,신하은,010-3523-8974,엔지니어,31
USER_5988,오지혜,010-7324-1137,공무원,65
USER_5992,임건우,010-9969-3201,주부,28
USER_5993,신현우,010-2573-2212,직장인,20
USER_5994,강예진,010-9893-8138,전문직,47
USER_5997,강지우,010-1885-7529,대학생,53
USER_5999,조현우,010-9451-4234,대학생,55
USER_6000,조도현,010-5860-4400,직장인,54
USER_6002,윤하은,010-1759-5838,자영업,53
USER_6003,박건우,010-1450-4315,대학생,35
USER_6005,이민수,010-9301-6900,대학생,21
USER_6006,이윤호,010-4811-5575,직장인,33
USER_6008,임건우,010-3071-8334,직장인,45
USER_6009,한도현,010-6196-1696,대학생,33
USER_6010,박현우,010-1064-7065,무직,54
USER_6012,한지혜,010-3860-7008,대학생,49
USER_6013,강서윤,010-6127-3619,공무원,47
USER_6014,강서윤,010-1214-2565,전문직,39
USER_6015,이윤호,010-9225-2053,직장인,28
USER_6016,서현우,010-7114-2949,자영업,64
USER_6017,박나영,010-1440-3916,엔지니어,50
USER_6018,장나영,010-6007-8308,프리랜서,43
USER_6019,김건우,010-7809-8118,주부,53
USER_6020,이하은,010-8177-3183,대학생,47
USER_6022,신준호,010-1605-3879,대학생,56
USER_6023,신우진,010-4274-5222,전문직,29
USER_6024,한도현,010-2273-7626,주부,32
USER_6026,최서윤,010-7398-9060,전문직,65
USER_6027,김윤호,010-2183-7545,직장인,66
USER_6028,한건우,010-5455-9066,대학생,30
USER_6029,조나영,010-8407-7743,직장인,65
USER_6032,정채원,010-6058-4478,전문직,28
USER_6034,조현우,010-6397-6608,무직,55
USER_6035,강예진,010-4411-5578,자영업,66
USER_6036,박도현,010-8908-3118,엔지니어,28
USER_6039,강예진,010-3365-2167,엔지니어,40
USER_6040,김지우,010-8049-9647,주부,48
USER_6041,윤나영,010-2443-1507,자영업,37
USER_6042,김나영,010-4579-3368,대학생,23
USER_6043,신우진,010-6066-6627,주부,46
USER_6044,신서윤,010-5316-7527,대학생,62
USER_6046,강지혜,010-8646-7002,프리랜서,65
USER_6047,정현우,010-2443-8269,대학생,25
USER_6048,김민수,010-6944-6247,대학생,29
USER_6049,조도현,010-3466-7687,전문직,36
USER_6050,조건우,010-9052-8008,엔지니어,28
USER_6051,윤윤호,010-9021-6637,프리랜서,41
USER_6053,신지혜,010-1114-6131,프리랜서,43
USER_6055,신예진,010-5485-2741,무직,52
USER_6056,강민수,010-7538-2644,대학생,46
USER_6057,조하은,010-2549-5879,주부,30
USER_6058,강준호,010-5964-3849,직장인,20
USER_6059,박준호,010-6225-1585,대학생,28
USER_6060,조나영,010-2460-8662,공무원,29
USER_6063,신민수,010-7445-6815,대학생,34
USER_6064,조지혜,010-2788-8428,대학생,45
USER_6065,박도현,010-9124-6185,대학생,22
USER_6066,박준호,010-2725-1724,공무원,45
USER_6067,신우진,010-1608-8458,대학생,22
USER_6072,박하은,010-4631-9259,대학생,57
USER_6073,윤채원,010-6145-2212,직장인,67
USER_6074,박윤호,010-9243-9440,자영업,35
USER_6075,강서윤,010-5289-3950,전문직,67
USER_6076,김건우,010-8555-9133,전문직,42
USER_6077,김하은,010-5828-8507,대학생,21
USER_6083,박예진,010-5110-6079,자영업,60
USER_6084,박채원,010-6234-1051,자영업,34
USER_6086,조서윤,010-2247-1420,직장인,25
USER_6092,윤예진,010-4467-8989,대학생,60
USER_6093,박채원,010-3305-8579,전문직,37
USER_6095,신윤호,010-3263-6057,전문직,34
USER_6096,강채원,010-5596-5325,직장인,68
USER_6097,윤지우,010-6513-5644,엔지니어,42
USER_6098,강준호,010-6164-1453,프리랜서,43
USER_6101,조민수,010-2161-7256,직장인,62
USER_6102,오채원,010-7693-6219,대학생,21
USER_6103,정나영,010-6447-6968,주부,35
USER_6104,윤건우,010-3177-2773,무직,46
USER_6105,서건우,010-1705-8009,주부,63
USER_6106,최도현,010-2589-3634,엔지니어,42
USER_6107,신서윤,010-6418-9980,자영업,41
USER_6108,이지우,010-4787-2240,직장인,48
USER_6110,장준호,010-3241-6134,직장인,31
USER_6111,김민수,010-6001-4244,무직,58
USER_6112,최윤호,010-2704-8893,직장인,44
USER_6113,박하은,010-5332-3179,전문직,50
USER_6114,이건우,010-9493-1901,직장인,24
USER_6115,김예진,010-1377-3170,대학생,65
USER_6118,장준호,010-5292-8547,공무원,35
USER_6119,이준호,010-7338-9022,무직,68
USER_6121,오민수,010-1464-6993,전문직,41
USER_6123,임현우,010-2748-5774,공무원,64
USER_6124,정지혜,010-8518-7488,공무원,37
USER_6125,최예진,010-9275-7407,대학생,22
USER_6129,오하은,010-4272-3637,전문직,66
USER_6130,신나영,010-6516-1679,대학생,25
USER_6132,한우진,010-7261-4326,자영업,49
USER_6134,이지혜,010-2309-2197,전문직,52
USER_6135,조현우,010-4273-5330,공무원,42
USER_6136,강윤호,010-8598-8562,주부,42
USER_6137,정지혜,010-3962-8864,무직,64
USER_6141,이하은,010-9815-2231,주부,28
USER_6142,윤윤호,010-5602-4938,주부,61
USER_6143,서건우,010-9426-7005,공무원,32
USER_6144,윤서윤,010-3221-9131,프리랜서,30
USER_6145,박예진,010-3475-2681,전문직,37
USER_6149,신윤호,010-3083-5063,공무원,47
USER_6150,서준호,010-3846-5121,무직,67
USER_6155,이서윤,010-2465-1927,직장인,49
USER_6156,장민수,010-4573-7428,대학생,32
USER_6158,임건우,010-8386-4614,무직,57
USER_6159,박도현,010-7388-8698,대학생,26
USER_6160,윤나영,010-8940-1224,무직,33
USER_6163,윤예진,010-6817-8532,주부,43
USER_6164,장하은,010-6465-5075,주부,27
USER_6165,강채원,010-9344-8685,주부,30
USER_6166,서서윤,010-8902-4135,자영업,48
USER_6168,박윤호,010-4084-4647,대학생,43
USER_6169,신하은,010-3788-9236,엔지니어,54
USER_6171,조건우,010-4079-9079,직장인,62
USER_6175,조지우,010-3140-1467,프리랜서,65
USER_6176,신지우,010-9229-9056,자영업,66
USER_6177,정채원,010-1647-4029,직장인,32
USER_6178,최건우,010-8875-1011,직장인,22
USER_6179,서현우,010-6162-1134,공무원,67
USER_6180,조윤호,010-9871-1782,엔지니어,58
USER_6182,정나영,010-8147-2632,무직,44
USER_6184,이채원,010-2424-5613,공무원,60
USER_6185,강하은,010-2910-6387,프리랜서,44
USER_6187,조민수,010-3693-5011,대학생,50
USER_6188,강서윤,010-5618-9125,무직,54
USER_6189,서예진,010-2843-1820,무직,41
USER_6191,강우진,010-4810-6816,자영업,35
USER_6193,박하은,010-3921-3077,대학생,20
USER_6194,신나영,010-5521-2191,직장인,31
USER_6197,정우진,010-7985-5593,프리랜서,68
USER_6198,김예진,010-2618-3241,주부,56
USER_6200,박도현,010-4960-1344,자영업,66
USER_6201,강건우,010-5934-6116,엔지니어,54
USER_6202,한도현,010-7916-1185,엔지니어,52
USER_6203,임채원,010-1537-2044,엔지니어,28
USER_6204,이우진,010-1697-2792,무직,59
USER_6205,오하은,010-3328-2332,자영업,45
USER_6206,한채원,010-8060-3988,대학생,53
USER_6207,정서윤,010-5404-9753,공무원,39
USER_6209,강현우,010-3924-5721,주부,38
USER_6210,서예진,010-7975-6372,직장인,51
USER_6212,이준호,010-5652-8808,전문직,59
USER_6213,박우진,010-5971-9982,엔지니어,55
USER_6214,이나영,010-4614-4096,대학생,23
USER_6215,장하은,010-4516-3917,대학생,57
USER_6216,최우진,010-2214-9885,대학생,45
USER_6218,임현우,010-6816-5240,전문직,40
USER_6219,임서윤,010-3101-2703,대학생,56
USER_6221,한준호,010-7356-4112,직장인,52
USER_6224,박준호,010-1034-6440,엔지니어,57
USER_6226,정지혜,010-5233-6243,직장인,57
USER_6227,서채원,010-4622-8355,무직,56
USER_6228,조하은,010-4804-6484,대학생,31
USER_6229,서채원,010-6599-1129,전문직,35
USER_6230,강나영,010-5265-1839,자영업,44
USER_6231,강지우,010-8993-1631,무직,47
USER_6232,이예진,010-5244-5769,직장인,59
USER_6233,정준호,010-8345-9046,전문직,63
USER_6234,강지혜,010-5528-4274,대학생,63
USER_6235,신지혜,010-3690-1702,전문직,27
USER_6237,임하은,010-8403-3669,전문직,35
USER_6239,신채원,010-1469-9398,대학생,66
USER_6241,최민수,010-3609-7761,주부,35
USER_6242,정건우,010-8876-1445,직장인,49
USER_6244,한윤호,010-8069-3143,무직,31
USER_6245,박준호,010-6574-3690,자영업,48
USER_6249,최채원,010-7761-2406,대학생,25
USER_6250,강윤호,010-2753-3592,주부,39
USER_6251,정현우,010-3072-3130,대학생,24
USER_6252,서나영,010-1449-8220,대학생,25
USER_6253,윤서윤,010-6406-2793,자영업,42
USER_6255,신준호,010-9808-6204,무직,22
USER_6256,신윤호,010-4083-9575,주부,28
USER_6257,임하은,010-3239-7967,직장인,46
USER_6258,최채원,010-4888-3386,대학생,25
USER_6259,박현우,010-3446-8352,무직,36
USER_6260,조지혜,010-6699-3192,전문직,44
USER_6261,윤지우,010-1885-1586,프리랜서,65
USER_6262,윤하은,010-5879-2921,공무원,53
USER_6263,김우진,010-1674-3024,대학생,42
USER_6264,임현우,010-5831-5117,대학생,40
USER_6268,정현우,010-3186-2048,주부,58
USER_6270,오도현,010-1829-5897,직장인,62
USER_6271,최우진,010-5610-1340,무직,26
USER_6272,이하은,010-2234-4498,자영업,65
USER_6274,윤지우,010-2385-3537,무직,21
USER_6276,박채원,010-3798-2891,전문직,49
USER_6279,장예진,010-9739-8486,대학생,25
USER_6280,조우진,010-3363-9850,공무원,51
USER_6282,장채원,010-4632-9684,전문직,54
USER_6283,임나영,010-4056-1239,프리랜서,29
USER_6285,장서윤,010-8989-9726,엔지니어,53
USER_6286,김나영,010-4751-9304,프리랜서,63
USER_6288,오현우,010-5882-8072,주부,27
USER_6289,오지혜,010-9118-7101,대학생,22
USER_6290,장예진,010-1192-7830,대학생,22
USER_6291,오민수,010-2070-4204,프리랜서,61
USER_6292,윤윤호,010-7104-1622,전문직,59
USER_6293,김지혜,010-9158-7947,주부,58
USER_6296,오윤호,010-5636-7220,대학생,35
USER_6297,오준호,010-3331-2413,엔지니어,42
USER_6298,윤예진,010-5071-7473,주부,29
USER_6299,서지우,010-5806-7785,공무원,61
USER_6300,김지혜,010-4181-3066,무직,21
USER_6301,조준호,010-3226-2561,직장인,41
USER_6302,이민수,010-9471-7706,프리랜서,39
USER_6303,김민수,010-6427-5740,직장인,65
USER_6304,최하은,010-7676-7562,자영업,54
USER_6306,임우진,010-6287-7818,공무원,64
USER_6308,박서윤,010-3504-5582,무직,25
USER_6309,장나영,010-3148-4099,프리랜서,57
USER_6310,장현우,010-8950-3789,대학생,24
USER_6313,조하은,010-8107-6379,프리랜서,41
USER_6314,최예진,010-1582-6188,직장인,55
USER_6315,정민수,010-7669-8839,대학생,20
USER_6316,윤도현,010-5496-6352,공무원,45
USER_6317,신우진,010-7449-9941,무직,29
USER_6320,이우진,010-8080-4755,공무원,68
USER_6322,오현우,010-5396-5886,전문직,30
USER_6323,조윤호,010-8843-6755,프리랜서,66
USER_6324,이준호,010-2946-4601,무직,42
USER_6325,조지우,010-7514-2031,엔지니어,44
USER_6327,장서윤,010-9691-1019,대학생,23
USER_6328,오우진,010-3415-8224,무직,50
USER_6330,임서윤,010-6055-3736,무직,39
USER_6331,윤건우,010-3263-6968,무직,50
USER_6332,오나영,010-4845-1590,직장인,32
USER_6333,정지우,010-4720-5840,자영업,54
USER_6334,최도현,010-3962-4130,프리랜서,57
USER_6335,조민수,010-3186-1008,주부,39
USER_6337,한채원,010-3016-2568,대학생,67
USER_6338,강채원,010-5577-8737,자영업,36
USER_6339,신현우,010-8621-3755,직장인,50
USER_6341,오예진,010-6895-7282,대학생,57
USER_6342,강건우,010-4336-4482,대학생,25
USER_6343,신도현,010-5642-7049,프리랜서,65
USER_6344,신현우,010-6726-1648,자영업,59
USER_6345,김민수,010-2725-1203,엔지니어,26
USER_6346,임서윤,010-4610-6397,직장인,25
USER_6347,최서윤,010-4285-1487,무직,56
USER_6349,최지우,010-7899-1228,주부,32
USER_6350,강윤호,010-7155-6150,전문직,38
USER_6351,임예진,010-2800-3922,자영업,47
USER_6352,윤준호,010-2905-6843,전문직,45
USER_6353,오윤호,010-6607-2732,무직,63
USER_6354,최민수,010-2496-2543,공무원,57
USER_6355,오건우,010-7673-5079,전문직,56
USER_6357,박서윤,010-6197-9336,전문직,26
USER_6358,최하은,010-6456-1820,무직,20
USER_6361,정채원,010-8629-6426,주부,33
USER_6362,이건우,010-1332-5625,무직,67
USER_6363,김예진,010-7963-6498,무직,34
USER_6364,강서윤,010-5731-2209,대학생,43
USER_6365,정채원,010-3947-6145,무직,45
USER_6370,박도현,010-1091-7036,전문직,56
USER_6371,신윤호,010-3242-2892,프리랜서,55
USER_6372,임준호,010-2970-7054,대학생,23
USER_6373,박나영,010-3475-8737,직장인,25
USER_6375,최민수,010-6311-4273,직장인,62
USER_6377,임우진,010-5119-8235,무직,41
USER_6378,윤현우,010-7966-8132,전문직,65
USER_6379,박도현,010-5354-1272,자영업,60
USER_6380,한민수,010-7311-2555,전문직,44
USER_6381,정채원,010-5838-3608,공무원,28
USER_6384,한채원,010-9455-3937,대학생,25
USER_6385,이예진,010-7301-4285,공무원,27
USER_6386,임지우,010-2183-1769,프리랜서,57
USER_6387,정준호,010-6832-9121,무직,37
USER_6389,강지혜,010-8000-8943,자영업,47
USER_6391,최윤호,010-5052-6781,프리랜서,62
USER_6393,이우진,010-6625-5790,대학생,55
USER_6394,서현우,010-4362-1611,대학생,51
USER_6395,김건우,010-9704-6002,대학생,24
USER_6399,오지우,010-3043-2573,프리랜서,57
USER_6400,신준호,010-6893-2565,자영업,34
USER_6401,신민수,010-5452-6773,프리랜서,60
USER_6402,이하은,010-2521-4291,직장인,51
USER_6403,박지혜,010-5619-9541,무직,23
USER_6404,김지우,010-3049-7860,주부,29
USER_6405,최도현,010-4230-9156,무직,49
USER_6406,정우진,010-5077-2404,전문직,55
USER_6408,조도현,010-6096-6609,대학생,24
USER_6409,임윤호,010-4311-7906,주부,46
USER_6410,김현우,010-7687-9001,대학생,21
USER_6411,오하은,010-2176-9662,직장인,25
USER_6415,최채원,010-5340-1171,공무원,57
USER_6418,임민수,010-5948-2624,전문직,28
USER_6419,장채원,010-4505-1584,무직,52
USER_6421,이지혜,010-8552-5124,주부,51
USER_6422,한지우,010-1124-8991,주부,49
USER_6423,강채원,010-3949-4250,무직,54
USER_6424,오하은,010-2325-1078,직장인,26
USER_6426,신지혜,010-3267-9574,대학생,39
USER_6427,김채원,010-3978-3225,공무원,56
USER_6430,조민수,010-7887-7638,대학생,25
USER_6432,이윤호,010-8867-5163,대학생,21
USER_6433,조건우,010-8781-5558,주부,30
USER_6437,신채원,010-5044-6196,프리랜서,54
USER_6438,이현우,010-7338-9252,무직,28
USER_6439,오지우,010-2568-6741,자영업,65
USER_6440,정서윤,010-7703-5406,무직,23
USER_6444,김도현,010-6989-9448,직장인,55
USER_6445,신하은,010-1145-3086,자영업,36
USER_6447,정준호,010-4846-3257,직장인,22
USER_6448,신현우,010-1787-9711,프리랜서,28
USER_6449,강우진,010-4623-9603,자영업,58
USER_6450,신나영,010-9976-1524,주부,66
USER_6451,박서윤,010-1586-8323,전문직,57
USER_6454,강하은,010-5651-3343,공무원,58
USER_6458,조지우,010-3144-1454,프리랜서,61
USER_6459,김건우,010-5224-6570,무직,63
USER_6460,최현우,010-3960-3472,엔지니어,54
USER_6461,신도현,010-6290-7060,엔지니어,59
USER_6462,박서윤,010-1663-9537,주부,36
USER_6464,서민수,010-6832-8487,엔지니어,40
USER_6466,김지혜,010-9580-1001,전문직,65
USER_6467,서건우,010-9866-8396,프리랜서,61
USER_6468,오도현,010-5978-3472,프리랜서,55
USER_6469,윤나영,010-4501-5264,대학생,31
USER_6470,장준호,010-6744-8339,전문직,27
USER_6472,김예진,010-6017-8838,자영업,64
USER_6473,한지혜,010-7325-7699,자영업,57
USER_6477,한도현,010-6532-5326,자영업,58
USER_6478,서도현,010-7624-6614,직장인,52
USER_6479,임준호,010-1814-7675,무직,40
USER_6481,오나영,010-6758-9616,전문직,61
USER_6482,한윤호,010-1682-5153,무직,59
USER_6483,조도현,010-4491-1171,직장인,66
USER_6485,오건우,010-3102-5247,엔지니어,38
USER_6486,이지혜,010-9398-4031,프리랜서,41
USER_6487,서민수,010-5072-1864,엔지니어,53
USER_6489,신지혜,010-8805-2627,무직,63
USER_6491,박서윤,010-5826-4065,대학생,25
USER_6492,윤우진,010-4981-7388,직장인,67
USER_6494,박예진,010-6869-8829,공무원,54
USER_6496,이도현,010-8850-1967,무직,65
USER_6500,이윤호,010-8978-1006,자영업,53
USER_6501,서현우,010-8758-5751,직장인,52
USER_6502,김서윤,010-8201-2514,직장인,39
USER_6503,오서윤,010-1292-8125,직장인,27
USER_6504,오현우,010-7062-8267,자영업,54
USER_6505,김우진,010-1281-3438,전문직,39
USER_6507,최나영,010-5758-2282,공무원,66
USER_6509,김민수,010-6583-2927,프리랜서,59
USER_6511,이윤호,010-3418-1500,주부,59
USER_6512,한도현,010-3737-1949,직장인,21
USER_6513,윤윤호,010-1651-1432,자영업,26
USER_6514,김채원,010-3027-9950,공무원,36
USER_6516,이건우,010-5374-6967,주부,46
USER_6518,윤채원,010-5005-2307,대학생,32
USER_6519,한도현,010-1116-6365,자영업,32
USER_6522,김준호,010-2690-1993,무직,23
USER_6526,서현우,010-1718-8244,무직,26
USER_6527,신준호,010-9361-1277,대학생,43
USER_6531,한예진,010-7489-4654,직장인,25
USER_6533,임현우,010-9181-6678,자영업,55
USER_6534,임하은,010-5694-9405,엔지니어,64
USER_6535,장준호,010-7109-8458,대학생,57
USER_6537,한채원,010-7512-8957,주부,60
USER_6538,박지우,010-1053-2086,자영업,54
USER_6539,강윤호,010-6994-8150,직장인,58
USER_6540,이민수,010-1112-7880,주부,59
USER_6541,장하은,010-8743-1799,공무원,37
USER_6542,박도현,010-5522-2508,주부,32
USER_6543,윤윤호,010-1926-5768,대학생,29
USER_6544,서나영,010-7605-9642,주부,41
USER_6545,신서윤,010-6885-2632,무직,68
USER_6546,한지혜,010-9154-1662,공무원,27
USER_6547,오민수,010-1468-5555,무직,64
USER_6548,박건우,010-4384-6845,무직,25
USER_6549,신나영,010-2093-4012,자영업,32
USER_6550,한지우,010-8539-6231,무직,25
USER_6552,조윤호,010-2364-4820,대학생,67
USER_6554,강준호,010-1660-3839,직장인,57
USER_6555,임윤호,010-1990-6815,자영업,54
USER_6556,임민수,010-5448-2282,대학생,66
USER_6557,장우진,010-7155-8313,자영업,45
USER_6559,조서윤,010-2012-2966,주부,34
USER_6561,김윤호,010-7019-4811,전문직,38
USER_6562,조지혜,010-4251-9486,자영업,52
USER_6564,장나영,010-2784-4616,공무원,33
USER_6565,이예진,010-3463-5345,대학생,24
USER_6566,오우진,010-4062-3970,자영업,27
USER_6567,한지혜,010-4501-5526,무직,23
USER_6572,서지혜,010-5761-3464,대학생,64
USER_6573,임예진,010-8202-5370,무직,64
USER_6574,윤지우,010-6025-2250,대학생,64
USER_6575,정채원,010-7602-3285,대학생,21
USER_6578,신채원,010-6612-2511,대학생,25
USER_6579,정민수,010-1413-9058,무직,56
USER_6580,윤채원,010-7570-9902,직장인,25
USER_6581,최도현,010-8838-1790,대학생,21
USER_6582,최준호,010-3595-6537,직장인,26
USER_6583,김민수,010-1057-3760,공무원,64
USER_6584,조채원,010-1154-7871,자영업,34
USER_6585,정민수,010-2599-8761,주부,58
USER_6586,김채원,010-7328-6740,무직,59
USER_6587,정지우,010-5608-5933,자영업,41
USER_6588,한하은,010-5610-6150,프리랜서,46
USER_6589,강지우,010-9533-3913,프리랜서,48
USER_6590,신윤호,010-2316-7395,직장인,46
USER_6592,조준호,010-8691-9350,주부,56
USER_6593,서민수,010-2605-5157,공무원,55
USER_6595,정민수,010-1904-3753,엔지니어,36
USER_6598,조지혜,010-7755-1474,자영업,50
USER_6599,오예진,010-4660-4993,대학생,68
USER_6600,강지혜,010-1976-7726,직장인,56
USER_6601,임채원,010-1888-4009,전문직,43
USER_6602,한건우,010-3226-5606,자영업,47
USER_6604,서현우,010-2223-4756,엔지니어,50
USER_6606,조지혜,010-8765-2712,대학생,42
USER_6607,조지혜,010-1321-3480,자영업,45
USER_6608,김건우,010-9140-7833,자영업,59
USER_6609,신건우,010-2544-3010,대학생,30
USER_6611,오예진,010-8322-6234,무직,59
USER_6613,서도현,010-1914-9021,대학생,57
USER_6614,장예진,010-6238-9364,엔지니어,26
USER_6615,서준호,010-6834-2506,대학생,44
USER_6617,서채원,010-7005-9889,대학생,43
USER_6619,서채원,010-1471-9897,주부,52
USER_6620,오하은,010-3562-7708,자영업,61
USER_6621,서채원,010-5911-7948,전문직,35
USER_6623,오나영,010-7684-8473,프리랜서,66
USER_6624,강지혜,010-7738-5574,전문직,45
USER_6625,신하은,010-4922-4140,무직,26
USER_6626,김우진,010-7293-3991,대학생,51
USER_6627,오지우,010-4376-5482,프리랜서,35
USER_6628,신현우,010-5604-9849,전문직,42
USER_6629,박서윤,010-6949-3029,직장인,21
USER_6631,최하은,010-1645-7029,주부,53
USER_6632,임윤호,010-7971-3292,주부,55
USER_6633,오지혜,010-2077-3206,주부,54
USER_6634,최서윤,010-3602-4192,자영업,60
USER_6635,윤현우,010-3521-5839,대학생,54
USER_6636,오건우,010-8100-6557,엔지니어,28
USER_6637,박채원,010-6252-6641,프리랜서,59
USER_6638,신지우,010-3141-8764,직장인,40
USER_6640,한윤호,010-2908-9149,전문직,65
USER_6643,장윤호,010-9818-6656,대학생,52
USER_6644,강나영,010-4452-7054,자영업,41
USER_6646,신건우,010-1076-3931,직장인,27
USER_6650,조지우,010-9545-5530,엔지니어,63
USER_6651,오지우,010-7611-3801,공무원,49
USER_6652,김나영,010-9349-6505,무직,62
USER_6654,박예진,010-9105-2190,직장인,49
USER_6655,최우진,010-2188-5858,공무원,61
USER_6657,박현우,010-6752-9408,자영업,37
USER_6658,정지혜,010-1315-9890,대학생,30
USER_6661,서하은,010-6111-2761,프리랜서,64
USER_6662,김나영,010-4584-5126,무직,33
USER_6663,한도현,010-8332-4252,공무원,38
USER_6665,최예진,010-4873-4502,공무원,45
USER_6666,강윤호,010-9907-3209,대학생,35
USER_6667,김채원,010-6296-2872,전문직,35
USER_6669,서현우,010-6224-9809,엔지니어,38
USER_6670,서나영,010-3774-6133,대학생,60
USER_6671,장현우,010-9010-6242,엔지니어,50
USER_6676,이지우,010-6954-3171,공무원,35
USER_6677,최우진,010-5199-6611,자영업,32
USER_6679,윤지우,010-6489-9483,무직,46
USER_6680,신서윤,010-7336-8488,대학생,53
USER_6682,정서윤,010-1234-5652,대학생,39
USER_6686,한건우,010-8696-2037,직장인,24
USER_6687,윤나영,010-1076-3530,주부,55
USER_6691,박하은,010-4044-9538,자영업,46
USER_6692,박서윤,010-5962-9256,자영업,52
USER_6694,조하은,010-3300-8122,엔지니어,39
USER_6695,신도현,010-7317-3809,직장인,23
USER_6697,조예진,010-9705-4714,직장인,47
USER_6698,조윤호,010-2932-5559,주부,40
USER_6699,이예진,010-7310-3825,전문직,33
USER_6701,이준호,010-9908-2752,공무원,57
USER_6702,정민수,010-9459-8774,직장인,39
USER_6704,오나영,010-2260-2080,엔지니어,56
USER_6705,강하은,010-5401-1870,자영업,63
USER_6707,한예진,010-8414-6448,무직,44
USER_6709,서나영,010-7696-4992,자영업,30
USER_6710,최서윤,010-9753-7646,자영업,43
USER_6711,최지혜,010-2692-5450,프리랜서,50
USER_6712,오예진,010-7831-6820,전문직,40
USER_6713,박도현,010-2292-2886,무직,20
USER_6714,장지혜,010-4811-2254,엔지니어,66
USER_6715,조현우,010-2721-4907,주부,42
USER_6716,박우진,010-4770-4238,공무원,29
USER_6717,조나영,010-9725-8428,공무원,64
USER_6719,한서윤,010-4780-5300,공무원,51
USER_6720,서서윤,010-5679-7981,대학생,67
USER_6722,최민수,010-2479-6603,전문직,50
USER_6723,강나영,010-7326-1048,프리랜서,30
USER_6725,최우진,010-1159-5624,대학생,24
USER_6726,장서윤,010-8728-6077,주부,33
USER_6727,강서윤,010-8915-9293,자영업,60
USER_6728,강지우,010-6440-6843,자영업,60
USER_6729,강우진,010-1050-6573,엔지니어,66
USER_6730,오하은,010-8907-2611,자영업,32
USER_6731,정채원,010-5667-2698,주부,52
USER_6732,임현우,010-4224-3822,엔지니어,28
USER_6733,조우진,010-6855-2704,공무원,26
USER_6734,정지혜,010-8980-2739,공무원,31
USER_6735,장윤호,010-9000-8769,전문직,42
USER_6737,강우진,010-3312-6638,대학생,25
USER_6738,한건우,010-5570-1062,자영업,28
USER_6740,오채원,010-8123-5521,무직,64
USER_6743,정윤호,010-6619-2669,전문직,33
USER_6745,서준호,010-8900-1897,직장인,21
USER_6747,강도현,010-4623-8494,프리랜서,29
USER_6749,임준호,010-5624-8496,공무원,37
USER_6750,윤도현,010-8539-6234,대학생,24
USER_6751,서도현,010-2297-8955,자영업,51
USER_6752,오채원,010-5626-4767,공무원,60
USER_6753,오건우,010-9244-6469,공무원,46
USER_6754,박지우,010-6889-9183,주부,68
USER_6756,김민수,010-2936-8392,주부,39
USER_6758,정윤호,010-9141-1855,엔지니어,48
USER_6760,강예진,010-9115-1159,직장인,53
USER_6761,임현우,010-9353-3590,자영업,45
USER_6762,조준호,010-5021-4315,대학생,20
USER_6763,정준호,010-5806-2686,무직,41
USER_6765,강지우,010-2442-5831,무직,35
USER_6770,박현우,010-8328-3320,자영업,42
USER_6772,장지우,010-3904-1998,직장인,49
USER_6774,임예진,010-8705-2693,공무원,29
USER_6775,강현우,010-6744-5340,주부,42
USER_6777,신준호,010-5867-1619,주부,41
USER_6778,최하은,010-3729-1285,대학생,24
USER_6779,최도현,010-6438-3736,엔지니어,50
USER_6780,정예진,010-4396-6629,무직,26
USER_6781,윤나영,010-7270-8856,전문직,46
USER_6782,한지우,010-4648-6843,엔지니어,54
USER_6785,윤서윤,010-7063-2063,프리랜서,60
USER_6786,박건우,010-4811-6384,무직,21
USER_6787,장우진,010-5042-7366,공무원,44
USER_6789,조건우,010-1371-3931,프리랜서,26
USER_6790,윤도현,010-2059-9560,엔지니어,64
USER_6791,한나영,010-7207-1167,프리랜서,57
USER_6792,강나영,010-8916-7458,무직,39
USER_6793,김예진,010-1521-4386,전문직,35
USER_6794,김준호,010-4072-2461,무직,52
USER_6795,정우진,010-1814-4993,주부,38
USER_6796,조현우,010-1824-7296,주부,30
USER_6797,서현우,010-8065-7397,자영업,52
USER_6799,장나영,010-2879-4271,공무원,53
USER_6800,강서윤,010-3795-6377,엔지니어,46
USER_6802,임현우,010-2830-6854,주부,42
USER_6803,이윤호,010-7664-6340,대학생,36
USER_6805,정예진,010-2600-4201,엔지니어,55
USER_6807,김지혜,010-4515-1863,공무원,59
USER_6808,강채원,010-4553-3386,프리랜서,49
USER_6809,장서윤,010-1456-5283,엔지니어,48
USER_6814,한윤호,010-6449-2118,자영업,60
USER_6815,박지혜,010-5933-6901,무직,24
USER_6817,신도현,010-8973-6653,엔지니어,63
USER_6818,박윤호,010-8224-8994,공무원,41
USER_6821,강도현,010-9191-5372,자영업,30
USER_6822,김윤호,010-7332-7728,무직,20
USER_6823,장민수,010-6061-4969,엔지니어,46
USER_6824,정채원,010-3037-1192,직장인,49
USER_6825,한서윤,010-4349-3742,직장인,48
USER_6826,오도현,010-2259-9928,전문직,64
USER_6828,최예진,010-4714-2773,엔지니어,38
USER_6830,서서윤,010-1055-7198,엔지니어,41
USER_6831,윤지우,010-6115-2096,공무원,59
USER_6832,오채원,010-6500-1513,전문직,42
USER_6835,정준호,010-1871-8932,직장인,47
USER_6837,장현우,010-6902-3808,대학생,57
USER_6838,서도현,010-9214-8713,대학생,25
USER_6839,서현우,010-3484-2698,대학생,20
USER_6840,장채원,010-9667-1778,프리랜서,42
USER_6845,김나영,010-8904-1673,주부,41
USER_6846,이도현,010-7145-2785,대학생,21
USER_6847,박윤호,010-7080-6008,프리랜서,39
USER_6848,신윤호,010-8880-4914,대학생,64
USER_6850,강도현,010-8320-5698,엔지니어,61
USER_6851,신예진,010-6910-2838,대학생,29
USER_6854,박현우,010-6707-6735,전문직,62
USER_6855,강준호,010-3655-7608,전문직,62
USER_6856,정준호,010-5037-7785,대학생,22
USER_6857,서나영,010-1149-1851,주부,56
USER_6858,신나영,010-8948-8671,공무원,57
USER_6860,최현우,010-1172-6896,대학생,30
USER_6861,임준호,010-6204-6027,엔지니어,32
USER_6862,오민수,010-5491-7115,프리랜서,35
USER_6863,신지우,010-2660-8437,프리랜서,41
USER_6864,서서윤,010-3100-5851,공무원,66
USER_6865,오서윤,010-3535-8424,주부,47
USER_6866,임하은,010-7391-1104,대학생,23
USER_6867,서현우,010-8872-6477,무직,31
USER_6868,임도현,010-7825-7542,프리랜서,33
USER_6869,김예진,010-9115-9590,프리랜서,30
USER_6871,윤건우,010-5217-2818,주부,51
USER_6872,박준호,010-5166-5500,직장인,55
USER_6873,강예진,010-7894-3633,직장인,38
USER_6874,이현우,010-6546-2661,주부,66
USER_6875,윤현우,010-2547-9805,대학생,20
USER_6876,서우진,010-3879-8380,전문직,52
USER_6879,김도현,010-5536-4390,대학생,56
USER_6880,이도현,010-6295-1833,공무원,33
USER_6881,서건우,010-7666-7241,엔지니어,43
USER_6882,임지혜,010-4114-6936,대학생,27
USER_6885,임현우,010-6774-3990,엔지니어,59
USER_6886,한예진,010-1685-5377,프리랜서,45
USER_6887,강서윤,010-4149-9665,무직,66
USER_6891,강윤호,010-6420-4544,자영업,50
USER_6892,최서윤,010-6640-6239,전문직,46
USER_6893,신채원,010-7091-5479,전문직,44
USER_6894,강준호,010-7155-9602,자영업,36
USER_6897,서윤호,010-1093-9358,프리랜서,32
USER_6898,신민수,010-1739-1395,대학생,53
USER_6899,조서윤,010-1003-8060,자영업,33
USER_6900,임채원,010-1024-4835,대학생,25
USER_6901,박서윤,010-5133-7096,자영업,35
USER_6902,오나영,010-9349-9212,공무원,46
USER_6903,장예진,010-8892-7624,프리랜서,58
USER_6907,윤현우,010-8504-6951,주부,36
USER_6908,김하은,010-9240-2645,프리랜서,56
USER_6910,장채원,010-7696-8378,무직,68
USER_6911,강민수,010-8356-5578,대학생,25
USER_6912,장하은,010-2422-3127,대학생,20
USER_6914,조나영,010-9501-2432,대학생,22
USER_6916,오지혜,010-5811-4717,직장인,49
USER_6917,신도현,010-8462-4489,직장인,26
USER_6919,윤도현,010-3240-5791,주부,39
USER_6920,이윤호,010-8497-7308,무직,21
USER_6921,서민수,010-3957-6659,무직,65
USER_6922,윤채원,010-4227-3500,직장인,67
USER_6924,최지혜,010-7024-9339,직장인,34
USER_6926,박준호,010-9696-5917,전문직,61
USER_6928,최하은,010-3099-1412,무직,37
USER_6930,이우진,010-4428-4864,대학생,54
USER_6934,최채원,010-6726-2679,대학생,25
USER_6935,장채원,010-5627-6893,무직,51
USER_6936,최도현,010-9141-3750,자영업,58
USER_6937,정서윤,010-9814-3607,주부,58
USER_6938,정현우,010-2276-1185,공무원,65
USER_6940,장민수,010-6790-8178,프리랜서,44
USER_6941,정서윤,010-9589-7307,무직,29
USER_6943,신우진,010-2542-9232,대학생,21
USER_6944,임도현,010-6331-4182,주부,57
USER_6945,오서윤,010-8878-6244,프리랜서,44
USER_6947,박현우,010-9600-6642,무직,25
USER_6948,임나영,010-4890-2503,공무원,60
USER_6949,장도현,010-3256-5467,무직,22
USER_6950,강예진,010-7905-5631,직장인,60
USER_6951,김도현,010-1647-9941,대학생,56
USER_6952,오하은,010-8919-5576,무직,32
USER_6953,박도현,010-7475-8036,대학생,44
USER_6955,오도현,010-7523-6013,직장인,25
USER_6956,한우진,010-1444-5694,공무원,65
USER_6957,한우진,010-6369-4943,공무원,36
USER_6960,윤민수,010-3389-6119,전문직,41
USER_6961,박준호,010-5151-8871,전문직,59
USER_6962,조예진,010-6697-3554,무직,40
USER_6963,강현우,010-6112-1338,대학생,25
USER_6966,강예진,010-4004-5166,공무원,41
USER_6967,최민수,010-6305-7567,직장인,60
USER_6968,윤준호,010-3549-4906,전문직,48
USER_6969,정서윤,010-5467-4896,직장인,45
USER_6970,김하은,010-5256-8239,엔지니어,31
USER_6971,임지혜,010-6011-9569,대학생,29
USER_6972,신현우,010-9773-3855,프리랜서,38
USER_6973,신준호,010-2309-5301,무직,56
USER_6974,조우진,010-2748-6130,공무원,53
USER_6976,한지우,010-4866-5717,대학생,23
USER_6977,신지혜,010-8888-8287,엔지니어,49
USER_6978,이준호,010-7259-3904,주부,50
USER_6980,이우진,010-4723-7574,전문직,42
USER_6981,신서윤,010-7785-2526,프리랜서,31
USER_6983,한건우,010-4501-2997,주부,28
USER_6984,박지혜,010-2269-5939,자영업,40
USER_6985,장도현,010-2241-4260,프리랜서,35
USER_6987,오준호,010-8608-1237,프리랜서,28
USER_6988,장서윤,010-3337-8513,프리랜서,64
USER_6989,한건우,010-7991-4188,대학생,22
USER_6990,김우진,010-8456-7520,대학생,23
USER_6992,서도현,010-9702-9215,프리랜서,68
USER_6994,장도현,010-8407-7626,전문직,41
USER_6996,강준호,010-1805-8234,엔지니어,35
USER_6998,정우진,010-2364-3545,직장인,49
USER_6999,조채원,010-1676-9424,무직,38
USER_7000,강현우,010-6500-8799,무직,24
USER_7001,박민수,010-8106-2428,대학생,44
USER_7006,임채원,010-8154-1987,대학생,23
USER_7007,한우진,010-6627-4650,대학생,24
USER_7008,김하은,010-2930-4254,대학생,22
USER_7009,정준호,010-1413-1437,직장인,30
USER_7012,박준호,010-2017-2088,전문직,53
USER_7013,임하은,010-1955-4091,프리랜서,32
USER_7014,강건우,010-7025-7623,전문직,43
USER_7016,윤서윤,010-4108-4885,프리랜서,47
USER_7017,강우진,010-5204-1272,엔지니어,26
USER_7018,임하은,010-2083-5636,자영업,44
USER_7019,강민수,010-8163-4958,공무원,43
USER_7021,강윤호,010-8323-6858,직장인,37
USER_7022,윤예진,010-6342-3303,자영업,57
USER_7023,박하은,010-5041-6643,전문직,48
USER_7024,정지혜,010-2711-8625,대학생,37
USER_7025,임준호,010-3373-6577,전문직,29
USER_7026,한지혜,010-7984-3530,프리랜서,48
USER_7030,강나영,010-6919-8790,주부,60
USER_7032,신건우,010-9188-2406,엔지니어,63
USER_7033,임나영,010-5615-7827,자영업,30
USER_7034,정지우,010-5375-7766,자영업,31
USER_7035,김도현,010-5934-2258,직장인,52
USER_7036,한준호,010-2839-8153,프리랜서,28
USER_7039,한준호,010-4596-6068,엔지니어,29
USER_7040,임예진,010-6176-5522,전문직,63
USER_7041,조도현,010-9854-8955,주부,60
USER_7042,서하은,010-1861-8263,직장인,44
USER_7043,서현우,010-8545-2023,공무원,31
USER_7046,강서윤,010-6669-9849,공무원,50
USER_7047,이민수,010-6401-3057,대학생,46
USER_7048,정윤호,010-9677-7311,엔지니어,37
USER_7050,장예진,010-2648-9814,무직,21
USER_7051,오우진,010-9342-4365,전문직,59
USER_7054,조나영,010-6600-5928,직장인,52
USER_7055,윤민수,010-2341-1712,무직,54
USER_7056,이건우,010-3164-7167,프리랜서,40
USER_7057,임채원,010-1612-6162,주부,50
USER_7060,정채원,010-5642-1105,프리랜서,65
USER_7062,장채원,010-4661-1899,주부,36
USER_7065,정서윤,010-9792-8035,엔지니어,36
USER_7066,서서윤,010-8898-8432,전문직,51
USER_7067,장하은,010-4708-2724,주부,62
USER_7069,정채원,010-2444-9721,전문직,40
USER_7070,서현우,010-2380-6761,직장인,65
USER_7071,서서윤,010-3626-3984,무직,22
USER_7072,김지혜,010-3035-8399,대학생,24
USER_7073,한나영,010-6746-3963,자영업,47
USER_7074,조서윤,010-4909-1611,공무원,26
USER_7076,조우진,010-8862-3332,엔지니어,65
USER_7077,조윤호,010-2654-9787,직장인,64
USER_7079,장채원,010-8921-1391,대학생,20
USER_7080,박지우,010-7850-5113,공무원,35
USER_7081,최서윤,010-7279-5589,자영업,65
USER_7083,한하은,010-1149-5974,엔지니어,59
USER_7084,이현우,010-3922-2175,주부,66
USER_7087,윤예진,010-6441-6654,공무원,64
USER_7088,오현우,010-3333-8379,자영업,41
USER_7091,박건우,010-6536-4099,공무원,62
USER_7092,장지혜,010-3710-9364,자영업,41
USER_7096,정건우,010-8349-6317,대학생,37
USER_7097,한하은,010-3715-4124,공무원,33
USER_7099,김예진,010-6831-4957,엔지니어,26
USER_7102,이우진,010-3750-1978,전문직,61
USER_7104,정지우,010-5598-1515,무직,41
USER_7108,정현우,010-7781-6282,대학생,25
USER_7109,오지우,010-9470-5455,직장인,67
USER_7111,최건우,010-5480-1270,주부,37
USER_7112,박현우,010-5994-7518,대학생,21
USER_7113,정하은,010-4591-9897,대학생,22
USER_7114,임나영,010-6695-9413,무직,52
USER_7115,최지우,010-2054-9816,전문직,67
USER_7116,장채원,010-7651-6682,대학생,20
USER_7118,장채원,010-9882-6464,자영업,58
USER_7119,최채원,010-9368-8047,무직,27
USER_7120,정민수,010-7116-9759,대학생,46
USER_7121,정준호,010-7069-5946,무직,20
USER_7122,신현우,010-8772-5788,엔지니어,48
USER_7123,최나영,010-3827-6345,무직,43
USER_7124,신도현,010-2342-2512,직장인,42
USER_7125,오윤호,010-1422-6348,직장인,49
USER_7126,이현우,010-7775-8097,전문직,45
USER_7127,오현우,010-4230-2333,직장인,48
USER_7128,조건우,010-6139-7640,프리랜서,38
USER_7129,강윤호,010-3290-7704,공무원,28
USER_7131,오지우,010-6193-9929,대학생,20
USER_7132,신준호,010-4604-1204,프리랜서,31
USER_7133,오채원,010-2765-8540,대학생,22
USER_7135,임현우,010-9059-4948,무직,34
USER_7136,정준호,010-9163-3464,프리랜서,29
USER_7138,장도현,010-6223-9908,직장인,42
USER_7139,장예진,010-1572-8758,대학생,44
USER_7141,윤도현,010-4822-9363,무직,23
USER_7142,강지우,010-3088-7500,주부,54
USER_7145,김우진,010-3612-9849,자영업,30
USER_7146,윤민수,010-9358-8896,프리랜서,26
USER_7147,조준호,010-9454-8449,대학생,23
USER_7148,윤지우,010-9246-7058,자영업,50
USER_7151,서예진,010-5978-9478,무직,34
USER_7152,조서윤,010-5289-5792,대학생,65
USER_7154,신우진,010-4723-5930,공무원,39
USER_7155,장지우,010-9033-3692,직장인,65
USER_7156,이채원,010-5631-6122,전문직,41
USER_7161,정현우,010-5272-6611,엔지니어,54
USER_7162,박하은,010-7766-2761,전문직,50
USER_7164,조준호,010-9678-5780,공무원,34
USER_7166,윤서윤,010-2168-5329,대학생,20
USER_7167,오지우,010-2419-3515,무직,63
USER_7168,신도현,010-2707-6437,대학생,39
USER_7170,정민수,010-7405-3368,직장인,32
USER_7171,조우진,010-4961-8605,대학생,47
USER_7172,신건우,010-7901-8671,엔지니어,40
USER_7174,이윤호,010-6995-8515,대학생,50
USER_7175,김윤호,010-2431-1034,공무원,31
USER_7177,윤도현,010-5045-4950,자영업,63
USER_7180,오지혜,010-5373-3313,무직,54
USER_7181,장지우,010-7578-8176,직장인,62
USER_7182,신지혜,010-8285-3461,무직,21
USER_7183,윤민수,010-2538-7138,직장인,58
USER_7184,서지혜,010-3411-9724,주부,66
USER_7186,조민수,010-2904-7539,엔지니어,64
USER_7187,윤도현,010-2252-3833,프리랜서,67
USER_7188,최준호,010-3328-2498,무직,45
USER_7189,서우진,010-8561-9536,직장인,34
USER_7191,윤도현,010-1191-4886,전문직,50
USER_7194,조나영,010-6185-1977,주부,51
USER_7195,박채원,010-9303-6180,대학생,31
USER_7196,한예진,010-1853-9062,엔지니어,67
USER_7198,정지혜,010-9246-9440,대학생,27
USER_7201,이우진,010-3531-9115,전문직,50
USER_7202,신서윤,010-4505-8168,주부,47
USER_7204,한우진,010-7055-7015,직장인,36
USER_7206,정우진,010-8417-5276,무직,65
USER_7207,한도현,010-1395-1584,직장인,38
USER_7208,이현우,010-8254-2549,프리랜서,44
USER_7210,이채원,010-9634-6136,직장인,22
USER_7212,한건우,010-8040-4075,엔지니어,55
USER_7213,한건우,010-5891-1605,주부,59
USER_7214,신건우,010-5056-8272,엔지니어,33
USER_7216,장우진,010-9176-2186,전문직,56
USER_7218,서지혜,010-3261-2388,자영업,49
USER_7220,박민수,010-2132-9721,대학생,22
USER_7222,조민수,010-9475-8598,대학생,30
USER_7223,장준호,010-4115-1797,직장인,66
USER_7224,오우진,010-5103-7747,주부,37
USER_7226,오준호,010-3497-8559,무직,20
USER_7229,오민수,010-3804-3379,엔지니어,47
USER_7230,장도현,010-6289-9451,전문직,58
USER_7231,강서윤,010-4185-3285,대학생,25
USER_7232,정하은,010-5944-1802,직장인,36
USER_7233,정도현,010-2664-9783,대학생,40
USER_7234,장서윤,010-7920-3686,직장인,30
USER_7235,한서윤,010-4846-6327,대학생,42
USER_7240,윤우진,010-6664-5610,대학생,20
USER_7241,김예진,010-4213-8775,자영업,61
USER_7242,정하은,010-7574-2093,전문직,62
USER_7244,오건우,010-2180-2031,직장인,40
USER_7245,박지우,010-5204-4670,엔지니어,67
USER_7246,정현우,010-1756-7924,대학생,28
USER_7247,한건우,010-6948-7521,프리랜서,30
USER_7248,서예진,010-3931-6311,주부,41
USER_7249,장하은,010-9287-6621,직장인,25
USER_7251,정현우,010-6700-2067,전문직,48
USER_7252,신서윤,010-4219-4460,무직,32
USER_7253,장민수,010-1695-1871,프리랜서,43
USER_7254,서서윤,010-9590-2591,주부,49
USER_7255,신윤호,010-9131-2812,자영업,29
USER_7256,조서윤,010-4692-3755,공무원,65
USER_7257,박도현,010-5181-6200,무직,36
USER_7258,임현우,010-4052-6588,주부,62
USER_7260,정준호,010-9391-4971,무직,21
USER_7261,신서윤,010-9792-6173,무직,21
USER_7263,한지우,010-4919-1475,공무원,61
USER_7266,조현우,010-4220-9168,대학생,41
USER_7267,박건우,010-9096-3947,자영업,53
USER_7268,장준호,010-2720-9535,전문직,39
USER_7269,박도현,010-9824-3055,공무원,67
USER_7270,조나영,010-6254-2336,엔지니어,37
USER_7272,서현우,010-8302-2032,전문직,59
USER_7273,정채원,010-8394-2258,대학생,28
USER_7274,최지혜,010-7977-1373,공무원,57
USER_7275,신서윤,010-2983-2131,주부,66
USER_7277,임하은,010-9875-4442,공무원,30
USER_7278,서준호,010-8371-2909,무직,33
USER_7279,최현우,010-1826-1461,프리랜서,59
USER_7282,조지우,010-8397-3582,전문직,40
USER_7283,신하은,010-4348-1341,무직,24
USER_7285,최윤호,010-8946-2960,대학생,20
USER_7286,임지혜,010-8501-4217,무직,56
USER_7287,윤하은,010-7414-7575,주부,35
USER_7288,한나영,010-4155-2453,대학생,25
USER_7289,신현우,010-9017-8058,주부,48
USER_7290,최서윤,010-2252-8668,주부,58
USER_7291,임도현,010-4066-5758,공무원,37
USER_7292,최서윤,010-9741-1603,직장인,61
USER_7294,박현우,010-5510-3921,전문직,64
USER_7296,임도현,010-5451-6873,공무원,28
USER_7297,서건우,010-1929-3890,직장인,24
USER_7298,임지혜,010-3435-3176,자영업,31
USER_7299,김우진,010-2120-8290,주부,34
USER_7300,박하은,010-1366-7878,엔지니어,42
USER_7301,최지혜,010-2179-2159,무직,35
USER_7302,윤지우,010-6368-8143,무직,38
USER_7303,김건우,010-9081-1999,전문직,67
USER_7304,윤예진,010-4318-7779,공무원,57
USER_7308,서도현,010-7768-9808,주부,47
USER_7310,최윤호,010-7130-8056,공무원,34
USER_7312,임준호,010-8740-3538,공무원,35
USER_7314,정채원,010-4874-4691,공무원,33
USER_7317,김건우,010-1226-3082,공무원,68
USER_7318,정하은,010-9925-1508,자영업,28
USER_7319,김지우,010-1385-6183,엔지니어,37
USER_7320,장지우,010-8273-4598,공무원,56
USER_7321,정나영,010-9119-8436,직장인,50
USER_7322,박하은,010-6287-1205,대학생,22
USER_7323,서민수,010-1159-1784,공무원,37
USER_7324,최예진,010-1522-5863,전문직,27
USER_7326,조서윤,010-3722-2696,자영업,45
USER_7328,임지우,010-4340-8785,전문직,59
USER_7329,최준호,010-3943-3467,공무원,45
USER_7330,박나영,010-7016-6038,자영업,40
USER_7331,김지혜,010-5642-9642,전문직,59
USER_7333,한나영,010-5950-9607,전문직,39
USER_7334,신도현,010-7605-2147,전문직,60
USER_7335,박하은,010-5405-2908,전문직,61
USER_7336,한도현,010-3979-3615,전문직,37
USER_7337,오서윤,010-8268-4417,무직,58
USER_7338,강현우,010-4801-7497,무직,58
USER_7340,정나영,010-7758-1892,공무원,44
USER_7342,김현우,010-7054-2546,직장인,35
USER_7344,서채원,010-4010-2960,직장인,32
USER_7345,한예진,010-6130-4337,공무원,62
USER_7347,최민수,010-9271-1722,주부,31
USER_7348,임민수,010-3788-5202,대학생,25
USER_7350,윤도현,010-1042-1936,공무원,30
USER_7353,이현우,010-4699-6807,무직,24
USER_7354,장도현,010-7549-4632,주부,30
USER_7355,최서윤,010-6895-1688,대학생,20
USER_7356,조지혜,010-4072-4443,엔지니어,29
USER_7358,이건우,010-6214-7483,전문직,62
USER_7359,최우진,010-9742-4813,자영업,63
USER_7360,장지혜,010-2716-5035,엔지니어,48
USER_7361,한도현,010-7442-1090,무직,23
USER_7362,최예진,010-5547-7025,공무원,50
USER_7364,한하은,010-7788-9849,자영업,66
USER_7365,임민수,010-5515-9293,엔지니어,26
USER_7368,신준호,010-3413-2706,주부,38
USER_7370,장나영,010-3412-9970,직장인,66
USER_7371,장예진,010-8839-8469,대학생,23
USER_7372,한현우,010-1001-9928,자영업,49
USER_7373,오지우,010-1573-7746,대학생,22
USER_7376,윤지혜,010-4437-6086,주부,32
USER_7377,최건우,010-8886-9491,프리랜서,26
USER_7378,장준호,010-2851-4854,무직,35
USER_7381,서우진,010-7145-1627,대학생,46
USER_7383,서하은,010-9790-4487,대학생,40
USER_7384,최하은,010-8831-7852,직장인,50
USER_7388,서준호,010-9048-3735,직장인,24
USER_7389,조예진,010-2271-2867,공무원,62
USER_7390,정우진,010-3384-7006,자영업,47
USER_7392,오우진,010-9194-9129,엔지니어,56
USER_7393,한건우,010-3474-5127,무직,49
USER_7394,장지우,010-8449-6374,무직,68
USER_7395,윤지혜,010-9933-4837,전문직,33
USER_7397,오현우,010-8491-3105,주부,34
USER_7399,장현우,010-5142-5444,대학생,39
USER_7400,강서윤,010-2164-5253,엔지니어,47
USER_7401,임지우,010-1928-3832,무직,56
USER_7402,정지혜,010-8108-7119,공무원,26
USER_7403,신채원,010-5615-1484,전문직,60
USER_7404,김윤호,010-2963-1340,주부,68
USER_7405,한하은,010-1560-2953,대학생,38
USER_7407,한나영,010-9898-3025,직장인,54
USER_7408,윤준호,010-2724-1069,대학생,23
USER_7409,강현우,010-3937-3564,대학생,21
USER_7410,서예진,010-2124-7639,주부,62
USER_7411,신건우,010-2279-3089,직장인,32
USER_7412,조준호,010-9751-1043,프리랜서,66
USER_7413,최현우,010-2633-4497,주부,57
USER_7414,박지혜,010-2716-8401,전문직,47
USER_7416,박윤호,010-1343-3264,무직,47
USER_7417,장서윤,010-3629-2930,주부,41
USER_7419,윤민수,010-2304-9643,직장인,49
USER_7421,신지혜,010-7994-3299,직장인,38
USER_7422,박예진,010-4677-6643,대학생,32
USER_7423,박준호,010-7861-2011,공무원,51
USER_7424,조채원,010-1925-8705,무직,44
USER_7425,오우진,010-3172-2017,프리랜서,59
USER_7426,정우진,010-8130-5478,프리랜서,28
USER_7427,김나영,010-6535-7200,대학생,21
USER_7429,강우진,010-7677-6859,대학생,53
USER_7431,박하은,010-7168-8771,공무원,33
USER_7432,박예진,010-3062-6434,공무원,40
USER_7434,서채원,010-1549-2293,무직,30
USER_7435,최예진,010-9682-1730,전문직,59
USER_7436,서윤호,010-3085-3181,대학생,45
USER_7437,이준호,010-4424-1175,무직,65
USER_7439,서하은,010-5693-3767,주부,35
USER_7440,장도현,010-7696-8605,무직,61
USER_7443,정지혜,010-6631-3524,직장인,57
USER_7446,한준호,010-9526-2356,자영업,68
USER_7448,서도현,010-4712-2691,대학생,25
USER_7449,신예진,010-4848-2080,주부,26
USER_7450,한건우,010-8633-6769,프리랜서,55
USER_7451,강현우,010-4410-6555,주부,58
USER_7452,장민수,010-5356-7489,공무원,50
USER_7453,박지우,010-9251-4477,엔지니어,60
USER_7454,임서윤,010-1496-3078,프리랜서,42
USER_7455,박도현,010-3818-4306,프리랜서,48
USER_7456,이윤호,010-7214-9371,주부,67
USER_7460,조지우,010-6556-7990,대학생,53
USER_7462,김건우,010-7789-8935,공무원,31
USER_7464,정도현,010-4109-7118,프리랜서,44
USER_7465,이하은,010-7248-8379,전문직,64
USER_7466,김민수,010-9984-5354,직장인,42
USER_7467,정도현,010-6703-7039,직장인,24
USER_7468,정채원,010-4419-4381,엔지니어,58
USER_7469,서윤호,010-3801-8735,공무원,45
USER_7470,김서윤,010-5401-8328,직장인,24
USER_7471,박준호,010-6419-4291,무직,28
USER_7474,김채원,010-3672-9331,대학생,21
USER_7475,윤우진,010-7615-1566,무직,54
USER_7477,한서윤,010-3151-5733,대학생,39
USER_7478,김우진,010-7603-5607,엔지니어,27
USER_7479,조우진,010-9892-9595,엔지니어,61
USER_7481,오건우,010-7829-3435,주부,27
USER_7484,정지혜,010-6654-5008,엔지니어,57
USER_7485,신민수,010-9508-3403,프리랜서,41
USER_7487,신민수,010-3466-6969,주부,59
USER_7489,신우진,010-9213-8154,자영업,37
USER_7490,장우진,010-8855-2018,공무원,33
USER_7494,조준호,010-4068-7331,대학생,57
USER_7495,장지우,010-8561-2432,대학생,38
USER_7496,강하은,010-5942-5495,직장인,67
USER_7498,오서윤,010-1643-9934,직장인,66
USER_7499,이건우,010-3731-7522,엔지니어,62
USER_7500,정윤호,010-5931-7160,직장인,20
USER_7501,강윤호,010-7416-1092,대학생,43
USER_7503,신도현,010-7082-7026,직장인,30
USER_7504,신우진,010-3671-1856,공무원,61
USER_7505,조윤호,010-2958-5150,공무원,66
USER_7506,김윤호,010-8296-5442,대학생,38
USER_7508,정준호,010-7544-8361,무직,46
USER_7509,오도현,010-8384-9283,공무원,53
USER_7510,정예진,010-7958-3555,대학생,53
USER_7511,정하은,010-2352-6874,엔지니어,28
USER_7512,이건우,010-9860-9488,공무원,41
USER_7513,신윤호,010-5607-7864,공무원,32
USER_7514,조나영,010-7569-4296,대학생,21
USER_7515,윤하은,010-8980-7098,프리랜서,28
USER_7516,정민수,010-1029-1281,전문직,56
USER_7518,서하은,010-8211-1575,공무원,60
USER_7519,이예진,010-3903-4969,직장인,41
USER_7520,조현우,010-3670-1366,프리랜서,58
USER_7521,강민수,010-5828-8106,엔지니어,46
USER_7522,강지우,010-4027-4437,프리랜서,66
USER_7524,서도현,010-4311-5107,엔지니어,38
USER_7525,조준호,010-5139-1088,직장인,22
USER_7527,강윤호,010-3078-8446,직장인,22
USER_7528,이건우,010-1525-5952,엔지니어,48
USER_7529,강우진,010-7544-2918,대학생,22
USER_7532,장건우,010-5142-9116,공무원,48
USER_7533,장윤호,010-5724-8439,공무원,45
USER_7535,이지혜,010-5786-1885,주부,28
USER_7537,윤하은,010-9363-9494,무직,55
USER_7538,조민수,010-1007-5698,자영업,53
USER_7539,윤채원,010-4371-2867,전문직,55
USER_7540,장지혜,010-1152-2294,무직,32
USER_7542,최민수,010-5450-9630,대학생,20
USER_7543,정윤호,010-2071-9787,대학생,23
USER_7544,임건우,010-1008-7041,직장인,36
USER_7545,장지혜,010-3676-2106,주부,42
USER_7546,조채원,010-4942-7694,엔지니어,59
USER_7547,김채원,010-1940-5288,엔지니어,64
USER_7548,정지우,010-3825-6104,직장인,20
USER_7549,한건우,010-2924-1383,주부,47
USER_7550,신우진,010-7385-1815,무직,52
USER_7551,박준호,010-2367-8749,전문직,26
USER_7554,윤하은,010-3625-3419,엔지니어,61
USER_7555,강도현,010-2295-8527,직장인,37
USER_7560,조나영,010-8928-5747,프리랜서,46
USER_7561,조예진,010-2866-6189,대학생,24
USER_7562,정나영,010-8867-1861,전문직,68
USER_7566,장하은,010-5145-5167,공무원,28
USER_7568,김지혜,010-1386-1639,대학생,39
USER_7570,서현우,010-2263-1001,직장인,37
USER_7572,한준호,010-1750-7769,무직,68
USER_7573,서나영,010-6941-2714,직장인,33
USER_7574,윤지혜,010-1767-4924,공무원,29
USER_7575,임서윤,010-5072-4658,자영업,66
USER_7577,김나영,010-7568-3193,엔지니어,44
USER_7583,윤지우,010-2862-8820,직장인,56
USER_7586,오예진,010-9993-3220,대학생,42
USER_7587,김준호,010-1589-3647,엔지니어,49
USER_7589,오우진,010-7201-8756,공무원,41
USER_7591,장예진,010-2535-2185,전문직,27
USER_7592,최지혜,010-1758-1850,엔지니어,54
USER_7593,강서윤,010-4260-4108,프리랜서,26
USER_7594,정도현,010-4682-6850,무직,64
USER_7596,이우진,010-1025-3217,직장인,34
USER_7598,오현우,010-9253-1462,프리랜서,30
USER_7599,이건우,010-2689-7800,대학생,23
USER_7600,한지혜,010-4741-8149,프리랜서,44
USER_7601,김지혜,010-7743-1006,공무원,31
USER_7602,정하은,010-1520-3477,전문직,67
USER_7604,장채원,010-7604-5470,주부,65
USER_7605,장지우,010-9146-8792,자영업,50
USER_7606,정현우,010-4092-1466,공무원,41
USER_7607,박예진,010-4816-3049,주부,59
USER_7608,조나영,010-1880-2376,직장인,35
USER_7609,조예진,010-6873-4568,공무원,45
USER_7610,이지혜,010-2121-8208,무직,20
USER_7611,임현우,010-4120-2972,대학생,29
USER_7613,서하은,010-6393-4427,대학생,25
USER_7614,오채원,010-9471-6066,대학생,30
USER_7615,정도현,010-1375-1851,대학생,60
USER_7616,박예진,010-5441-4759,대학생,30
USER_7617,한건우,010-3920-7899,공무원,55
USER_7618,최준호,010-5889-2625,자영업,37
USER_7619,장예진,010-2078-7541,전문직,53
USER_7620,강건우,010-4600-1689,직장인,25
USER_7623,최건우,010-2284-5952,프리랜서,35
USER_7624,이서윤,010-8625-2953,전문직,68
USER_7627,이민수,010-1171-1738,엔지니어,46
USER_7628,조채원,010-1338-7128,주부,56
USER_7631,이도현,010-4774-4319,대학생,66
USER_7632,신준호,010-2977-9547,대학생,21
USER_7634,장건우,010-2339-8240,프리랜서,40
USER_7635,김예진,010-4013-3038,대학생,40
USER_7637,오지혜,010-6237-2327,직장인,26
USER_7638,김현우,010-1052-6232,무직,41
USER_7640,신준호,010-5155-6971,대학생,54
USER_7641,이하은,010-9928-6747,무직,27
USER_7642,신하은,010-3185-5678,엔지니어,38
USER_7643,신건우,010-7951-8709,무직,58
USER_7644,신하은,010-2575-3882,대학생,41
USER_7645,오하은,010-2355-9355,대학생,56
USER_7646,조준호,010-4807-4585,프리랜서,51
USER_7647,임지우,010-1861-6499,직장인,38
USER_7648,조나영,010-3722-1448,자영업,36
USER_7649,임윤호,010-9492-2586,대학생,28
USER_7651,박서윤,010-4123-3854,무직,27
USER_7652,김건우,010-9079-3530,전문직,52
USER_7654,정예진,010-2418-6441,공무원,37
USER_7655,신예진,010-7277-8278,자영업,39
USER_7657,한윤호,010-4180-6887,주부,64
USER_7658,장나영,010-3624-3814,대학생,24
USER_7659,박도현,010-7350-8658,엔지니어,33
USER_7660,임준호,010-4686-9028,프리랜서,61
USER_7662,김지혜,010-9606-4560,공무원,45
USER_7664,김도현,010-8517-7002,대학생,56
USER_7665,윤서윤,010-5272-4872,무직,32
USER_7666,오우진,010-5498-2377,프리랜서,51
USER_7670,한윤호,010-9959-1633,전문직,56
USER_7671,한현우,010-1441-1289,공무원,31
USER_7672,박도현,010-8526-3372,전문직,38
USER_7673,정지혜,010-1497-6465,직장인,53
USER_7674,최예진,010-2774-5918,주부,42
USER_7680,정지혜,010-8997-9739,주부,65
USER_7681,조윤호,010-6812-3654,엔지니어,27
USER_7682,최민수,010-9940-7544,대학생,21
USER_7683,임준호,010-1006-8361,대학생,23
USER_7684,윤민수,010-3015-7166,공무원,63
USER_7685,이도현,010-7965-6157,전문직,46
USER_7686,조지혜,010-3866-1780,공무원,43
USER_7687,김서윤,010-9688-2563,대학생,25
USER_7688,임하은,010-5313-4653,무직,30
USER_7689,임지혜,010-5926-3783,공무원,62
USER_7690,이서윤,010-8401-4896,직장인,40
USER_7694,강준호,010-7384-2226,무직,54
USER_7696,강민수,010-4599-4743,주부,37
USER_7697,윤건우,010-1136-5957,전문직,47
USER_7700,윤도현,010-8361-1480,대학생,66
USER_7701,강윤호,010-9241-9283,프리랜서,49
USER_7703,박하은,010-4398-5311,대학생,32
USER_7705,최채원,010-4480-5473,엔지니어,44
USER_7707,박하은,010-2660-8650,무직,20
USER_7709,서현우,010-5924-7556,전문직,49
USER_7710,임윤호,010-2018-4220,직장인,55
USER_7713,신건우,010-8283-2393,프리랜서,33
USER_7714,이건우,010-9838-6898,전문직,45
USER_7715,박민수,010-8079-6212,프리랜서,40
USER_7717,이현우,010-5187-6991,대학생,67
USER_7719,오채원,010-9583-4600,주부,56
USER_7721,김우진,010-7116-7128,엔지니어,38
USER_7722,윤지혜,010-1891-1967,전문직,47
USER_7723,임건우,010-4780-4015,자영업,59
USER_7724,강서윤,010-7961-2902,엔지니어,65
USER_7726,강지혜,010-6113-7317,자영업,39
USER_7727,한나영,010-4675-2491,무직,26
USER_7729,최서윤,010-4732-5630,직장인,21
USER_7730,정현우,010-8868-4315,무직,42
USER_7733,조민수,010-7050-9293,공무원,44
USER_7734,윤윤호,010-2546-7678,자영업,40
USER_7735,강우진,010-5848-5672,엔지니어,35
USER_7737,임지우,010-2600-9190,공무원,67
USER_7738,오준호,010-6334-3604,직장인,36
USER_7739,최나영,010-4402-7669,무직,53
USER_7740,윤지우,010-2784-4661,자영업,50
USER_7741,윤채원,010-8260-9029,주부,33
USER_7742,오윤호,010-3173-2570,무직,48
USER_7744,강윤호,010-7825-4747,자영업,68
USER_7747,정민수,010-3339-3897,무직,43
USER_7749,조서윤,010-4318-5544,대학생,33
USER_7750,최서윤,010-6074-7653,무직,21
USER_7751,김도현,010-4350-1032,무직,23
USER_7752,한채원,010-2004-5742,자영업,29
USER_7753,신건우,010-5013-4205,대학생,59
USER_7755,윤윤호,010-1604-9051,대학생,27
USER_7756,임나영,010-1240-7611,프리랜서,44
USER_7758,오건우,010-4410-1693,직장인,41
USER_7760,신윤호,010-2666-9859,무직,57
USER_7761,이준호,010-9781-1132,무직,21
USER_7766,장우진,010-8833-2792,전문직,65
USER_7767,윤서윤,010-1993-8916,무직,42
USER_7769,한지우,010-7184-1616,엔지니어,35
USER_7770,정도현,010-2229-1097,직장인,35
USER_7771,강현우,010-3597-5893,전문직,44
USER_7772,박준호,010-2501-3386,엔지니어,37
USER_7773,정예진,010-6809-8989,자영업,32
USER_7774,이건우,010-9234-5413,전문직,50
USER_7778,한지혜,010-7235-5291,전문직,49
USER_7779,김나영,010-7634-5645,직장인,64
USER_7782,오도현,010-2124-7969,프리랜서,40
USER_7783,김나영,010-8861-4783,무직,44
USER_7784,박윤호,010-4589-8685,엔지니어,37
USER_7785,신우진,010-2175-7113,대학생,49
USER_7786,한현우,010-6786-5108,공무원,66
USER_7789,장채원,010-9989-5899,전문직,47
USER_7790,박채원,010-1190-6656,직장인,66
USER_7791,정현우,010-4441-7767,직장인,20
USER_7794,김하은,010-8212-1433,전문직,37
USER_7797,최준호,010-6255-3217,무직,58
USER_7798,서현우,010-7662-9456,무직,46
USER_7799,윤현우,010-9797-8239,주부,33
USER_7800,임윤호,010-9466-1315,직장인,22
USER_7801,정나영,010-6249-7581,전문직,56
USER_7802,정윤호,010-5676-5355,공무원,53
USER_7804,강우진,010-4164-3693,대학생,23
USER_7805,조지혜,010-4234-9459,공무원,65
USER_7806,강채원,010-8483-4752,엔지니어,31
USER_7809,이민수,010-7770-1477,주부,64
USER_7810,장채원,010-5357-5371,대학생,34
USER_7812,최채원,010-7268-7770,주부,62
USER_7815,조윤호,010-4983-7773,프리랜서,53
USER_7816,장준호,010-6989-6544,프리랜서,50
USER_7817,장예진,010-8107-3867,무직,24
USER_7819,장하은,010-4794-5356,전문직,63
USER_7820,정윤호,010-3595-5584,대학생,60
USER_7822,최현우,010-4307-7623,무직,37
USER_7824,정윤호,010-9520-2642,무직,45
USER_7825,장건우,010-9992-1345,대학생,62
USER_7828,장지우,010-7792-2017,대학생,21
USER_7829,박도현,010-9070-4724,주부,66
USER_7830,서준호,010-4993-3981,전문직,55
USER_7831,최건우,010-7941-3602,주부,38
USER_7832,이하은,010-8241-6707,전문직,34
USER_7833,한채원,010-1284-8437,자영업,47
USER_7834,김하은,010-9110-5099,엔지니어,49
USER_7835,한윤호,010-6180-6282,프리랜서,51
USER_7839,장현우,010-6635-7663,전문직,53
USER_7840,임민수,010-6835-1569,대학생,38
USER_7841,장도현,010-2901-5075,주부,58
USER_7842,이예진,010-1994-2218,전문직,44
USER_7843,이하은,010-7991-6802,공무원,64
USER_7844,오채원,010-2220-7045,프리랜서,59
USER_7845,신서윤,010-8260-5577,직장인,48
USER_7847,최나영,010-8163-1582,대학생,22
USER_7848,최채원,010-3790-2113,공무원,63
USER_7849,임현우,010-8094-9079,자영업,68
USER_7850,윤준호,010-8907-1374,대학생,22
USER_7852,정우진,010-8428-4325,공무원,32
USER_7853,임채원,010-6197-7312,무직,39
USER_7855,박민수,010-9823-4632,엔지니어,40
USER_7856,서예진,010-8844-4753,공무원,46
USER_7857,최현우,010-2901-6679,자영업,61
USER_7860,서서윤,010-5120-8792,공무원,51
USER_7863,조하은,010-5728-1808,공무원,54
USER_7864,윤예진,010-3810-9457,공무원,51
USER_7866,임준호,010-6577-1678,프리랜서,39
USER_7868,장윤호,010-8391-4188,직장인,59
USER_7870,이우진,010-1729-7427,대학생,20
USER_7874,이서윤,010-2746-1362,무직,68
USER_7876,오민수,010-9438-8977,대학생,25
USER_7878,서지혜,010-8304-8624,공무원,33
USER_7879,강나영,010-4411-4080,대학생,22
USER_7881,조예진,010-5753-7179,자영업,37
USER_7882,한윤호,010-6732-9898,엔지니어,65
USER_7883,김윤호,010-7952-1255,직장인,30
USER_7884,오민수,010-7084-1307,직장인,23
USER_7885,신지우,010-2427-2786,전문직,26
USER_7886,임준호,010-7258-4454,무직,50
USER_7887,박지혜,010-1922-1197,엔지니어,51
USER_7890,서건우,010-9563-4498,주부,56
USER_7891,최건우,010-8865-9491,대학생,23
USER_7893,서우진,010-7928-1370,대학생,53
USER_7894,윤건우,010-3988-7347,대학생,21
USER_7895,정나영,010-8968-7687,공무원,53
USER_7896,이지혜,010-3148-2134,무직,48
USER_7897,임나영,010-5453-7795,전문직,49
USER_7898,서채원,010-4201-3009,대학생,68
USER_7899,이윤호,010-4894-2977,자영업,57
USER_7900,조준호,010-9721-5344,직장인,43
USER_7902,조나영,010-2552-4873,직장인,45
USER_7903,서도현,010-3739-8166,공무원,49
USER_7904,신현우,010-5974-6857,직장인,39
USER_7906,신하은,010-3874-6651,프리랜서,33
USER_7907,윤하은,010-7763-6116,직장인,46
USER_7908,강도현,010-3177-9231,대학생,54
USER_7909,이우진,010-8050-8551,직장인,20
USER_7911,서민수,010-9126-7643,자영업,59
USER_7912,정윤호,010-8435-7492,엔지니어,50
USER_7913,조준호,010-2753-2288,무직,26
USER_7914,최준호,010-4053-4213,무직,59
USER_7916,임민수,010-6690-4905,프리랜서,55
USER_7919,윤지혜,010-3978-7484,대학생,20
USER_7920,이서윤,010-6819-2600,전문직,55
USER_7921,박건우,010-7677-8162,대학생,60
USER_7922,윤준호,010-5674-8438,엔지니어,52
USER_7923,오윤호,010-4430-5840,전문직,49
USER_7925,최우진,010-4479-3751,엔지니어,28
USER_7927,최나영,010-3331-4690,엔지니어,60
USER_7929,신하은,010-9057-1827,자영업,52
USER_7930,조윤호,010-1414-7264,자영업,45
USER_7933,임현우,010-9541-8296,직장인,67
USER_7934,서우진,010-7141-2244,무직,42
USER_7935,서현우,010-1956-1812,프리랜서,52
USER_7941,장건우,010-1093-9798,대학생,32
USER_7942,오민수,010-3452-4956,자영업,40
USER_7944,한민수,010-4643-8941,무직,44
USER_7945,최하은,010-8284-4085,엔지니어,35
USER_7947,이준호,010-2103-4224,대학생,52
USER_7949,조예진,010-4674-1584,자영업,35
USER_7950,오지혜,010-8513-6024,무직,66
USER_7951,한현우,010-6643-1401,공무원,28
USER_7953,박나영,010-7762-4007,대학생,67
USER_7954,정예진,010-4922-1438,자영업,39
USER_7955,신윤호,010-8129-7219,무직,51
USER_7957,신건우,010-5572-3298,무직,22
USER_7958,신준호,010-9807-7515,대학생,23
USER_7960,박우진,010-6842-1123,대학생,52
USER_7963,강나영,010-7099-4809,대학생,64
USER_7964,한하은,010-2738-1126,프리랜서,56
USER_7965,임나영,010-4323-8555,대학생,25
USER_7967,정윤호,010-4800-4523,대학생,23
USER_7968,서나영,010-7776-1400,주부,37
USER_7970,윤예진,010-7416-4424,전문직,40
USER_7971,윤건우,010-6281-6422,엔지니어,59
USER_7973,윤준호,010-1149-7524,대학생,20
USER_7974,한도현,010-5864-1062,공무원,62
USER_7976,조도현,010-1871-7285,대학생,48
USER_7977,한나영,010-6799-5554,대학생,33
USER_7978,임현우,010-5389-9914,엔지니어,28
USER_7979,정건우,010-9644-8568,공무원,43
USER_7981,김도현,010-2843-9871,직장인,21
USER_7982,한지혜,010-9470-1039,대학생,25
USER_7983,최지우,010-9418-9181,무직,64
USER_7984,조우진,010-8911-1864,대학생,47
USER_7985,이나영,010-1649-6746,주부,51
USER_7988,장서윤,010-7512-7381,직장인,20
USER_7991,임윤호,010-7237-6985,자영업,63
USER_7992,장윤호,010-5223-5666,전문직,34
USER_7994,장현우,010-9768-8782,전문직,61
USER_7995,김하은,010-7238-4223,대학생,45
USER_7996,장윤호,010-7327-6648,대학생,20
USER_7997,강현우,010-5845-9977,주부,61
USER_8000,정윤호,010-2193-6473,무직,43
USER_8001,오우진,010-5329-1442,프리랜서,38
USER_8002,최윤호,010-8531-9674,전문직,38
USER_8003,윤채원,010-1486-3931,대학생,37
USER_8005,윤지우,010-9889-5667,자영업,47
USER_8006,임민수,010-7466-8991,무직,29
USER_8007,장현우,010-9992-4066,공무원,36
USER_8008,임예진,010-1126-4142,자영업,44
USER_8010,신민수,010-8262-4755,대학생,62
USER_8011,서예진,010-7662-7583,대학생,22
USER_8012,정윤호,010-4585-4730,주부,29
USER_8014,박지혜,010-5495-1558,직장인,29
USER_8016,한우진,010-4512-3590,직장인,38
USER_8017,김현우,010-8805-3368,직장인,31
USER_8018,서나영,010-8289-5978,직장인,50
USER_8019,이민수,010-9533-1756,자영업,61
USER_8021,강지우,010-4593-6284,직장인,68
USER_8023,한우진,010-1129-7588,공무원,68
USER_8027,김하은,010-9749-2371,전문직,64
USER_8028,정우진,010-7692-2050,전문직,53
USER_8031,정채원,010-1136-9280,직장인,27
USER_8032,조지혜,010-4489-3427,주부,57
USER_8033,신예진,010-8378-9848,직장인,57
USER_8034,임윤호,010-1139-7558,직장인,54
USER_8036,정하은,010-4921-6948,자영업,55
USER_8037,김채원,010-3632-5716,주부,52
USER_8039,강민수,010-2094-4952,대학생,56
USER_8040,조나영,010-8857-3302,프리랜서,56
USER_8044,최지우,010-6129-2635,자영업,37
USER_8046,이하은,010-5956-5235,주부,36
USER_8047,김우진,010-6682-5767,엔지니어,29
USER_8050,신민수,010-2735-1557,프리랜서,32
USER_8051,조지우,010-4406-1017,대학생,47
USER_8055,강하은,010-1010-6980,자영업,55
USER_8057,조도현,010-2164-7720,대학생,20
USER_8058,최도현,010-8325-7869,전문직,55
USER_8059,임민수,010-7644-3865,엔지니어,63
USER_8060,박예진,010-8269-8220,엔지니어,68
USER_8061,정우진,010-5015-5091,전문직,66
USER_8064,윤우진,010-3913-5348,자영업,29
USER_8065,한지혜,010-3839-1315,대학생,60
USER_8066,임도현,010-4663-7489,주부,53
USER_8067,한나영,010-9152-9838,프리랜서,63
USER_8068,최도현,010-9955-8390,대학생,22
USER_8069,최윤호,010-1718-8547,공무원,62
USER_8070,박서윤,010-2228-8623,대학생,68
USER_8072,장민수,010-1430-1602,무직,23
USER_8073,윤윤호,010-9264-3096,무직,24
USER_8074,신건우,010-1007-2215,프리랜서,27
USER_8076,강민수,010-3935-5405,무직,41
USER_8077,최윤호,010-2844-3450,무직,33
USER_8079,장현우,010-3848-9417,엔지니어,54
USER_8080,최하은,010-6427-1401,프리랜서,30
USER_8082,조도현,010-5246-3074,자영업,62
USER_8087,강현우,010-5902-6307,주부,41
USER_8089,임나영,010-9025-3004,대학생,39
USER_8090,박지혜,010-6070-9031,대학생,64
USER_8091,장지우,010-2029-5671,주부,59
USER_8092,임하은,010-7961-4805,주부,53
USER_8093,김민수,010-5494-5784,프리랜서,37
USER_8094,임현우,010-2895-3955,주부,34
USER_8096,윤도현,010-9565-7255,전문직,63
USER_8097,장서윤,010-7606-8687,엔지니어,59
USER_8098,강현우,010-4181-8926,직장인,23
USER_8101,정지우,010-8296-8856,직장인,33
USER_8103,윤채원,010-9589-3142,직장인,43
USER_8105,강서윤,010-1030-8053,무직,66
USER_8106,강나영,010-3103-3796,직장인,33
USER_8107,장지우,010-8533-4405,공무원,54
USER_8109,김나영,010-4400-8626,주부,52
USER_8110,신지우,010-4029-9384,공무원,50
USER_8111,정도현,010-4393-1692,공무원,40
USER_8112,한준호,010-1856-6013,주부,61
USER_8114,한하은,010-2020-2951,공무원,58
USER_8115,강지혜,010-2952-2597,주부,28
USER_8118,김준호,010-7846-7724,프리랜서,39
USER_8120,윤채원,010-5171-4219,자영업,47
USER_8123,서지혜,010-6661-4719,직장인,38
USER_8124,신건우,010-5782-2482,공무원,44
USER_8125,정예진,010-3960-9870,주부,63
USER_8128,최윤호,010-9554-3738,자영업,48
USER_8129,신건우,010-5869-3336,무직,64
USER_8130,장건우,010-1587-7599,프리랜서,27
USER_8131,조우진,010-6184-4957,무직,52
USER_8133,조우진,010-4818-4385,전문직,37
USER_8134,조서윤,010-3951-3622,직장인,32
USER_8135,김지우,010-4352-2736,전문직,65
USER_8138,박서윤,010-3487-4699,주부,26
USER_8139,윤준호,010-5413-8720,대학생,46
USER_8140,장지혜,010-4908-2394,공무원,32
USER_8141,최건우,010-6645-4067,프리랜서,57
USER_8143,정나영,010-7411-4077,주부,63
USER_8145,한건우,010-1219-7107,전문직,42
USER_8146,신우진,010-6620-3256,무직,23
USER_8147,윤민수,010-2863-1579,무직,55
USER_8150,임준호,010-8202-3949,직장인,49
USER_8151,서우진,010-5610-5660,무직,41
USER_8152,정나영,010-7481-5903,엔지니어,60
USER_8154,조준호,010-5295-7947,프리랜서,54
USER_8155,박예진,010-1634-9099,전문직,58
USER_8156,한서윤,010-4678-7351,대학생,25
USER_8157,강우진,010-6814-6541,직장인,32
USER_8160,신현우,010-6614-8511,프리랜서,63
USER_8162,강건우,010-7148-3150,프리랜서,56
USER_8165,서서윤,010-1424-8564,무직,51
USER_8166,한하은,010-8646-3613,대학생,25
USER_8168,김윤호,010-4131-5862,전문직,59
USER_8171,최하은,010-8053-1285,직장인,22
USER_8173,장윤호,010-4637-9218,무직,28
USER_8175,임준호,010-9825-6968,주부,35
USER_8177,강준호,010-8693-4447,주부,67
USER_8178,정채원,010-6137-6075,대학생,23
USER_8179,장우진,010-2233-6747,프리랜서,56
USER_8180,김민수,010-7716-1153,주부,28
USER_8181,장하은,010-1159-8643,전문직,62
USER_8182,정나영,010-8278-2544,주부,33
USER_8184,최준호,010-3936-4704,무직,46
USER_8186,조도현,010-2564-4307,자영업,59
USER_8188,서민수,010-4791-4088,주부,66
USER_8189,한민수,010-8089-4450,엔지니어,34
USER_8190,서나영,010-3998-3579,대학생,68
USER_8191,조채원,010-7319-9127,엔지니어,65
USER_8192,오준호,010-2937-9891,주부,29
USER_8193,한하은,010-1813-2946,직장인,22
USER_8197,한건우,010-5890-8394,공무원,32
USER_8198,임건우,010-5825-3044,무직,35
USER_8200,장하은,010-3687-1392,공무원,31
USER_8203,임지우,010-1784-2540,대학생,60
USER_8206,강서윤,010-1693-1846,전문직,67
USER_8213,장윤호,010-4556-6643,엔지니어,52
USER_8215,윤채원,010-1731-3689,무직,67
USER_8216,최예진,010-6076-5726,직장인,25
USER_8218,신나영,010-6669-2394,엔지니어,53
USER_8221,한예진,010-5798-4819,직장인,36
USER_8223,서현우,010-5874-9468,대학생,24
USER_8225,한우진,010-6723-7053,직장인,64
USER_8226,장예진,010-9680-6371,무직,24
USER_8227,서건우,010-6987-5446,직장인,48
USER_8228,조건우,010-9044-3098,공무원,51
USER_8230,한현우,010-4687-9712,대학생,37
USER_8231,장하은,010-9524-2036,대학생,25
USER_8232,신도현,010-4649-5784,주부,30
USER_8233,한하은,010-2245-7083,직장인,58
USER_8234,임나영,010-1326-8378,무직,20
USER_8235,박준호,010-2912-1556,공무원,65
USER_8236,김건우,010-4131-6807,전문직,34
USER_8241,강지혜,010-3025-1750,주부,50
USER_8243,오민수,010-4960-8107,전문직,64
USER_8245,정하은,010-1455-9375,자영업,60
USER_8246,한민수,010-8466-3470,직장인,54
USER_8247,박채원,010-9684-1082,공무원,48
USER_8248,정현우,010-3363-8208,무직,53
USER_8250,강지우,010-8773-3430,공무원,59
USER_8251,조현우,010-7836-9995,엔지니어,63
USER_8252,이윤호,010-6868-4013,자영업,42
USER_8253,서지혜,010-8323-1283,공무원,54
USER_8254,서민수,010-3714-4504,무직,37
USER_8255,임지우,010-8699-7589,주부,31
USER_8259,장민수,010-4703-3921,주부,50
USER_8260,최나영,010-1734-8065,대학생,21
USER_8261,최나영,010-4383-6530,엔지니어,68
USER_8262,강나영,010-4584-7439,공무원,66
USER_8266,정준호,010-5191-8569,직장인,31
USER_8267,오채원,010-7624-4392,무직,25
USER_8269,박지혜,010-7694-3527,직장인,21
USER_8270,강채원,010-7450-7747,엔지니어,40
USER_8272,최지혜,010-3237-6300,직장인,34
USER_8273,오지혜,010-4702-5425,프리랜서,57
USER_8274,강민수,010-4605-9603,자영업,48
USER_8275,최서윤,010-3541-4558,무직,24
USER_8276,강지혜,010-2032-3165,대학생,21
USER_8277,임나영,010-3732-9442,공무원,42
USER_8279,서나영,010-7471-7955,자영업,42
USER_8281,이나영,010-9222-8570,직장인,66
USER_8283,강지우,010-9811-3103,직장인,55
USER_8285,강지우,010-6922-9297,엔지니어,59
USER_8286,한지우,010-9792-5466,엔지니어,63
USER_8288,오윤호,010-5287-8586,자영업,57
USER_8289,조윤호,010-6284-9381,전문직,55
USER_8291,오지혜,010-2927-1834,대학생,52
USER_8292,임민수,010-6928-2474,공무원,39
USER_8293,임하은,010-6028-6329,공무원,34
USER_8294,오서윤,010-7974-2482,대학생,22
USER_8295,정건우,010-3957-9627,주부,43
USER_8297,윤민수,010-8637-1822,프리랜서,61
USER_8298,장도현,010-6355-2625,주부,31
USER_8299,임서윤,010-6181-1358,대학생,23
USER_8300,강도현,010-3948-9826,자영업,41
USER_8302,오지혜,010-1578-3486,프리랜서,45
USER_8303,오도현,010-9361-2332,대학생,41
USER_8306,서하은,010-7442-1275,전문직,61
USER_8307,윤지혜,010-3614-5224,전문직,30
USER_8309,박하은,010-1628-2928,무직,21
USER_8310,장현우,010-1310-6297,무직,56
USER_8312,정채원,010-5113-3794,무직,23
USER_8313,박건우,010-8417-9479,무직,30
USER_8314,박예진,010-3761-5842,자영업,46
USER_8317,조서윤,010-5847-4675,대학생,55
USER_8319,박서윤,010-2905-6385,직장인,57
USER_8320,최건우,010-9178-6161,자영업,61
USER_8321,신나영,010-2116-1037,프리랜서,26
USER_8322,조민수,010-2296-7357,자영업,46
USER_8323,강도현,010-9242-5570,대학생,34
USER_8325,박윤호,010-3173-4041,무직,54
USER_8326,강도현,010-7940-8569,공무원,52
USER_8327,윤나영,010-9636-8165,엔지니어,63
USER_8329,이지혜,010-5792-6143,엔지니어,66
USER_8331,윤지혜,010-1559-7090,직장인,28
USER_8332,이현우,010-2545-6748,엔지니어,53
USER_8333,최윤호,010-7844-2608,전문직,60
USER_8334,정우진,010-5944-4794,직장인,68
USER_8335,장나영,010-1352-9001,자영업,68
USER_8336,임지혜,010-2360-6874,무직,56
USER_8337,정채원,010-1007-2600,무직,64
USER_8339,박예진,010-1171-9171,자영업,34
USER_8341,조나영,010-6331-3203,주부,48
USER_8342,박지우,010-3733-6976,전문직,40
USER_8344,한민수,010-8361-9348,대학생,68
USER_8346,신채원,010-9898-4811,전문직,52
USER_8348,이채원,010-1157-6149,엔지니어,61
USER_8349,박도현,010-2384-4968,자영업,62
USER_8350,강나영,010-9011-6702,자영업,38
USER_8351,조나영,010-4635-1405,엔지니어,46
USER_8352,신서윤,010-3272-8175,공무원,49
USER_8353,김지혜,010-5225-2044,프리랜서,55
USER_8354,윤채원,010-6770-4104,프리랜서,27
USER_8355,신윤호,010-1634-1702,프리랜서,54
USER_8356,조예진,010-7542-4875,직장인,66
USER_8359,조나영,010-9274-7619,공무원,57
USER_8362,이서윤,010-1585-8196,직장인,46
USER_8363,신채원,010-2871-6602,자영업,54
USER_8364,윤지혜,010-7954-3642,자영업,31
USER_8366,조건우,010-8058-9859,자영업,52
USER_8367,한지우,010-7602-5357,대학생,20
USER_8368,신우진,010-8945-5780,공무원,59
USER_8370,박지우,010-1805-5986,자영업,28
USER_8372,서예진,010-4225-1923,공무원,47
USER_8373,김지혜,010-3381-4438,전문직,64
USER_8374,정민수,010-7835-4550,자영업,64
USER_8375,장하은,010-3313-4078,직장인,45
USER_8376,최윤호,010-7082-4212,자영업,62
USER_8377,이우진,010-3156-1653,무직,62
USER_8378,윤건우,010-4282-8126,주부,66
USER_8379,조서윤,010-8004-1078,무직,63
USER_8381,장하은,010-6406-4663,무직,63
USER_8383,한민수,010-7154-5982,엔지니어,57
USER_8386,정우진,010-1582-1536,직장인,44
USER_8388,이지혜,010-4945-5248,무직,24
USER_8391,최지우,010-9888-4540,프리랜서,42
USER_8393,오준호,010-3287-2266,전문직,50
USER_8395,조지혜,010-1412-5446,무직,26
USER_8396,정준호,010-8908-4396,자영업,60
USER_8398,장건우,010-2335-1857,프리랜서,31
USER_8399,정채원,010-1199-7443,주부,68
USER_8401,윤민수,010-3572-1041,자영업,33
USER_8402,서윤호,010-7778-8985,전문직,31
USER_8405,한준호,010-2127-3069,공무원,37
USER_8406,이예진,010-2597-4565,주부,43
USER_8408,오나영,010-2958-5987,프리랜서,34
USER_8411,서나영,010-3972-6277,무직,62
USER_8412,서민수,010-2812-9876,자영업,63
USER_8413,김민수,010-3773-1090,주부,52
USER_8416,김윤호,010-6133-8439,자영업,27
USER_8419,김지혜,010-3198-5659,직장인,46
USER_8420,김하은,010-2062-1463,대학생,34
USER_8421,강지우,010-6446-9035,무직,52
USER_8422,이윤호,010-1805-2413,직장인,47
USER_8423,한지우,010-2897-1210,대학생,44
USER_8424,조현우,010-9295-7479,직장인,53
USER_8425,윤서윤,010-4233-8008,공무원,30
USER_8426,신건우,010-9862-6331,주부,68
USER_8427,윤나영,010-6575-4318,프리랜서,49
USER_8429,한서윤,010-2396-7531,대학생,20
USER_8430,신하은,010-2959-8470,자영업,60
USER_8431,최도현,010-9810-7832,자영업,60
USER_8432,오건우,010-7126-3472,전문직,36
USER_8433,정나영,010-2847-5041,공무원,37
USER_8434,정윤호,010-6378-8395,직장인,38
USER_8436,이지혜,010-7055-3289,대학생,24
USER_8437,임윤호,010-6869-9374,대학생,21
USER_8439,박건우,010-1367-6653,무직,32
USER_8441,조채원,010-3394-1076,프리랜서,38
USER_8443,박지우,010-5430-7052,엔지니어,67
USER_8445,오예진,010-8159-2726,공무원,60
USER_8447,강지우,010-2974-6169,전문직,64
USER_8448,오서윤,010-2813-3554,대학생,23
USER_8450,박서윤,010-4295-5518,프리랜서,68
USER_8455,김현우,010-8868-1723,공무원,38
USER_8458,서민수,010-4448-8436,무직,53
USER_8462,임지우,010-4307-1838,대학생,21
USER_8464,강도현,010-6479-3308,직장인,20
USER_8465,최예진,010-4000-1477,직장인,24
USER_8466,이윤호,010-5779-4722,공무원,46
USER_8468,장도현,010-1471-3808,대학생,55
USER_8469,신우진,010-2909-6496,자영업,64
USER_8471,이건우,010-5771-7440,직장인,24
USER_8473,정현우,010-6598-5264,주부,60
USER_8474,신윤호,010-7787-4342,자영업,65
USER_8475,조예진,010-2727-6636,주부,59
USER_8477,이윤호,010-2989-6612,프리랜서,58
USER_8478,이예진,010-1720-4921,무직,30
USER_8479,임하은,010-1489-6211,엔지니어,32
USER_8480,오현우,010-2481-5914,무직,66
USER_8481,최우진,010-9805-7348,주부,64
USER_8482,장지혜,010-1772-4765,엔지니어,34
USER_8483,강준호,010-3418-2883,대학생,53
USER_8485,조지우,010-4845-4653,엔지니어,54
USER_8486,윤도현,010-9039-9520,공무원,45
USER_8487,조서윤,010-6105-3085,프리랜서,60
USER_8488,서지혜,010-6684-7158,프리랜서,56
USER_8489,신현우,010-1512-8682,대학생,25
USER_8491,윤우진,010-4015-8861,자영업,47
USER_8493,오우진,010-9910-6440,자영업,47
USER_8494,정지혜,010-1818-9424,공무원,52
USER_8496,서우진,010-8841-9729,직장인,41
USER_8498,임채원,010-7077-7911,공무원,47
USER_8499,서지우,010-2016-9069,주부,33
USER_8500,오서윤,010-7028-1607,자영업,51
USER_8501,윤현우,010-7190-8125,직장인,37
USER_8502,조민수,010-4618-9435,대학생,24
USER_8503,강나영,010-5568-2372,직장인,30
USER_8504,김서윤,010-9098-9142,엔지니어,51
USER_8505,강현우,010-8781-3664,무직,20
USER_8506,이윤호,010-3877-6295,직장인,58
USER_8509,장도현,010-8424-9351,자영업,52
USER_8510,한지혜,010-9445-9424,자영업,65
USER_8512,신윤호,010-8952-5867,직장인,51
USER_8513,김민수,010-7546-8318,엔지니어,62
USER_8514,신나영,010-8003-1284,무직,31
USER_8515,조준호,010-8097-5827,공무원,40
USER_8516,최서윤,010-3637-7173,대학생,34
USER_8518,오하은,010-2443-8415,대학생,22
USER_8520,정지우,010-7168-9943,주부,38
USER_8521,이서윤,010-6242-1190,대학생,21
USER_8522,김윤호,010-3395-7527,직장인,21
USER_8523,임나영,010-2267-7433,대학생,47
USER_8526,오민수,010-2995-8848,자영업,68
USER_8527,장나영,010-8403-1023,대학생,21
USER_8528,정건우,010-6284-4713,대학생,67
USER_8529,오윤호,010-7907-9341,직장인,50
USER_8530,김서윤,010-5158-7511,자영업,39
USER_8532,이준호,010-5955-9076,대학생,59
USER_8534,장현우,010-4955-6631,직장인,57
USER_8536,신준호,010-8638-6368,대학생,39
USER_8537,임지혜,010-5292-1631,무직,20
USER_8538,서예진,010-4117-3051,대학생,51
USER_8539,강서윤,010-1651-7994,대학생,35
USER_8540,김현우,010-6628-8363,직장인,38
USER_8541,이현우,010-6982-6632,대학생,67
USER_8542,강나영,010-6342-9510,전문직,58
USER_8543,이건우,010-4173-9272,프리랜서,50
USER_8544,김예진,010-7740-1577,자영업,58
USER_8545,최지우,010-7591-8151,프리랜서,46
USER_8546,박채원,010-1716-7383,대학생,61
USER_8547,서하은,010-8165-1486,대학생,24
USER_8548,김민수,010-3643-2349,주부,36
USER_8549,장예진,010-3462-5708,자영업,68
USER_8552,박지혜,010-7744-5020,직장인,53
USER_8555,조예진,010-3036-7417,전문직,41
USER_8562,최우진,010-3041-6222,직장인,44
USER_8563,강하은,010-4071-4116,전문직,58
USER_8564,정채원,010-5213-1380,공무원,39
USER_8565,김윤호,010-5951-9416,엔지니어,59
USER_8567,한도현,010-3912-7776,직장인,40
USER_8569,신윤호,010-1171-3331,공무원,53
USER_8571,최서윤,010-4937-5788,대학생,21
USER_8572,임우진,010-7995-7762,직장인,30
USER_8573,장준호,010-9629-9967,무직,59
USER_8574,윤도현,010-4610-9044,대학생,25
USER_8576,임건우,010-2729-2113,프리랜서,31
USER_8577,정지혜,010-5009-2715,엔지니어,60
USER_8579,한서윤,010-1662-3661,전문직,49
USER_8581,한현우,010-9224-3266,대학생,59
USER_8582,조우진,010-4847-9573,직장인,47
USER_8584,장나영,010-1473-4143,엔지니어,36
USER_8585,임하은,010-7095-5591,무직,54
USER_8586,신나영,010-7772-6710,엔지니어,56
USER_8588,임윤호,010-4902-8736,무직,60
USER_8589,임윤호,010-7713-5620,대학생,59
USER_8594,오서윤,010-3803-9623,직장인,60
USER_8595,윤민수,010-5908-9601,무직,38
USER_8597,신준호,010-3128-7894,무직,29
USER_8599,박예진,010-8959-3651,대학생,66
USER_8600,임건우,010-2425-4377,대학생,45
USER_8601,정윤호,010-3499-6155,프리랜서,43
USER_8602,신우진,010-8648-1719,직장인,63
USER_8605,조도현,010-8348-8822,엔지니어,49
USER_8606,김우진,010-9360-9808,프리랜서,31
USER_8607,서우진,010-7950-4017,자영업,63
USER_8609,한준호,010-6565-3349,전문직,33
USER_8610,장준호,010-1086-1605,직장인,25
USER_8611,강채원,010-9931-7982,무직,60
USER_8614,한현우,010-7221-4902,직장인,60
USER_8615,한지혜,010-3360-7987,직장인,67
USER_8616,임민수,010-4703-4765,대학생,48
USER_8619,윤서윤,010-5574-5730,직장인,60
USER_8621,윤서윤,010-8666-2087,대학생,20
USER_8622,조민수,010-3730-9400,자영업,59
USER_8624,한건우,010-4836-5554,프리랜서,57
USER_8625,김채원,010-9543-2879,공무원,48
USER_8626,오현우,010-2493-7950,무직,61
USER_8627,김예진,010-3881-3875,직장인,40
USER_8628,임도현,010-6953-3249,전문직,64
USER_8629,윤하은,010-1796-5820,대학생,45
USER_8630,오예진,010-2657-3531,엔지니어,52
USER_8631,김채원,010-7189-6545,대학생,23
USER_8634,정지우,010-3298-5397,엔지니어,47
USER_8635,조현우,010-4369-8490,직장인,35
USER_8636,오나영,010-6922-1693,대학생,24
USER_8637,장건우,010-8619-8825,공무원,58
USER_8639,임예진,010-8044-1798,주부,51
USER_8640,정윤호,010-8226-9831,엔지니어,34
USER_8642,김우진,010-5608-6142,직장인,20
USER_8644,김예진,010-5248-5848,자영업,35
USER_8645,조채원,010-8462-9776,자영업,65
USER_8647,박윤호,010-3410-6144,대학생,22
USER_8648,최지우,010-3153-4563,자영업,37
USER_8649,정윤호,010-1240-9081,무직,52
USER_8650,장현우,010-9463-9512,엔지니어,60
USER_8651,박도현,010-2311-8348,엔지니어,39
USER_8652,이민수,010-3772-3636,무직,49
USER_8653,오준호,010-4741-2362,주부,35
USER_8654,장지혜,010-3797-2627,무직,48
USER_8655,임지우,010-2826-5774,직장인,59
USER_8656,서민수,010-6942-2203,자영업,34
USER_8657,정서윤,010-9131-4254,주부,43
USER_8659,박준호,010-6986-7360,무직,23
USER_8660,김하은,010-6914-8111,직장인,60
USER_8662,최지혜,010-9430-2331,직장인,51
USER_8664,신민수,010-9880-8323,대학생,20
USER_8665,장서윤,010-2786-1556,프리랜서,55
USER_8666,장건우,010-1253-2407,공무원,36
USER_8667,강지우,010-9241-8856,대학생,20
USER_8668,한도현,010-8544-9577,무직,60
USER_8669,김건우,010-8677-5636,직장인,63
USER_8671,이윤호,010-2065-4901,대학생,48
USER_8673,이우진,010-4634-5572,전문직,32
USER_8674,서지우,010-4595-2797,자영업,38
USER_8676,임민수,010-8875-3232,자영업,32
USER_8678,최채원,010-6680-5706,엔지니어,39
USER_8679,조준호,010-4092-5236,공무원,68
USER_8680,최우진,010-5978-6354,직장인,46
USER_8681,신민수,010-6386-2460,주부,34
USER_8682,서민수,010-7616-3907,자영업,37
USER_8683,서준호,010-2007-7903,주부,46
USER_8684,최준호,010-8772-3105,엔지니어,35
USER_8685,정서윤,010-9999-9532,주부,26
USER_8686,한윤호,010-4679-7709,주부,43
USER_8687,정윤호,010-3183-7945,엔지니어,61
USER_8688,서도현,010-8817-8394,무직,41
USER_8690,오도현,010-1440-9601,공무원,43
USER_8691,임채원,010-8905-2961,프리랜서,42
USER_8692,정도현,010-1787-5209,대학생,68
USER_8694,임건우,010-8004-4668,자영업,57
USER_8695,정서윤,010-3974-3086,자영업,66
USER_8696,오나영,010-2456-4643,대학생,39
USER_8697,장현우,010-4191-1038,자영업,48
USER_8698,강윤호,010-3262-6096,주부,39
USER_8699,정서윤,010-4121-7941,프리랜서,28
USER_8700,조하은,010-2966-5868,대학생,63
USER_8702,신도현,010-5151-6060,무직,49
USER_8703,한지우,010-4795-6106,주부,43
USER_8707,윤현우,010-2647-9264,공무원,68
USER_8708,한건우,010-8779-6096,무직,63
USER_8709,임서윤,010-2072-9707,공무원,38
USER_8710,이나영,010-2906-7300,자영업,36
USER_8711,최건우,010-6948-2877,전문직,55
USER_8712,박윤호,010-7192-1674,엔지니어,62
USER_8713,서지혜,010-3123-9999,무직,46
USER_8714,박준호,010-8866-5397,자영업,53
USER_8716,한지혜,010-9877-2480,대학생,46
USER_8717,이도현,010-4609-6197,엔지니어,45
USER_8718,김지우,010-3151-6829,직장인,56
USER_8719,박서윤,010-9752-3783,프리랜서,37
USER_8720,정서윤,010-5161-2713,대학생,24
USER_8721,김나영,010-9409-8683,직장인,41
USER_8724,김서윤,010-8255-5962,무직,47
USER_8725,장지혜,010-5912-5101,주부,53
USER_8726,윤현우,010-7463-1445,무직,65
USER_8727,강우진,010-6913-7638,전문직,68
USER_8729,박지혜,010-6751-3344,엔지니어,39
USER_8730,윤채원,010-1922-6438,무직,29
USER_8731,임건우,010-4460-9485,엔지니어,59
USER_8732,정민수,010-7843-3304,주부,58
USER_8734,최예진,010-7264-3227,전문직,61
USER_8735,임준호,010-7538-4688,전문직,39
USER_8738,윤현우,010-6847-6574,주부,26
USER_8739,한건우,010-9538-4290,무직,53
USER_8740,정예진,010-1654-4620,직장인,54
USER_8741,박채원,010-8120-7857,자영업,39
USER_8742,한나영,010-9607-7609,대학생,67
USER_8744,정지혜,010-4029-5340,엔지니어,64
USER_8747,김윤호,010-2337-1826,공무원,53
USER_8748,이지우,010-7973-9316,프리랜서,33
USER_8749,윤도현,010-8502-8862,공무원,42
USER_8750,임채원,010-1757-6324,주부,61
USER_8751,정준호,010-5089-7262,자영업,62
USER_8752,한서윤,010-5245-8364,프리랜서,30
USER_8755,오우진,010-2329-5431,주부,56
USER_8756,최도현,010-4019-9637,프리랜서,61
USER_8757,강도현,010-6969-6007,대학생,56
USER_8759,장건우,010-1200-5462,전문직,59
USER_8760,박채원,010-7327-9757,엔지니어,39
USER_8761,한윤호,010-8538-9517,주부,48
USER_8762,장채원,010-9353-7659,프리랜서,48
USER_8765,한우진,010-1064-9983,대학생,33
USER_8766,서민수,010-8856-2842,전문직,45
USER_8767,박준호,010-2779-7873,전문직,31
USER_8770,오지혜,010-2928-1183,대학생,46
USER_8771,박서윤,010-6479-4787,엔지니어,37
USER_8772,최지혜,010-5424-8536,프리랜서,54
USER_8773,서하은,010-7041-5218,프리랜서,45
USER_8774,조지혜,010-2836-5764,무직,42
USER_8775,박도현,010-6803-2243,엔지니어,58
USER_8777,김지혜,010-3502-7845,프리랜서,46
USER_8778,박준호,010-7080-1541,직장인,63
USER_8779,박우진,010-9319-9706,대학생,58
USER_8781,최하은,010-9681-5388,전문직,39
USER_8782,임현우,010-6246-7363,전문직,43
USER_8783,김하은,010-3309-6349,대학생,45
USER_8787,장현우,010-3372-5804,대학생,51
USER_8788,신예진,010-7485-1680,엔지니어,62
USER_8789,한지혜,010-3539-6726,프리랜서,65
USER_8791,오하은,010-1235-7235,직장인,40
USER_8792,한지혜,010-2665-1692,직장인,65
USER_8797,정준호,010-5716-5112,무직,23
USER_8798,정나영,010-6406-6595,무직,24
USER_8799,오윤호,010-5461-7096,전문직,63
USER_8800,신나영,010-1741-5045,직장인,64
USER_8802,최건우,010-6827-2222,무직,42
USER_8804,조예진,010-4663-8862,무직,65
USER_8806,이현우,010-7841-2344,프리랜서,37
USER_8808,조도현,010-5516-9281,자영업,66
USER_8810,서민수,010-9768-2152,전문직,58
USER_8811,임지우,010-4267-3522,프리랜서,47
USER_8812,박예진,010-6816-2659,엔지니어,42
USER_8817,한준호,010-6743-7401,전문직,35
USER_8818,조채원,010-5217-2576,프리랜서,45
USER_8819,강현우,010-1363-6468,자영업,67
USER_8820,박지우,010-1408-2132,프리랜서,61
USER_8821,윤나영,010-6440-2766,대학생,25
USER_8822,정도현,010-5551-6059,대학생,23
USER_8823,오지혜,010-4240-5905,무직,43
USER_8824,박준호,010-4388-4130,직장인,56
USER_8825,강현우,010-9977-4898,직장인,63
USER_8827,장현우,010-3745-8812,무직,26
USER_8831,김민수,010-8311-9066,무직,30
USER_8832,최윤호,010-4085-8772,전문직,62
USER_8834,한나영,010-2789-4794,프리랜서,43
USER_8835,이예진,010-1011-2209,대학생,21
USER_8837,이서윤,010-2826-3564,공무원,67
USER_8839,정현우,010-4406-2882,주부,61
USER_8840,최윤호,010-6336-8546,공무원,58
USER_8841,최준호,010-6491-2730,프리랜서,45
USER_8842,윤채원,010-1579-9271,공무원,42
USER_8843,신서윤,010-6228-1627,자영업,62
USER_8844,임하은,010-7028-5393,전문직,53
USER_8845,정나영,010-1052-1496,엔지니어,26
USER_8847,박준호,010-1938-3610,공무원,35
USER_8848,서윤호,010-5557-8460,무직,32
USER_8849,강우진,010-2464-5340,주부,40
USER_8850,임우진,010-4000-9230,자영업,62
USER_8851,이나영,010-1912-1488,직장인,43
USER_8852,임도현,010-8809-8154,자영업,56
USER_8853,조나영,010-6454-2451,대학생,25
USER_8855,박민수,010-4440-9910,엔지니어,65
USER_8856,윤지우,010-3625-6730,무직,36
USER_8857,최윤호,010-3471-6838,엔지니어,29
USER_8858,서현우,010-2221-9561,전문직,28
USER_8859,임하은,010-3065-8475,엔지니어,43
USER_8861,한서윤,010-5302-6490,프리랜서,44
USER_8862,서지우,010-4552-7040,주부,64
USER_8863,신준호,010-6658-6484,대학생,65
USER_8864,조서윤,010-5636-8139,무직,57
USER_8865,임채원,010-5054-1341,전문직,52
USER_8866,이현우,010-2028-8007,프리랜서,37
USER_8867,최채원,010-4035-6221,자영업,49
USER_8868,강지우,010-5619-6912,주부,43
USER_8869,최예진,010-5339-9453,자영업,49
USER_8870,정준호,010-4454-6474,대학생,30
USER_8871,임도현,010-8854-6775,직장인,60
USER_8872,이지혜,010-5247-5274,프리랜서,28
USER_8873,조하은,010-1099-9177,직장인,23
USER_8875,윤지우,010-4036-3510,엔지니어,52
USER_8876,박서윤,010-9222-2345,무직,33
USER_8878,이현우,010-5915-1318,엔지니어,58
USER_8880,조건우,010-9340-3910,주부,43
USER_8884,강지우,010-4969-9840,프리랜서,39
USER_8886,김현우,010-7284-9751,대학생,22
USER_8889,오예진,010-3287-3726,엔지니어,30
USER_8890,한서윤,010-4433-8825,주부,62
USER_8891,임지혜,010-5880-7571,주부,57
USER_8892,서하은,010-1300-1553,대학생,33
USER_8893,이우진,010-1426-3400,공무원,27
USER_8894,정준호,010-6599-3701,직장인,59
USER_8895,박나영,010-9313-3583,전문직,55
USER_8896,윤채원,010-8507-5629,전문직,31
USER_8897,한하은,010-7405-9589,직장인,42
USER_8899,서준호,010-3582-3105,엔지니어,65
USER_8900,조예진,010-3114-5655,자영업,38
USER_8901,서도현,010-8820-4971,전문직,38
USER_8902,박서윤,010-2671-2635,무직,41
USER_8903,신준호,010-1693-8877,주부,48
USER_8904,김도현,010-9802-2474,공무원,32
USER_8906,임도현,010-7493-8836,공무원,55
USER_8907,박서윤,010-8706-7514,주부,48
USER_8908,조우진,010-5051-6136,무직,23
USER_8909,임준호,010-2086-8871,무직,52
USER_8910,정지혜,010-7546-8581,대학생,55
USER_8912,박현우,010-8007-8905,전문직,59
USER_8913,최준호,010-5481-7997,자영업,57
USER_8914,윤준호,010-4238-2813,전문직,32
USER_8916,신우진,010-6472-3002,자영업,44
USER_8917,조지우,010-2297-8404,전문직,42
USER_8918,오건우,010-7524-8749,대학생,41
USER_8922,조현우,010-4765-3971,프리랜서,29
USER_8926,강지우,010-3486-7140,직장인,64
USER_8927,장나영,010-2925-1171,대학생,23
USER_8928,최건우,010-1119-5340,엔지니어,66
USER_8930,이우진,010-4770-7088,공무원,64
USER_8931,정도현,010-7287-6693,주부,56
USER_8932,한민수,010-2003-6106,자영업,44
USER_8933,신예진,010-5353-8190,프리랜서,37
USER_8935,박우진,010-3465-6761,공무원,47
USER_8936,박건우,010-7260-9466,주부,56
USER_8937,최현우,010-7672-2935,주부,31
USER_8938,한윤호,010-9384-5844,프리랜서,40
USER_8939,박건우,010-5803-4971,무직,65
USER_8940,한지혜,010-1686-2927,프리랜서,29
USER_8941,한예진,010-4655-7527,프리랜서,53
USER_8942,신하은,010-7154-2560,자영업,35
USER_8943,박지혜,010-3881-4617,공무원,65
USER_8944,윤우진,010-2530-1548,주부,27
USER_8946,임나영,010-7391-5559,직장인,25
USER_8947,이현우,010-5109-5558,대학생,40
USER_8948,이예진,010-7624-7540,무직,58
USER_8949,이도현,010-7077-9716,대학생,52
USER_8950,정서윤,010-8956-7684,대학생,25
USER_8951,임현우,010-4933-4003,엔지니어,38
USER_8952,박준호,010-2590-6915,전문직,52
USER_8956,임현우,010-9777-5188,대학생,23
USER_8957,조우진,010-1431-2157,대학생,21
USER_8958,이나영,010-3258-1781,직장인,25
USER_8959,강서윤,010-9032-9424,공무원,65
USER_8960,윤서윤,010-2684-6746,전문직,67
USER_8961,박하은,010-4485-5601,무직,23
USER_8962,윤현우,010-8974-9819,주부,58
USER_8964,정서윤,010-9351-7558,대학생,34
USER_8965,최하은,010-6327-1544,프리랜서,29
USER_8966,서하은,010-5125-5177,프리랜서,51
USER_8969,한윤호,010-1327-5436,프리랜서,60
USER_8971,김하은,010-7484-3957,전문직,65
USER_8972,장나영,010-2382-5570,엔지니어,28
USER_8974,오윤호,010-8001-8029,무직,60
USER_8975,조민수,010-3440-6395,무직,47
USER_8976,박윤호,010-5058-4266,자영업,47
USER_8977,서민수,010-1326-5723,전문직,38
USER_8980,서예진,010-6060-7852,대학생,23
USER_8981,최채원,010-2371-6696,대학생,43
USER_8982,강지혜,010-7104-7525,직장인,26
USER_8987,오건우,010-2269-5689,프리랜서,53
USER_8988,조지우,010-9936-8579,공무원,41
USER_8989,임우진,010-2677-4841,자영업,44
USER_8990,장나영,010-4059-9062,무직,26
USER_8991,김예진,010-7381-1010,무직,58
USER_8992,조윤호,010-3169-6209,대학생,29
USER_8994,오민수,010-1230-6065,무직,25
USER_8995,정도현,010-7931-2266,대학생,22
USER_8998,신하은,010-4040-4065,대학생,55
USER_9000,임서윤,010-4878-5136,무직,45
USER_9001,최예진,010-1217-1711,자영업,39
USER_9004,김서윤,010-2652-6398,전문직,27
USER_9007,김준호,010-2396-1012,무직,47
USER_9009,오우진,010-3216-3795,대학생,48
USER_9010,한서윤,010-4613-3914,대학생,55
USER_9011,조나영,010-4504-6420,직장인,64
USER_9013,임민수,010-6769-6706,직장인,48
USER_9015,최예진,010-1644-7397,직장인,43
USER_9017,윤우진,010-9872-2486,공무원,52
USER_9018,서민수,010-2534-5935,프리랜서,66
USER_9019,임지혜,010-7663-9215,무직,67
USER_9021,이예진,010-9691-3864,공무원,64
USER_9022,이준호,010-7385-2920,무직,37
USER_9023,오지혜,010-9023-1553,전문직,27
USER_9024,이건우,010-4367-2153,전문직,56
USER_9026,장나영,010-5937-4021,공무원,39
USER_9028,박민수,010-7219-1799,자영업,29
USER_9031,조나영,010-5204-9526,프리랜서,51
USER_9032,임채원,010-3925-9328,공무원,32
USER_9033,신우진,010-1359-5108,무직,36
USER_9035,오나영,010-4322-2221,주부,32
USER_9036,윤하은,010-9022-8868,주부,33
USER_9039,오건우,010-4493-3668,대학생,21
USER_9040,김우진,010-3787-2350,주부,46
USER_9041,한지혜,010-6479-3416,전문직,48
USER_9043,이준호,010-3982-7890,전문직,62
USER_9044,오민수,010-6400-3769,주부,48
USER_9046,장건우,010-5761-1301,자영업,55
USER_9048,임지우,010-5312-2247,프리랜서,65
USER_9049,오준호,010-4970-7308,전문직,26
USER_9050,오채원,010-7744-3867,전문직,28
USER_9052,조서윤,010-7360-1784,공무원,49
USER_9056,강윤호,010-1639-3018,자영업,36
USER_9057,장지우,010-8776-2272,자영업,36
USER_9058,조도현,010-1406-8240,대학생,44
USER_9059,임건우,010-3926-7171,무직,20
USER_9061,서우진,010-3124-8153,주부,43
USER_9062,정현우,010-1878-3178,프리랜서,50
USER_9063,정건우,010-1171-5287,공무원,51
USER_9066,이서윤,010-4014-4966,자영업,26
USER_9068,김도현,010-1751-9722,주부,41
USER_9069,최민수,010-3393-9921,무직,42
USER_9070,임지혜,010-2345-6630,프리랜서,52
USER_9071,이나영,010-4382-1889,무직,63
USER_9072,한도현,010-6949-8713,공무원,61
USER_9076,강하은,010-4026-3264,공무원,41
USER_9079,임현우,010-3175-9930,프리랜서,63
USER_9081,오지우,010-4190-6108,대학생,35
USER_9082,최하은,010-7312-8388,전문직,41
USER_9085,박민수,010-2710-7040,무직,41
USER_9086,박도현,010-6818-5873,엔지니어,48
USER_9087,신하은,010-2131-7199,무직,26
USER_9088,강윤호,010-3736-4799,직장인,41
USER_9090,조민수,010-1184-6053,전문직,41
USER_9091,장지우,010-8769-2941,엔지니어,48
USER_9092,이도현,010-6538-2146,자영업,39
USER_9093,김예진,010-9019-5891,대학생,20
USER_9094,윤준호,010-3180-6498,프리랜서,65
USER_9095,윤민수,010-8451-6251,대학생,61
USER_9096,박우진,010-6168-8073,프리랜서,59
USER_9097,윤도현,010-6598-2187,무직,67
USER_9098,신지우,010-4121-3451,직장인,41
USER_9099,한현우,010-2601-4819,직장인,22
USER_9100,박지우,010-1494-1628,공무원,27
USER_9102,이민수,010-8405-1376,자영업,44
USER_9103,한윤호,010-9670-7325,무직,20
USER_9104,김우진,010-5867-6276,전문직,46
USER_9105,박건우,010-2343-4043,자영업,29
USER_9106,최서윤,010-1213-9165,주부,67
USER_9107,한민수,010-1630-2470,프리랜서,33
USER_9108,최채원,010-2082-1557,직장인,57
USER_9109,윤지우,010-1730-5672,엔지니어,45
USER_9111,오도현,010-6390-2472,무직,64
USER_9112,한우진,010-6234-3529,공무원,28
USER_9114,강도현,010-7711-1533,자영업,67
USER_9116,정현우,010-9733-9193,직장인,33
USER_9117,한지우,010-3423-1405,공무원,30
USER_9118,최민수,010-2820-4842,대학생,53
USER_9119,임지혜,010-4569-8914,엔지니어,61
USER_9121,강현우,010-8669-2735,무직,33
USER_9122,박민수,010-1868-2189,프리랜서,26
USER_9123,한민수,010-3001-4239,자영업,67
USER_9124,이민수,010-5853-6096,프리랜서,46
USER_9126,윤현우,010-1386-4179,엔지니어,52
USER_9127,이민수,010-4194-4414,프리랜서,32
USER_9128,강나영,010-1499-8281,공무원,55
USER_9130,강준호,010-4860-2304,무직,68
USER_9131,이우진,010-1622-4230,무직,41
USER_9133,장지혜,010-8128-5567,전문직,61
USER_9134,오채원,010-3750-2474,전문직,63
USER_9135,조민수,010-7950-1511,대학생,27
USER_9136,박준호,010-9889-4040,엔지니어,44
USER_9137,조건우,010-1088-3379,무직,61
USER_9138,조준호,010-1217-7284,공무원,34
USER_9139,조윤호,010-3017-8281,공무원,43
USER_9140,김하은,010-3562-6802,직장인,64
USER_9143,이나영,010-2018-7281,직장인,20
USER_9144,윤예진,010-1117-4804,자영업,41
USER_9147,정채원,010-5550-8946,자영업,53
USER_9148,오나영,010-5563-3800,공무원,40
USER_9149,서민수,010-6982-9496,엔지니어,39
USER_9150,이하은,010-6832-4911,자영업,51
USER_9151,조서윤,010-8234-2473,전문직,59
USER_9153,조민수,010-5836-2699,대학생,30
USER_9154,오현우,010-8671-2141,무직,37
USER_9155,이지우,010-7285-7633,엔지니어,60
USER_9156,이준호,010-6852-6698,대학생,66
USER_9157,서건우,010-9169-1782,직장인,65
USER_9159,임준호,010-3402-9881,프리랜서,54
USER_9160,윤우진,010-9088-3684,전문직,60
USER_9161,한지혜,010-6575-6612,프리랜서,54
USER_9162,조윤호,010-7389-3680,프리랜서,34
USER_9163,박서윤,010-9697-6681,엔지니어,33
USER_9165,임나영,010-7653-7798,무직,28
USER_9167,오하은,010-1176-5728,무직,30
USER_9169,오도현,010-5092-7050,공무원,29
USER_9170,강윤호,010-5974-5101,주부,38
USER_9172,서윤호,010-4778-8993,자영업,33
USER_9175,서채원,010-8353-4012,대학생,61
USER_9178,정현우,010-2175-7122,전문직,39
USER_9179,조건우,010-4630-1795,공무원,63
USER_9180,최윤호,010-5586-1126,직장인,35
USER_9183,윤하은,010-4764-7007,공무원,27
USER_9186,신우진,010-3702-7643,대학생,30
USER_9187,조지혜,010-4182-1139,프리랜서,54
USER_9189,조우진,010-8838-1155,전문직,39
USER_9190,신채원,010-9383-9505,직장인,25
USER_9191,정서윤,010-9360-4113,자영업,53
USER_9193,오현우,010-1433-8951,무직,58
USER_9196,박서윤,010-5936-3465,자영업,48
USER_9201,한하은,010-8328-4817,대학생,23
USER_9202,박건우,010-8101-9046,무직,30
USER_9203,김서윤,010-6550-8300,프리랜서,66
USER_9205,정예진,010-6263-6095,대학생,20
USER_9206,오지혜,010-7800-7323,전문직,38
USER_9208,조준호,010-1754-5349,대학생,47
USER_9209,윤윤호,010-1747-3493,주부,63
USER_9211,정건우,010-9496-7893,자영업,27
USER_9212,서예진,010-7122-5477,직장인,25
USER_9213,장현우,010-7801-4235,자영업,38
USER_9214,정현우,010-3461-1552,자영업,48
USER_9215,정예진,010-7764-9252,프리랜서,46
USER_9216,이윤호,010-9731-6716,프리랜서,66
USER_9218,정서윤,010-5367-3434,전문직,65
USER_9219,신서윤,010-5209-9543,전문직,54
USER_9220,장지혜,010-8064-8004,공무원,39
USER_9221,윤민수,010-4809-2283,대학생,57
USER_9222,서지혜,010-3270-4013,전문직,32
USER_9223,신건우,010-2804-6733,대학생,26
USER_9227,임지우,010-4669-1595,자영업,41
USER_9228,김민수,010-7431-8947,직장인,45
USER_9229,장윤호,010-2624-3321,공무원,53
USER_9231,임도현,010-7052-3598,대학생,51
USER_9232,서나영,010-1477-2945,자영업,30
USER_9233,장지우,010-6496-9735,무직,58
USER_9234,정서윤,010-6482-1888,무직,20
USER_9236,임현우,010-6181-8787,주부,44
USER_9237,박준호,010-1207-8938,대학생,22
USER_9239,박윤호,010-4908-4690,주부,55
USER_9240,한예진,010-6770-9361,전문직,52
USER_9242,임건우,010-8038-2145,자영업,29
USER_9246,정서윤,010-7744-6389,엔지니어,52
USER_9247,김준호,010-1355-4356,대학생,21
USER_9249,장도현,010-7442-5460,프리랜서,40
USER_9250,이민수,010-8521-5999,엔지니어,54
USER_9251,최건우,010-3039-4247,주부,65
USER_9253,조지혜,010-2758-1813,공무원,64
USER_9254,박윤호,010-1378-9014,무직,49
USER_9256,신예진,010-7956-7457,무직,26
USER_9257,강도현,010-7323-2940,직장인,48
USER_9258,이윤호,010-4004-1532,주부,33
USER_9259,서준호,010-8204-3132,프리랜서,42
USER_9260,최건우,010-4575-6962,무직,62
USER_9264,강나영,010-9043-9151,대학생,24
USER_9265,임준호,010-8127-6420,프리랜서,42
USER_9266,이우진,010-5848-5315,무직,25
USER_9268,윤윤호,010-4204-2851,직장인,50
USER_9269,윤민수,010-6441-7835,무직,58
USER_9275,장지혜,010-1617-3430,주부,59
USER_9276,신지우,010-6275-6574,주부,34
USER_9277,신서윤,010-7462-8808,공무원,61
USER_9278,한도현,010-9474-3821,전문직,50
USER_9279,서서윤,010-8156-2762,프리랜서,56
USER_9280,이채원,010-5613-9638,자영업,66
USER_9283,김서윤,010-3258-6185,무직,44
USER_9285,조채원,010-9531-7901,주부,56
USER_9286,최나영,010-1127-4767,전문직,50
USER_9288,정채원,010-7657-3498,대학생,47
USER_9289,강건우,010-7466-9176,대학생,41
USER_9290,오서윤,010-6909-4023,공무원,26
USER_9292,김지우,010-7662-2126,엔지니어,31
USER_9294,최지우,010-1053-6682,직장인,40
USER_9297,최현우,010-7700-8644,전문직,34
USER_9298,오예진,010-4625-9283,전문직,36
USER_9299,조윤호,010-4158-2998,전문직,55
USER_9301,정건우,010-1425-2417,공무원,50
USER_9303,윤서윤,010-9529-7996,주부,61
USER_9305,김준호,010-4831-2919,직장인,68
USER_9307,정지혜,010-3696-7636,엔지니어,42
USER_9308,박서윤,010-6704-6318,프리랜서,41
USER_9309,윤하은,010-9108-3183,직장인,45
USER_9310,이채원,010-5712-7861,프리랜서,68
USER_9311,강윤호,010-4568-1679,엔지니어,53
USER_9313,윤하은,010-2334-9904,프리랜서,68
USER_9314,김나영,010-9958-7550,프리랜서,50
USER_9315,신지혜,010-2371-7153,프리랜서,28
USER_9317,신윤호,010-5748-8571,직장인,45
USER_9320,정윤호,010-4444-1393,무직,68
USER_9321,신현우,010-3343-5700,프리랜서,67
USER_9322,강나영,010-8226-7936,무직,66
USER_9323,윤예진,010-1584-2124,직장인,34
USER_9324,이나영,010-2862-1249,주부,60
USER_9325,임예진,010-5622-8463,직장인,39
USER_9326,오건우,010-7608-9899,프리랜서,43
USER_9327,오윤호,010-8354-1964,엔지니어,45
USER_9328,최지우,010-8573-7798,직장인,52
USER_9329,장준호,010-2852-9931,자영업,38
USER_9331,이서윤,010-8278-9036,자영업,68
USER_9334,임지혜,010-2465-7209,대학생,28
USER_9335,이하은,010-6901-7444,엔지니어,31
USER_9336,한민수,010-5846-1450,엔지니어,53
USER_9338,서민수,010-8420-7657,대학생,21
USER_9339,신현우,010-6672-2318,주부,34
USER_9341,이준호,010-4066-1827,대학생,45
USER_9344,최지우,010-3055-8246,자영업,27
USER_9345,최윤호,010-8188-9821,대학생,24
USER_9347,조건우,010-2832-5323,자영업,61
USER_9348,조도현,010-5346-7950,프리랜서,32
USER_9349,최지혜,010-2472-2212,프리랜서,66
USER_9352,이채원,010-3002-1300,엔지니어,38
USER_9354,윤예진,010-6576-2026,대학생,61
USER_9355,한민수,010-4444-9689,전문직,38
USER_9357,신우진,010-3286-4549,자영업,45
USER_9359,박현우,010-2558-7931,엔지니어,45
USER_9361,김나영,010-7440-4519,직장인,25
USER_9363,한민수,010-9932-1088,직장인,38
USER_9364,장건우,010-8800-9227,전문직,28
USER_9365,조도현,010-1695-5897,주부,39
USER_9366,박민수,010-1573-9841,전문직,62
USER_9367,윤예진,010-5855-1025,엔지니어,39
USER_9369,신예진,010-6676-1150,프리랜서,62
USER_9370,임지혜,010-4772-6605,직장인,41
USER_9371,박준호,010-1083-7033,공무원,41
USER_9372,오서윤,010-3835-2513,대학생,20
USER_9373,강도현,010-7738-9770,무직,27
USER_9374,최서윤,010-6611-9581,전문직,27
USER_9375,오서윤,010-6488-7251,공무원,51
USER_9378,조지우,010-7254-6350,프리랜서,57
USER_9379,장나영,010-6999-6092,공무원,58
USER_9380,임우진,010-5315-2540,대학생,46
USER_9381,오채원,010-2803-1553,자영업,65
USER_9384,강서윤,010-4471-9062,프리랜서,28
USER_9385,정우진,010-2201-2188,공무원,51
USER_9387,신예진,010-9546-1384,엔지니어,41
USER_9388,조우진,010-2611-3224,주부,61
USER_9389,정준호,010-1721-6709,공무원,47
USER_9390,서현우,010-5576-2924,대학생,59
USER_9391,한채원,010-6460-7573,자영업,63
USER_9392,김서윤,010-6109-2889,무직,25
USER_9393,김채원,010-4315-2828,프리랜서,34
USER_9395,서지혜,010-6971-9355,프리랜서,35
USER_9397,한지혜,010-5780-4508,대학생,25
USER_9398,신민수,010-2123-1604,전문직,61
USER_9400,이우진,010-6890-7393,전문직,58
USER_9401,김우진,010-8828-1296,전문직,43
USER_9402,박윤호,010-1092-4627,전문직,52
USER_9404,오지혜,010-5475-6347,직장인,23
USER_9405,조지우,010-6044-3309,전문직,35
USER_9406,이민수,010-4687-4867,자영업,38
USER_9407,조지혜,010-9395-7289,무직,23
USER_9409,신채원,010-1413-8953,직장인,59
USER_9410,조나영,010-5450-4180,엔지니어,46
USER_9412,최지우,010-7586-2054,대학생,20
USER_9413,강윤호,010-1291-9520,엔지니어,37
USER_9415,오하은,010-6946-1903,엔지니어,34
USER_9417,임서윤,010-7325-3319,대학생,53
USER_9418,장하은,010-1045-3204,직장인,58
USER_9421,강건우,010-6477-4418,대학생,25
USER_9422,조예진,010-9840-9439,공무원,37
USER_9423,최건우,010-5947-4002,전문직,55
USER_9424,이건우,010-5077-1469,공무원,53
USER_9426,김민수,010-3536-3823,전문직,56
USER_9428,한우진,010-3622-8054,공무원,30
USER_9430,윤민수,010-2017-6218,무직,53
USER_9431,임현우,010-7514-1741,주부,26
USER_9432,서건우,010-8673-2689,대학생,24
USER_9435,임민수,010-7870-7357,프리랜서,62
USER_9438,장채원,010-1690-3019,엔지니어,52
USER_9440,박예진,010-8710-3868,자영업,64
USER_9443,정도현,010-1758-1412,무직,23
USER_9444,오현우,010-9827-4437,직장인,29
USER_9445,조지우,010-9615-2229,대학생,23
USER_9446,한윤호,010-4419-1966,자영업,41
USER_9447,조민수,010-3233-3695,대학생,51
USER_9451,강지우,010-2767-5796,자영업,49
USER_9452,신준호,010-1383-5016,공무원,40
USER_9453,조예진,010-1970-1969,무직,49
USER_9454,이나영,010-4977-6567,엔지니어,40
USER_9456,오건우,010-7808-5537,주부,52
USER_9457,신우진,010-6793-5191,대학생,48
USER_9458,임윤호,010-5407-4299,전문직,65
USER_9459,윤우진,010-2297-6315,프리랜서,35
USER_9460,조도현,010-9406-4998,무직,67
USER_9461,서준호,010-6359-6383,주부,32
USER_9462,윤나영,010-6268-6930,전문직,38
USER_9463,이우진,010-7152-7916,주부,38
USER_9464,장예진,010-6543-7828,전문직,38
USER_9466,최서윤,010-7621-8481,프리랜서,65
USER_9467,김채원,010-9688-2963,주부,37
USER_9468,정예진,010-5864-8857,주부,31
USER_9469,신나영,010-8664-4357,대학생,50
USER_9470,서준호,010-5969-4106,대학생,57
USER_9471,강하은,010-5073-7482,프리랜서,47
USER_9472,최윤호,010-7717-9623,공무원,37
USER_9473,최준호,010-9038-6366,전문직,48
USER_9475,신하은,010-1053-8109,무직,29
USER_9476,정채원,010-8540-5567,무직,27
USER_9477,한우진,010-2701-8534,무직,35
USER_9478,김민수,010-5502-9625,직장인,63
USER_9479,정준호,010-2883-9870,프리랜서,28
USER_9481,강건우,010-6604-1260,대학생,55
USER_9483,윤나영,010-3341-3584,엔지니어,32
USER_9484,윤우진,010-6717-4924,직장인,24
USER_9485,정지혜,010-8982-2015,대학생,43
USER_9486,오지혜,010-7064-6374,대학생,25
USER_9487,정윤호,010-9346-7539,직장인,44
USER_9488,오우진,010-6751-2732,무직,25
USER_9489,강윤호,010-3475-7219,대학생,64
USER_9491,서하은,010-6176-4845,무직,38
USER_9492,윤하은,010-4447-9698,공무원,61
USER_9493,이건우,010-2404-4264,직장인,54
USER_9494,한민수,010-9270-2994,엔지니어,42
USER_9495,정채원,010-4942-2533,대학생,44
USER_9496,김채원,010-7164-2519,무직,22
USER_9497,김지혜,010-4031-6471,직장인,21
USER_9498,조윤호,010-9585-4792,엔지니어,60
USER_9499,강채원,010-5405-9553,공무원,27
USER_9500,김우진,010-5450-8330,대학생,33
USER_9501,한서윤,010-3892-3206,자영업,56
USER_9504,장현우,010-6511-7078,공무원,62
USER_9506,최우진,010-8586-3486,자영업,55
USER_9507,윤하은,010-4351-3227,직장인,64
USER_9508,오현우,010-3375-6140,대학생,25
USER_9509,신우진,010-9528-6844,무직,54
USER_9510,임준호,010-2303-6644,프리랜서,44
USER_9512,장건우,010-1347-6189,공무원,54
USER_9514,최건우,010-8766-8244,주부,55
USER_9515,조지우,010-5312-8810,무직,24
USER_9516,정하은,010-9680-1497,자영업,43
USER_9517,임예진,010-9136-1953,주부,63
USER_9518,정지우,010-6665-7669,공무원,66
USER_9521,조윤호,010-4052-2542,대학생,63
USER_9522,정예진,010-1736-1912,대학생,21
USER_9523,오민수,010-4397-1916,자영업,53
USER_9524,한서윤,010-8631-7419,공무원,62
USER_9527,한우진,010-9000-4731,대학생,66
USER_9528,정민수,010-5462-5244,공무원,58
USER_9529,최나영,010-8593-6861,대학생,21
USER_9532,정나영,010-4378-9823,주부,62
USER_9533,윤나영,010-6701-9360,대학생,62
USER_9535,윤나영,010-4612-2059,무직,45
USER_9536,윤건우,010-8155-4183,프리랜서,55
USER_9537,윤서윤,010-5752-5996,무직,29
USER_9538,정건우,010-7815-5479,직장인,22
USER_9539,정하은,010-8719-2156,전문직,50
USER_9540,장우진,010-2230-8770,직장인,31
USER_9542,오건우,010-1106-9081,프리랜서,45
USER_9543,정예진,010-6080-8890,공무원,30
USER_9545,서예진,010-4995-7406,직장인,60
USER_9546,오지혜,010-2579-5965,전문직,47
USER_9547,김지우,010-2218-4938,무직,21
USER_9548,한서윤,010-3226-1563,프리랜서,29
USER_9549,윤도현,010-1849-7571,공무원,50
USER_9550,이지우,010-9170-7524,자영업,45
USER_9551,윤건우,010-6862-1265,주부,35
USER_9552,최서윤,010-3840-5042,무직,57
USER_9553,장준호,010-8562-6871,직장인,22
USER_9555,한예진,010-5460-7604,프리랜서,46
USER_9556,한지혜,010-2662-9078,공무원,41
USER_9559,오현우,010-5497-2030,엔지니어,49
USER_9560,정예진,010-4185-8477,공무원,56
USER_9561,강민수,010-1511-8379,전문직,67
USER_9563,신지혜,010-7689-5927,공무원,49
USER_9564,이건우,010-7689-1168,직장인,51
USER_9565,임서윤,010-8684-1989,자영업,53
USER_9569,신지우,010-2328-3873,무직,20
USER_9570,윤현우,010-6595-5132,공무원,54
USER_9572,이나영,010-5494-2221,무직,40
USER_9575,정도현,010-2380-9532,직장인,28
USER_9576,박준호,010-7257-9755,공무원,54
USER_9578,한서윤,010-9446-8727,전문직,30
USER_9579,임지혜,010-2541-9237,엔지니어,26
USER_9581,윤예진,010-7553-9570,대학생,53
USER_9582,박지혜,010-5341-2383,자영업,40
USER_9585,서서윤,010-1987-3406,주부,67
USER_9586,오서윤,010-2399-8252,직장인,40
USER_9587,최윤호,010-3138-9221,공무원,50
USER_9588,오도현,010-9629-4341,엔지니어,44
USER_9589,서지우,010-2776-1176,무직,20
USER_9590,김도현,010-7826-9108,주부,58
USER_9594,임도현,010-8007-2596,대학생,64
USER_9595,박우진,010-3146-4860,공무원,33
USER_9596,강현우,010-1040-4119,대학생,34
USER_9600,한준호,010-2078-3897,프리랜서,46
USER_9601,이민수,010-9649-6946,공무원,27
USER_9602,강건우,010-7623-9676,전문직,29
USER_9603,최현우,010-5789-2869,엔지니어,61
USER_9606,서하은,010-8787-5032,무직,30
USER_9607,임채원,010-7439-1459,프리랜서,58
USER_9609,정현우,010-8258-4869,주부,68
USER_9611,최건우,010-8713-3453,공무원,26
USER_9612,강우진,010-9760-7461,전문직,49
USER_9614,강나영,010-3418-6543,전문직,29
USER_9615,임서윤,010-3263-9345,자영업,45
USER_9617,조건우,010-5169-9812,대학생,55
USER_9618,신지혜,010-1395-7151,프리랜서,37
USER_9622,강도현,010-2356-7550,엔지니어,45
USER_9623,강채원,010-5851-4372,공무원,43
USER_9625,박준호,010-8828-3587,엔지니어,43
USER_9626,정우진,010-8254-4304,주부,65
USER_9627,서지혜,010-6913-6522,공무원,27
USER_9628,장우진,010-7525-1741,대학생,63
USER_9629,윤예진,010-2089-1971,전문직,49
USER_9630,오우진,010-2556-2086,전문직,62
USER_9632,서지혜,010-1924-8210,직장인,27
USER_9635,최윤호,010-6525-9591,주부,60
USER_9636,임현우,010-3495-1009,직장인,34
USER_9637,박서윤,010-2314-2547,자영업,51
USER_9638,최현우,010-6180-2935,직장인,46
USER_9639,서도현,010-5323-3980,무직,20
USER_9640,신지우,010-4460-3752,무직,41
USER_9641,신채원,010-8533-7205,전문직,39
USER_9642,박지혜,010-7630-7390,대학생,22
USER_9644,오예진,010-5676-4981,엔지니어,64
USER_9645,장현우,010-2584-3623,대학생,49
USER_9646,최윤호,010-8343-1162,무직,25
USER_9647,조하은,010-4986-4191,자영업,64
USER_9648,서민수,010-5884-9994,직장인,58
USER_9649,이서윤,010-5594-2753,공무원,67
USER_9650,박채원,010-2863-9704,무직,30
USER_9651,강우진,010-5740-1383,직장인,55
USER_9652,박우진,010-5381-7310,자영업,26
USER_9653,윤민수,010-7420-8999,직장인,52
USER_9654,조지혜,010-9577-4132,직장인,21
USER_9656,정예진,010-3030-1340,엔지니어,64
USER_9658,장채원,010-5559-8858,프리랜서,65
USER_9659,한서윤,010-4831-4101,대학생,55
USER_9661,서예진,010-7414-4240,공무원,40
USER_9662,한예진,010-9461-5074,자영업,46
USER_9663,최서윤,010-1827-2164,대학생,20
USER_9665,김건우,010-9238-8026,주부,56
USER_9666,윤예진,010-2487-4939,대학생,25
USER_9667,임준호,010-2627-2156,대학생,68
USER_9670,서예진,010-2532-9409,공무원,39
USER_9672,이지혜,010-9130-2250,자영업,31
USER_9673,장예진,010-2724-7792,직장인,24
USER_9674,강건우,010-2957-1816,주부,38
USER_9675,오서윤,010-1148-7804,자영업,51
USER_9678,이서윤,010-1699-2752,프리랜서,53
USER_9679,김나영,010-5373-7428,주부,55
USER_9680,오지우,010-8590-6755,주부,52
USER_9683,임채원,010-5864-8068,무직,39
USER_9684,장나영,010-9135-8257,공무원,40
USER_9686,임우진,010-8318-7293,프리랜서,45
USER_9687,조현우,010-4052-3306,무직,25
USER_9689,이하은,010-5522-7045,직장인,47
USER_9690,신예진,010-7875-6032,직장인,59
USER_9691,윤건우,010-4835-9418,자영업,37
USER_9693,김현우,010-1800-4910,자영업,41
USER_9695,김지우,010-7013-8684,무직,24
USER_9698,강지우,010-1504-9671,엔지니어,55
USER_9700,서지우,010-4339-3373,전문직,48
USER_9701,정지우,010-8548-5809,대학생,22
USER_9702,김하은,010-2621-2822,직장인,29
USER_9703,박도현,010-8647-9658,직장인,27
USER_9705,오도현,010-9873-2138,대학생,41
USER_9706,장예진,010-3237-2552,공무원,30
USER_9707,한현우,010-8919-3715,엔지니어,48
USER_9709,서우진,010-1407-5983,대학생,50
USER_9710,서나영,010-9973-5385,무직,20
USER_9711,김지혜,010-2370-6350,자영업,60
USER_9712,이예진,010-3806-5646,전문직,59
USER_9713,신민수,010-8086-2452,엔지니어,40
USER_9717,신하은,010-7832-7802,대학생,22
USER_9718,박예진,010-9496-6663,대학생,32
USER_9719,정윤호,010-3980-3941,전문직,48
USER_9721,장채원,010-4358-1266,무직,42
USER_9722,김현우,010-6060-5119,공무원,32
USER_9723,최지우,010-2225-6559,전문직,65
USER_9725,이민수,010-7511-4658,자영업,65
USER_9727,조나영,010-4577-6323,무직,62
USER_9729,임우진,010-7928-9141,주부,43
USER_9731,이현우,010-1824-7937,공무원,41
USER_9732,장현우,010-2860-2186,공무원,65
USER_9738,정도현,010-6239-8557,엔지니어,50
USER_9739,신예진,010-7198-4578,엔지니어,40
USER_9740,신나영,010-2751-3828,자영업,58
USER_9742,임채원,010-9943-2782,공무원,49
USER_9743,최지혜,010-6163-7156,주부,30
USER_9744,이나영,010-9537-7574,공무원,30
USER_9745,정건우,010-7922-1091,무직,21
USER_9746,정서윤,010-2799-6196,자영업,62
USER_9748,강윤호,010-1639-2829,대학생,25
USER_9749,강예진,010-6566-2587,주부,68
USER_9750,신윤호,010-7432-7526,자영업,61
USER_9751,서건우,010-4036-9008,직장인,28
USER_9756,강예진,010-1652-8975,대학생,30
USER_9757,장준호,010-7815-9050,직장인,37
USER_9758,강준호,010-5890-8568,공무원,63
USER_9759,서우진,010-9461-2550,자영업,63
USER_9760,박준호,010-4154-2180,엔지니어,48
USER_9762,서지혜,010-7689-8997,대학생,23
USER_9763,윤도현,010-7640-3567,주부,45
USER_9764,정준호,010-8492-4903,공무원,41
USER_9765,장지우,010-3298-6558,프리랜서,57
USER_9766,서나영,010-2983-9063,공무원,40
USER_9767,강지우,010-3805-2796,전문직,63
USER_9769,오준호,010-2612-9666,프리랜서,66
USER_9770,신나영,010-6035-7158,주부,61
USER_9772,강지우,010-3210-1674,엔지니어,66
USER_9773,서민수,010-5469-8661,주부,27
USER_9775,장지우,010-9610-3823,대학생,63
USER_9776,정지우,010-2827-3429,엔지니어,29
USER_9778,정우진,010-1688-4713,직장인,49
USER_9779,장윤호,010-7242-6490,대학생,61
USER_9781,오하은,010-1760-6155,주부,30
USER_9782,한지우,010-7533-4254,자영업,38
USER_9784,신준호,010-2510-1466,직장인,22
USER_9785,박건우,010-4385-7875,전문직,33
USER_9786,장하은,010-3277-9546,무직,61
USER_9787,최채원,010-6567-5249,직장인,39
USER_9789,한하은,010-4060-4913,대학생,22
USER_9791,최하은,010-3110-4497,엔지니어,28
USER_9794,강채원,010-1768-9764,대학생,25
USER_9795,박지혜,010-6250-6688,무직,47
USER_9796,최서윤,010-6974-2134,공무원,61
USER_9797,최민수,010-2774-5876,주부,34
USER_9798,윤민수,010-3407-6250,직장인,50
USER_9799,서나영,010-7758-8110,주부,46
USER_9800,이서윤,010-2361-7555,무직,26
USER_9802,조지혜,010-7384-6281,엔지니어,33
USER_9806,윤하은,010-9158-1386,무직,40
USER_9807,윤채원,010-6632-5161,자영업,41
USER_9809,박채원,010-9024-2824,주부,67
USER_9810,서우진,010-8930-1586,대학생,20
USER_9811,오나영,010-4013-6977,대학생,24
USER_9816,이준호,010-4343-4061,공무원,27
USER_9817,조윤호,010-5686-5579,직장인,41
USER_9818,신예진,010-5956-8788,공무원,48
USER_9820,김서윤,010-6545-2465,직장인,52
USER_9821,박서윤,010-5924-2962,프리랜서,43
USER_9822,최윤호,010-8466-6005,직장인,32
USER_9825,박준호,010-1686-5638,무직,44
USER_9826,조도현,010-9032-4846,대학생,49
USER_9828,윤하은,010-8185-8193,주부,45
USER_9829,윤건우,010-6539-8279,자영업,32
USER_9833,임나영,010-8927-2906,엔지니어,46
USER_9834,윤나영,010-5369-9278,엔지니어,49
USER_9835,박민수,010-6679-8336,대학생,27
USER_9836,서서윤,010-7733-5019,엔지니어,35
USER_9837,최지혜,010-3015-9522,전문직,66
USER_9839,정지우,010-5436-1467,주부,64
USER_9840,정우진,010-1333-6860,주부,27
USER_9842,조나영,010-8751-2480,무직,24
USER_9843,오나영,010-4600-5571,무직,54
USER_9846,박윤호,010-7491-5015,직장인,30
USER_9847,조준호,010-6812-1266,대학생,31
USER_9848,한서윤,010-3033-4204,프리랜서,30
USER_9851,임채원,010-9637-1004,직장인,21
USER_9854,한준호,010-2895-4761,전문직,67
USER_9855,신지혜,010-9092-6603,직장인,51
USER_9857,신나영,010-1742-5595,엔지니어,49
USER_9858,조서윤,010-5344-3572,프리랜서,54
USER_9859,서지혜,010-7918-5601,주부,26
USER_9860,정예진,010-1871-8505,자영업,42
USER_9861,정예진,010-6385-3605,무직,59
USER_9863,장예진,010-4910-8687,직장인,24
USER_9864,정나영,010-3468-1542,직장인,20
USER_9865,윤지혜,010-7264-6289,직장인,23
USER_9866,이우진,010-2355-6948,엔지니어,64
USER_9868,장서윤,010-2374-6460,공무원,32
USER_9870,오준호,010-9453-9232,공무원,46
USER_9871,강현우,010-5591-3511,엔지니어,47
USER_9873,강민수,010-7448-2549,엔지니어,60
USER_9874,최민수,010-4246-7083,프리랜서,44
USER_9875,한민수,010-7490-3951,자영업,49
USER_9876,윤민수,010-9821-6901,엔지니어,41
USER_9878,임건우,010-9004-7269,자영업,56
USER_9879,장하은,010-1309-4958,대학생,39
USER_9880,박준호,010-7203-4277,공무원,28
USER_9881,최나영,010-9190-1853,공무원,63
USER_9883,한서윤,010-8523-6682,무직,58
USER_9884,임현우,010-9173-1962,엔지니어,60
USER_9885,한도현,010-4434-7657,대학생,36
USER_9886,이예진,010-1260-8585,직장인,29
USER_9887,신현우,010-3459-2490,대학생,26
USER_9888,장지혜,010-1851-2309,주부,56
USER_9890,임서윤,010-9191-3179,공무원,59
USER_9892,강채원,010-4098-2927,무직,65
USER_9893,한준호,010-3906-5704,대학생,36
USER_9894,이지우,010-1449-2053,공무원,62
USER_9895,정건우,010-6551-2937,공무원,48
USER_9896,서건우,010-5648-7683,직장인,39
USER_9898,서나영,010-1146-5136,자영업,33
USER_9901,장지우,010-7324-6377,무직,30
USER_9902,서채원,010-7822-9308,대학생,35
USER_9903,김도현,010-7572-8851,프리랜서,68
USER_9904,조현우,010-1073-7199,주부,38
USER_9905,장지혜,010-4408-9312,대학생,34
USER_9906,한나영,010-8977-5742,무직,38
USER_9907,윤도현,010-9062-2422,대학생,46
USER_9908,조도현,010-6110-3772,자영업,57
USER_9909,오하은,010-9068-4008,대학생,32
USER_9911,오현우,010-4244-2941,직장인,66
USER_9912,최현우,010-6454-3909,직장인,32
USER_9913,김서윤,010-6561-4798,무직,56
USER_9914,조하은,010-2755-1030,프리랜서,39
USER_9915,박우진,010-1863-4184,공무원,56
USER_9916,한하은,010-5457-5114,자영업,67
USER_9917,김준호,010-8414-7386,주부,38
USER_9918,신채원,010-5556-6949,무직,59
USER_9919,윤하은,010-8611-4790,자영업,54
USER_9920,박도현,010-9190-7624,무직,30
USER_9923,강예진,010-7999-3191,대학생,56
USER_9925,김현우,010-2529-9825,무직,37
USER_9926,오채원,010-1053-7782,전문직,61
USER_9927,윤하은,010-5608-4147,대학생,23
USER_9929,박도현,010-5037-1826,대학생,21
USER_9930,조현우,010-3801-9645,대학생,23
USER_9931,신준호,010-1554-8212,엔지니어,27
USER_9932,장하은,010-7936-8518,프리랜서,48
USER_9933,장나영,010-3645-9426,엔지니어,32
USER_9934,한우진,010-4554-9379,프리랜서,43
USER_9935,김현우,010-3439-3271,프리랜서,26
USER_9938,최민수,010-9153-6366,무직,66
USER_9940,서현우,010-6568-6360,무직,25
USER_9941,윤민수,010-9395-1555,대학생,31
USER_9944,서현우,010-9540-7256,엔지니어,68
USER_9947,김민수,010-5330-8183,무직,35
USER_9948,강나영,010-6159-1652,전문직,57
USER_9949,한나영,010-3617-1958,대학생,21
USER_9950,강민수,010-1041-9018,엔지니어,44
USER_9951,김서윤,010-6893-4972,직장인,48
USER_9953,조우진,010-9403-3884,공무원,54
USER_9954,이준호,010-1809-1668,대학생,25
USER_9956,한윤호,010-2371-1837,직장인,51
USER_9957,신우진,010-8593-2541,직장인,41
USER_9958,김윤호,010-1522-2421,직장인,24
USER_9960,서나영,010-3418-1895,직장인,41
USER_9961,장나영,010-6098-8819,공무원,28
USER_9962,이현우,010-8926-3900,무직,62
USER_9963,강민수,010-4756-7513,공무원,46
USER_9965,박나영,010-2395-8638,대학생,66
USER_9968,한민수,010-2505-3135,주부,50
USER_9969,장나영,010-7295-9841,무직,52
USER_9970,임윤호,010-9191-8577,공무원,66
USER_9971,정서윤,010-7658-1055,무직,22
USER_9972,정예진,010-4708-6434,전문직,58
USER_9973,최지우,010-3901-9433,공무원,29
USER_9976,서서윤,010-8820-5799,직장인,40
USER_9978,한서윤,010-4156-6560,대학생,60
USER_9979,조준호,010-8182-7948,공무원,53
USER_9980,박윤호,010-6587-4057,무직,25
USER_9982,이우진,010-3716-4012,자영업,45
USER_9985,강나영,010-4969-2420,직장인,55
USER_9986,윤예진,010-1877-1779,엔지니어,63
USER_9987,서현우,010-3198-6404,무직,22
USER_9988,신예진,010-4737-9634,프리랜서,65
USER_9989,박예진,010-8091-6160,주부,47
USER_9990,김민수,010-9621-8721,대학생,57
USER_9991,한현우,010-7359-1854,주부,59
USER_9992,장나영,010-7976-9104,직장인,35
USER_9993,조하은,010-4275-9256,자영업,64
USER_9994,조준호,010-1470-1049,대학생,47
USER_9995,윤나영,010-8899-4716,엔지니어,36
USER_9998,정건우,010-8011-1316,무직,63
USER_9999,이윤호,010-2994-2886,공무원,65
USER_10000,양호준,01012345741,-,0
USER_10001,한원석,010-6443-5112,-,0
USER_10002,포빅아32기,010-0000-0797,-,0
